Workbook

Sheet DASHBOARD
B2: colo ritmo · hospital da criança de brasília
B3: painel da escala · outubro de 2026
B5: toda contagem aqui é fórmula das abas mensais — digitou um código na escala, este painel se refaz sozinho.
B8: o mês que vai publicar · outubro
B9: BURACOS DE COBERTURA NO MÊS | E9: DIAS COMPLETOS | G9: ALERTAS DE 18H | I9: FORA DA META | K9: CONVOCAÇÕES | M9: HORAS NOTURNAS
B10: =IF(COUNTA(OUT!$C$8:$AG$73)>0,SUM(OUT!$C$78:$AG$78)+SUM(OUT!$C$79:$AG$79)+SUM(OUT!$C$80:$AG$80),"") | E10: =IF(COUNTA(OUT!$C$8:$AG$73)>0,SUMPRODUCT((OUT!$C$78:$AG$78+OUT!$C$79:$AG$79+OUT!$C$80:$AG$80=0)*(OUT!$C$78:$AG$78<>"")),"")&"/"&COUNT(OUT!$C$2:$AG$2) | G10: =SUM(OUT!$AN$8:$AN$73) | I10: =SUMPRODUCT(--(ABS(OUT!$AM$8:$AM$73)>12)) | K10: =IFERROR(SUM(CONVOCAÇÕES!$B$6:$B$60),0) | M10: =COUNTIF(OUT!$C$8:$AG$73,"N")*7+COUNTIF(OUT!$C$8:$AG$73,"NT")*3
B12: soma de tudo que falta pro mínimo, somando os três turnos e os 31 dias | E12: dias em que os três turnos bateram o mínimo | G12: o alvo é zero · art. 66 CLT | I12: pessoas com mais de 12h de desvio, pra cima ou pra baixo | K12: entraram fora da própria preferência · geram crédito | M12: janela 22h–05h · insumo do adicional noturno
B14: o ano · para comparar
B15: as regras duras apertaram junto com a mudança de abril, e funcionou: os alertas de 18h caíram de ~15 por mês para ~2.
B17: mês | C17: alertas 18h | D17: buracos | E17: dias completos | F17: manhã | G17: tarde | H17: noite | I17: horas noturnas
B18: jan | C18: ='DADOS DASH'!B5 | D18: ='DADOS DASH'!C5 | E18: ='DADOS DASH'!D5 | F18: ='DADOS DASH'!E5 | G18: ='DADOS DASH'!F5 | H18: ='DADOS DASH'!G5 | I18: ='DADOS DASH'!I5
B19: fev | C19: ='DADOS DASH'!B6 | D19: ='DADOS DASH'!C6 | E19: ='DADOS DASH'!D6 | F19: ='DADOS DASH'!E6 | G19: ='DADOS DASH'!F6 | H19: ='DADOS DASH'!G6 | I19: ='DADOS DASH'!I6
B20: mar | C20: ='DADOS DASH'!B7 | D20: ='DADOS DASH'!C7 | E20: ='DADOS DASH'!D7 | F20: ='DADOS DASH'!E7 | G20: ='DADOS DASH'!F7 | H20: ='DADOS DASH'!G7 | I20: ='DADOS DASH'!I7
B21: abr | C21: ='DADOS DASH'!B8 | D21: ='DADOS DASH'!C8 | E21: ='DADOS DASH'!D8 | F21: ='DADOS DASH'!E8 | G21: ='DADOS DASH'!F8 | H21: ='DADOS DASH'!G8 | I21: ='DADOS DASH'!I8
B22: mai | C22: ='DADOS DASH'!B9 | D22: ='DADOS DASH'!C9 | E22: ='DADOS DASH'!D9 | F22: ='DADOS DASH'!E9 | G22: ='DADOS DASH'!F9 | H22: ='DADOS DASH'!G9 | I22: ='DADOS DASH'!I9
B23: jun | C23: ='DADOS DASH'!B10 | D23: ='DADOS DASH'!C10 | E23: ='DADOS DASH'!D10 | F23: ='DADOS DASH'!E10 | G23: ='DADOS DASH'!F10 | H23: ='DADOS DASH'!G10 | I23: ='DADOS DASH'!I10
B24: jul | C24: ='DADOS DASH'!B11 | D24: ='DADOS DASH'!C11 | E24: ='DADOS DASH'!D11 | F24: ='DADOS DASH'!E11 | G24: ='DADOS DASH'!F11 | H24: ='DADOS DASH'!G11 | I24: ='DADOS DASH'!I11
B25: ago | C25: ='DADOS DASH'!B12 | D25: ='DADOS DASH'!C12 | E25: ='DADOS DASH'!D12 | F25: ='DADOS DASH'!E12 | G25: ='DADOS DASH'!F12 | H25: ='DADOS DASH'!G12 | I25: ='DADOS DASH'!I12
B26: set | C26: ='DADOS DASH'!B13 | D26: ='DADOS DASH'!C13 | E26: ='DADOS DASH'!D13 | F26: ='DADOS DASH'!E13 | G26: ='DADOS DASH'!F13 | H26: ='DADOS DASH'!G13 | I26: ='DADOS DASH'!I13
B27: out | C27: ='DADOS DASH'!B14 | D27: ='DADOS DASH'!C14 | E27: ='DADOS DASH'!D14 | F27: ='DADOS DASH'!E14 | G27: ='DADOS DASH'!F14 | H27: ='DADOS DASH'!G14 | I27: ='DADOS DASH'!I14
B28: nov | C28: ='DADOS DASH'!B15 | D28: ='DADOS DASH'!C15 | E28: ='DADOS DASH'!D15 | F28: ='DADOS DASH'!E15 | G28: ='DADOS DASH'!F15 | H28: ='DADOS DASH'!G15 | I28: ='DADOS DASH'!I15
B29: dez | C29: ='DADOS DASH'!B16 | D29: ='DADOS DASH'!C16 | E29: ='DADOS DASH'!D16 | F29: ='DADOS DASH'!E16 | G29: ='DADOS DASH'!F16 | H29: ='DADOS DASH'!G16 | I29: ='DADOS DASH'!I16

Sheet LEIA-ME
A1: escala UTI HCB · 2026 — planilha unificada v4
A3: o que é
B4: O ano inteiro num arquivo: 12 abas mensais com a escala real, o painel comparativo do ano, a tradução pros códigos do Senior e o validador das regras que são lei. Tudo o que é contagem é fórmula — digitou o código na aba do mês, a cobertura, a carga horária, o saldo e os alertas se refazem sozinhos.
A6: legenda dos códigos
A7: código | B7: turno | C7: horário | D7: horas | E7: Senior
A8: M | B8: manhã | C8: 07–13h | D8: 6 | E8: 2
A9: T | B9: tarde | C9: 13–19h | D9: 6 | E9: 239
A10: D | B10: dia 12h | C10: 07–19h | D10: 12 | E10: 40
A11: N | B11: noite 12h | C11: 19–07h | D11: 12 | E11: 41
A12: NT | B12: noitinha | C12: 19–01h | D12: 6 | E12: 349
A13: C | B13: 10h chefia | C13: 8–12 + 13–19h | D13: 10 | E13: 47
A14: A | B14: administrativo | C14: 8h diurno | D14: 8 | E14: 11
A15: J | B15: 5h Janaina | C15: 08–13h | D15: 5 | E15: 78
A16: E | B16: 4h CEP | C16: 08–12h | D16: 4 | E16: 6
A17: P | B17: paliativo | C17: 07–13h | D17: 6 | E17: —
A18: R | B18: CRO | C18: 13–19h | D18: 6 | E18: —
A19: FE | B19: férias | C19: — | D19: — | E19: Férias
A20: LM | B20: licença | C20: — | D20: — | E20: LM
A21: AB | B21: abono niver | C21: — | D21: — | E21: —
A22: antigos | B22: Até abril de 2026 os códigos eram outros: 110 = M (manhã) · 82 = D (dia 12h) · 83 = N (noite 12h) · 10 = J (5h, virou 78). A mudança de abril passou a usar 2/40/41.
A24: as abas
A25: CADASTRO | B25: quem é quem: carga horária, restrições duras, sexta-noite e fds extra. É a fonte dos nomes de todas as abas mensais.
A26: CONFIG | B26: as regras como dado: cobertura mínima, cota de fds em mês com férias, tabela de códigos e as regras duras com o artigo da CLF. Mudou aqui, mudou na planilha toda.
A27: JAN a DEZ | B27: a escala: matriz médico × dia. No rodapé, a lotação de cada turno em cada dia e quanto falta pro mínimo. À direita, por pessoa: carga do mês, fds, sexta-noite, feriado, meta, saldo e os dois alertas de jornada.
A28: PAINEL ANO | B28: o comparativo do ano: saldo, fds, sexta-noite e feriado de cada pessoa mês a mês, com acumulado. Onde existe a contagem manual antiga, ela aparece ao lado pra conferência.
A29: SENIOR | B29: escolha o mês em B1 e a matriz inteira sai traduzida nos códigos do RH, pronta pra lançar.
A30: VALIDADOR | B30: o que fere regra dura, separado em ESTRUTURAL (é a forma do contrato, decisão de política) e PONTUAL (erro daquele mês).
A31: ATENDIMENTO / CONVOCAÇÕES | B31: o mês vivo: o que foi atendido de cada pedido e por quê, e quem foi convocado fora da preferência, com o critério público.
A33: de onde vem cada mês — leia antes de comparar
A34: JAN | B34: reconstruído da grade 'ESCALA FINAL JANEIRO 2026' — a grade começa no dia 2
A35: FEV | B35: códigos Senior (códigos antigos 110/82/83)
A36: MAR | B36: códigos Senior (códigos antigos 110/82/83)
A37: ABR | B37: códigos Senior — mudança de abril: passa a 2/40/41
A38: MAI | B38: reconstruído da grade; dias 1–2 vêm do arquivo de abril; DIA 3 NÃO EXISTE em nenhum arquivo
A39: JUN | B39: reconstruído da grade 'Escala junho - UTI HCB'
A40: JUL | B40: códigos Senior
A41: AGO | B41: códigos Senior
A42: SET | B42: códigos Senior
A43: OUT | B43: escala montada pelo escala_out_v3.py — cobertura 100%, 48 convocações por critério público
A44: NOV | B44: a montar
A45: DEZ | B45: a montar
A47: atenção | B47: Meses reconstruídos da grade têm FIDELIDADE MENOR: a grade lista nomes por turno, não códigos. 10h de chefia (47), 4h de CEP (6) e 5h da Janaina (78) aparecem só como nome na coluna da manhã e entram como manhã de 6h — a carga horária desses meses fica subestimada pra chefia. Manhã+tarde no mesmo dia foi lido como 12h dia. Anotações BHN (dispensa) foram excluídas; BHP conta.
A49: o que ainda falta
A50: · | B50: Maio dia 3 não existe em nenhum arquivo recebido — a coluna fica vazia.
A51: · | B51: Janeiro começa no dia 2: a grade recebida não tem o dia 1º.
A52: · | B52: Junho e janeiro não têm arquivo de códigos Senior; foram reconstruídos da grade.
A53: · | B53: Novembro e dezembro estão em branco, prontos pra montar.
A54: · | B54: Dois códigos órfãos no histórico: 23 (Isabella 23/08) e 3 (Laura 02/08) — não constam em nenhuma legenda; ficaram de fora.
A55: · | B55: A coluna 18h⚠ compara cada dia com o seguinte DENTRO do mês. Uma noite no último dia do mês emendando a manhã do dia 1º do mês seguinte não é pega pela coluna — a aba VALIDADOR pega, porque olha o ano inteiro sem parar na virada.
A56: · | B56: O seletor de mês da aba SENIOR usa INDIRECT, que só resolve com o arquivo aberto no Excel ou no Google Sheets — em pré-visualização de e-mail ou no Drive sem abrir, a matriz aparece vazia. Abrir e escolher o mês em B1 resolve.

Sheet CADASTRO
A1: cadastro · quem é quem | D1: 66 pessoas ativas
A3: médico | B3: nome completo | C3: CH | D3: grupo | E3: restrições duras | F3: sexta-noite | G3: fds extra | H3: observações
A4: Fred | B4: Frederico Pires | C4: 36 | D4: chefia | E4: seg+ter 10h chefia; qua+qui manhã | F4: não | G4: não | H4: CH zerada nas contagens de plantão
A5: Milena | B5: Milena | C5: 36 | D5: chefia | E5: seg/ter/qua manhã; qui 10h chefia | F5: não | G5: não
A6: Pabdo | B6: Paula Abdo | C6: 36 | D6: chefia | E6: rotina/coordenação | F6: não | G6: não | H6: aniversário 29/10, sem folga
A7: MSalomão | B7: Marina Salomão | C7: 40 | D7: chefia | E7: manhãs seg–sex; PROIBIDO dom noite emendando (18h invertido) → sáb noite; NÃO sexta tarde | F7: não | G7: não | H7: bloqueio 42/42/36 · rodízio fds 15/15 com Vinicius, contínuo no ano · abre outubro com 42h
A8: DebAlves | B8: Deborah Alves | C8: 40 | D8: chefia | E8: manhãs seg–sex + tardes p/ completar (ter, senão qui) | F8: não | G8: não | H8: bloqueio 42/42/36 · cota fds 24h
A9: Vinicius | B9: Vinicius Bezerra | C9: 36 | D9: chefia | E9: manhãs seg–sex + fds 15/15 com MSalomão | F9: não | G9: sim | H9: bloqueio 30/42 · FÉRIAS 12–26/10
A10: Amelio | B10: Fernanda Amelio | C10: 36 | D10: chefia | E10: SEM NOTURNOS (atestado desde abr/25); seg–sex manhãs | F10: não | G10: não | H10: fora 24–31/10 (BHN)
A11: Murilo | B11: Murilo | C11: 36 | D11: rotina | E11: rotina onco manhãs; fds 15/15 sábado noturno | F11: não | G11: não | H11: voltou de licença
A12: Janaina | B12: Janaina Rabelo | C12: 30 | D12: 30h | E12: SÓ 8–13h (código 78); sem noturnos; seg–sáb | F12: não | G12: não | H12: é sempre a 10ª da manhã de sábado; NUNCA domingo
A13: Aline | B13: Aline Saliba | C13: 40 | D13: 36h | E13: CEP 4h: 1ª terça manhã do mês; demais semanas seg ou qui | F13: não | G13: sim | H13: 36 assist + 4 CEP · FÉRIAS 19/10–02/11
A14: CaAbreu | B14: Camila Abreu | C14: 36 | D14: 36h | E14: fixa qua dia (+seg dia); NÃO qui noite | F14: não | G14: sim
A15: Danielle | B15: Danielle Tanajura | C15: 36 | D15: 36h | E15: fixa qua noite (+qui noite); só noites | F15: não | G15: não | H15: não lançar sexta-noite (já fez muitas)
A16: Fabiula | B16: Fabiula Czameski | C16: 36 | D16: 36h | E16: só noites; ter/qua/qui alternando com ter/qua/dom | F16: sim | G16: não
A17: Isabella | B17: Isabella Mazzaro | C17: 36 | D17: 36h | E17: fixo sex dia; NÃO qua noite, NÃO qui noite; evitar sáb noite | F17: sim | G17: não | H17: INVERTEU em out: não pode mais sextas
A18: JuBrito | B18: Julliana Brito | C18: 30 | D18: 30h | E18: fixa ter dia, qua manhã, qui dia, sex manhã; NÃO segundas (Sobradinho) | F18: não | G18: não | H18: CH 30h CONFIRMADO (era 36) · +6h fds a cada 2 meses · não quer o feriado 12/10
A19: Kariny | B19: Fernanda Kariny | C19: 36 | D19: 36h | E19: fixa seg/ter/qui dia; NÃO quartas; 6h avulsa só de manhã | F19: não | G19: não | H19: repouso 09–12/10 (procedimento)
A20: Mayana | B20: Mayana Leal | C20: 36 | D20: 36h | E20: fixa ter dia, qui dia; NÃO seg/qua/sex tarde | F20: não | G20: não
A21: Neyde | B21: Neyde Brito | C21: 36 | D21: 36h | E21: fixa ter+qua noite + 1º/3º/4º dom noite; NÃO qui/sex/sáb noite (HMIB) | F21: não | G21: sim | H21: férias 19/10 + 15 dias
A22: Roberta | B22: Roberta Iglesias | C22: 36 | D22: 36h | E22: coringa | F22: não | G22: sim
A23: LuAlice | B23: Luciana Alice | C23: 36 | D23: 36h | E23: fixa ter+qui noite, sáb noite no fds; SÓ noturnos (+tardes CRO) | F23: sim | G23: não | H23: NUNCA lançar banco de horas · 36h temporária, 12h/mês CRO · não lançar sextas 02 e 30/10 N
A24: Amanda | B24: Amanda Braga | C24: 30 | D24: 30h | E24: alterna qui noite / qua dia | F24: sim | G24: sim | H24: férias até ~12/10 · NÃO escalar fds extra em outubro (fez horas a mais em set)
A25: Fernando | B25: Fernando Filardi | C25: 30 | D25: 30h | E25: fixo seg noite, qua+qui manhã, sáb manhã | F25: não | G25: não | H25: troca sáb 17/10 → dom 04/10 manhã; oferece sexta-noite 23/10
A26: João | B26: João | C26: 30 | D26: 30h | E26: NÃO manhãs, NÃO segundas, NÃO sábados; ter/qui/sex tarde + qua noite | F26: não | G26: não | H26: extrapola fds · férias até ~06/10
A27: JuCoutinho | B27: Juliana Coutinho | C27: 30 | D27: 30h | E27: fixa qua diurno, sextas manhãs; NÃO qui dia | F27: não | G27: não | H27: prefere 6h em vez de 12h
A28: LeLemos | B28: Leticia Lemos | C28: 30 | D28: 30h | E28: seg dia ↔ seg noite alternando | F28: 1/mês | G28: sim | H28: férias até 05/10
A29: Leomara | B29: Leomara | C29: 24 | D29: 24h | E29: só seg/ter manhã, qua noite, sex dia/noite, fds; evitar 2 noturnos/semana | F29: não | G29: não | H29: 24h desde ago
A30: Marilia | B30: Marilia | C30: 30 | D30: 30h | E30: ter dia ↔ qua dia 15/15; sexta só manhã; NÃO segundas (Luzia) | F30: não | G30: não | H30: pediu a sexta-noite dela em out (16/10) em vez de nov
A31: Raylander | B31: Daniel Raylander | C31: 30 | D31: 30h | E31: NÃO seg tarde, qui manhã, sex dia (faculdade); aceita noturnos seguidos | F31: não | G31: SIM obrigatório | H31: casado com Ariadne — nunca no mesmo turno
A32: Ricardo | B32: Ricardo | C32: 30 | D32: 30h | E32: fixo ter noite (sai da fixa quando faz SN/fds) | F32: não | G32: sim | H32: escalar junto com Nishioka
A33: Rosana | B33: Rosana | C33: 30 | D33: 30h | E33: só manhãs e noites/noitinhas (mãe em quimio): SEM tardes, SEM 12h diurnas | F33: não | G33: não | H33: férias até ~12/10
A34: AnaSeverino | B34: Ana Severino | C34: 24 | D34: 24h | E34: seg (M/dia/N) ou qui noite; NÃO tardes | F34: não | G34: sim
A35: Anna | B35: Anna Jorge | C35: 24 | D35: 24h | E35: NÃO seg manhã/noite, ter tarde, qui inteiro, sex tarde, dom noite | F35: não | G35: não | H35: habitual seg/qua tarde
A36: Ariadne | B36: Ariadne | C36: 24 | D36: 24h | E36: casada com Raylander — NUNCA no mesmo turno | F36: não | G36: não | H36: volta de licença 26/10, CH passa a 24h
A37: Beatriz | B37: Beatriz | C37: 24 | D37: 24h | E37: mora parte em SP; manda blocos de indisponibilidade | F37: sim | G37: não
A38: Bruna | B38: Bruna | C38: 24 | D38: 24h | E38: habitual terças (dia ou noite) | F38: não | G38: não | H38: férias a partir de 19/10
A39: Constantino | B39: Fernanda Constantino | C39: 24 | D39: 24h | E39: seg noite OU ter noite, qui noite; NÃO quartas; evitar noites consecutivas | F39: não | G39: sim | H39: trabalhou 07/09 → folgar 12/10; não escalar fds 10–11
A40: DebMatias | B40: Debora Matias | C40: 24 | D40: 24h | E40: ter/qua/sex dia (não toda sexta); noturno só ter noite | F40: não | G40: não
A41: Denise | B41: Denise | C41: 24 | D41: 24h | E41: fixa seg/ter/qui manhã; NÃO tardes; evitar 2 noturnos/semana | F41: não | G41: não
A42: Ernesto | B42: Carlos Ernesto | C42: 24 | D42: 24h | E42: qua diurno, sex noite 15/15, dom noite 15/15; seg/ter/qui NÃO | F42: sim estrutural | G42: não | H42: e-mail novo: dr.carlos.ernesto.pediatra@gmail.com
A43: Grayce | B43: Grayce Maya | C43: 24 | D43: 24h | E43: ter noite + qui dia; NÃO quartas; não lançar 6h avulsas (preferir 12h) | F43: não | G43: não | H43: aniversário 19/10, sem pedido de abono
A44: Heloa | B44: Heloa | C44: 24 | D44: 24h | E44: manhãs/tardes, quase sem noturno | F44: não | G44: não | H44: voltou de licença 29/07
A45: Iggor | B45: Iggor Almeida | C45: 24 | D45: 24h | E45: fixo qua dia; NÃO qui tarde/noite | F45: não | G45: não | H45: reivindica a sexta-noite 23/10
A46: IsaRibeiro | B46: Isabela Ribeiro | C46: 24 | D46: 24h | E46: coringa | F46: não | G46: não
A47: Jaqueline | B47: Jaqueline | C47: 24 | D47: 24h | F47: não | G47: não | H47: voltou de licença · CH 24h
A48: Joaquim | B48: Joaquim | C48: 24 | D48: 24h | E48: fixo seg noturno + qui/sáb noite; SÓ noturnos; NÃO ter/qua/dom noite | F48: 2/mês voluntário | G48: não | H48: cota fds 24h · sem sexta-noite este mês (excepcional)
A49: JuliaFig | B49: Julia Figueiredo | C49: 24 | D49: 24h | E49: seg/ter manhã OU noite (pref. noite); NÃO tarde, qua noite, qui, sex; sem 18h invertido | F49: sim | G49: não
A50: Kozak | B50: Ana Kozak | C50: 24 | D50: 24h | E50: fixa TODAS qui noite + sáb noite; NÃO manhãs úteis, NÃO sáb/dom dia (ICDF) | F50: só quando o marido não está de plantão | G50: não | H50: extrapola fds p/ fechar CH · FÉRIAS 05–19/10 · folga sáb 31/10 (niver da filha)
A51: Laura | B51: Laura Haydee | C51: 24 | D51: 24h | E51: praticamente só manhãs (inclusive fds); sem 12h, sem noturno | F51: não | G51: SIM obrigatório | H51: sem preferências enviadas em out — provisório
A52: Leticia | B52: Letícia Café | C52: 24 | D52: 24h | E52: fixa ter+qui dia; NÃO seg/qua/sex tarde; sem noturnos | F52: não | G52: não | H52: férias até ~06/10
A53: LuCosta | B53: Luciana Costa | C53: 24 | D53: 24h | E53: NÃO diurnos em dia útil; noites de semana + fds dia; sem 2 noites seguidas | F53: não | G53: não
A54: Marcia | B54: Marcia | C54: 24 | D54: 24h | E54: sexta-noite fixa na 1ª semana; qua noite nas demais; completa com seg dia | F54: 1ª semana | G54: não
A55: MayWobido | B55: Mayara Wobido | C55: 24 | D55: 24h | E55: tardes e noites; NÃO seg noite, qua manhã; quer fixar qua noite | F55: sim | G55: obrigatório +6 fixo | H55: cota fds 30h · aniversário 31/10, quer o abono
A56: Melara | B56: Luciana Melara | C56: 24 | D56: 24h | E56: fixa TODOS os domingos (dia ou noite); NÃO 12h seguidas em dia útil | F56: ≥2/mês por preferência | G56: não | H56: semana: 2 tardes ou noitinha
A57: Moabe | B57: Moabe | C57: 24 | D57: 24h | E57: fixa seg dia; NÃO ter dia (ICDF — conferir se é ter ou qua); NÃO 1º fds do mês (pós) | F57: não | G57: não | H57: sem preferências enviadas em out — provisório
A58: Nishioka | B58: Laura Nishioka | C58: 24 | D58: 24h | E58: fixo ter noite (sai quando faz SN/fds) | F58: não | G58: não | H58: escalar junto com Ricardo
A59: Patricia | B59: Patricia Abreu | C59: 24 | D59: 24h | E59: diurnos, habitual qui dia | F59: sim | G59: não
A60: Pedro | B60: Pedro | C60: 24 | D60: 24h | E60: fixo seg noite, qua tarde, sex tarde; NÃO manhãs | F60: rodízio | G60: não
A61: Pjamile | B61: Paula Jamile | C61: 24 | D61: 24h | E61: fixa qua dia + sex dia; NÃO seg, ter tarde, qui tarde | F61: não | G61: não
A62: Raphael | B62: Raphael Costa | C62: 24 | D62: 24h | E62: NÃO manhãs seg–sex | F62: sim | G62: não
A63: Raquel | B63: Raquel Assis | C63: 24 | D63: 24h | E63: CP seg+qua manhã; NÃO tardes, NÃO quintas; máx 1 noturno/semana | F63: 1 | G63: não | H63: 12h CP + 12h plantão + 24h fds · férias 05–19/10
A64: Thamyres | B64: Thamyres | C64: 24 | D64: 24h | E64: MÁX 1 NOTURNO/MÊS (relatório médico); NÃO seg/ter, qui dia, dom noite | F64: não | G64: não | H64: fds em 12h emendadas
A65: Vanessa | B65: Vanessa | C65: 24 | D65: 24h | E65: fixa qua dia; máx 1 noturno/semana | F65: não | G65: não
A66: Yuji | B66: Henrique Yuji | C66: 24 | D66: 24h | E66: NÃO seg e sex (dia+noite); ter/qua/qui ok; fds coringa de DOMINGOS (não pode sábados) | F66: não | G66: não | H66: licença-paternidade: DPP 09/10, 20 dias
A67: JuIsaac | B67: Julia Isaac | C67: 40 | D67: administrativo | E67: código 11 diário | F67: não | G67: não | H67: não pega plantão
A68: Stephanie | B68: Stephanie | C68: 40 | D68: administrativo | E68: código 11 | F68: não | G68: não | H68: não pega plantão
A69: MPinheiro | B69: Mariana Pinheiro | C69: 40 | D69: administrativo | F69: não | G69: não | H69: não pega plantão desde ago
A71: fora do roster
A72: Dayana | B72: saiu do hospital (decisão registrada em 17/08/26)
A73: Kairala | B73: Andréa Kairala — aparece só de fev a abr/26 no histórico

Sheet CONFIG
A1: config · as regras como dado | D1: mudou aqui, muda na planilha toda
A3: em vigor · de out/26 | B3: manhã | C3: tarde | D3: noite
A4: útil | B4: 14 | C4: 10 | D4: 7 | F4: Regra da Mari de 13/08/26, vale da escala de outubro em diante. Substitui 11/8/7 e 9/7/6. A 10ª da manhã de sábado é sempre a Janaina (8–13h); ela nunca faz domingo. Feriado escala como o dia da semana em que cai.
A5: sábado | B5: 10 | C5: 8 | D5: 7
A6: domingo | B6: 9 | C6: 8 | D6: 7
A8: até set/26 · histórico | B8: manhã | C8: tarde | D8: noite
A9: útil | B9: 11 | C9: 8 | D9: 7 | F9: Os meses de janeiro a setembro são medidos por ESTA regra. Cobrar deles o mínimo novo seria exigir do passado uma regra que ainda não existia.
A10: sábado | B10: 9 | C10: 7 | D10: 6
A11: domingo | B11: 9 | C11: 7 | D11: 6
A13: tabela de códigos
A14: letra | B14: Senior | C14: horas | D14: conta manhã | E14: conta tarde | F14: conta noite | G14: turno
A15: M | B15: 2 | C15: 6 | D15: 1 | E15: 0 | F15: 0 | G15: manhã · 07–13h
A16: T | B16: 239 | C16: 6 | D16: 0 | E16: 1 | F16: 0 | G16: tarde · 13–19h
A17: D | B17: 40 | C17: 12 | D17: 1 | E17: 1 | F17: 0 | G17: dia 12h · 07–19h
A18: N | B18: 41 | C18: 12 | D18: 0 | E18: 0 | F18: 1 | G18: noite 12h · 19–07h
A19: NT | B19: 349 | C19: 6 | D19: 0 | E19: 0 | F19: 1 | G19: noitinha · 19–01h
A20: C | B20: 47 | C20: 10 | D20: 1 | E20: 1 | F20: 0 | G20: 10h chefia · 8–12 + 13–19h
A21: A | B21: 11 | C21: 8 | D21: 0 | E21: 0 | F21: 0 | G21: administrativo · 8h diurno
A22: J | B22: 78 | C22: 5 | D22: 1 | E22: 0 | F22: 0 | G22: 5h Janaina · 08–13h
A23: E | B23: 6 | C23: 4 | D23: 1 | E23: 0 | F23: 0 | G23: 4h CEP · 08–12h
A24: P | C24: 6 | D24: 0 | E24: 0 | F24: 0 | G24: paliativo · 07–13h
A25: R | C25: 6 | D25: 0 | E25: 0 | F25: 0 | G25: CRO · 13–19h
A26: FE | B26: Férias | C26: 0 | D26: 0 | E26: 0 | F26: 0 | G26: férias · —
A27: LM | B27: LM | C27: 0 | D27: 0 | E27: 0 | F27: 0 | G27: licença · —
A28: AB | C28: 0 | D28: 0 | E28: 0 | F28: 0 | G28: abono niver · —
A30: cota de fds em mês com férias
A31: CH semanal | B31: férias 2 sem | C31: férias 1 sem | D31: sem férias
A32: 36 | B32: 24 | C32: 30 | D32: 36
A33: 30 | B33: 18 | C33: 24 | D33: 30
A34: 24 | B34: 12 | C34: 18 | D34: 24
A36: feriados de 2026 | E36: Feriado escala como o DIA DA SEMANA em que cai — não reduz a lotação exigida (doc de referência §2). Confirmado na prática: nos sete feriados de 2026 até setembro a manhã rodou com 15 a 20 pessoas, e a rotina/chefia trabalhou em todos eles (4 a 6 pessoas). O que muda no feriado é a contabilidade, que tem coluna própria e equalização anual.
A37: data | B37: sigla | C37: feriado
A38: 01/01 (qui) | B38: 1ºjan | C38: Confraternização
A39: 16/02 (seg) | B39: carn | C39: Carnaval
A40: 17/02 (ter) | B40: carn | C40: Carnaval
A41: 03/04 (sex) | B41: paix | C41: Paixão
A42: 21/04 (ter) | B42: tira | C42: Tiradentes
A43: 01/05 (sex) | B43: trab | C43: Dia do Trabalhador
A44: 04/06 (qui) | B44: corp | C44: Corpus Christi
A45: 07/09 (seg) | B45: indep | C45: Independência
A46: 12/10 (seg) | B46: N.Sra | C46: N. Sra. Aparecida
A47: 02/11 (seg) | B47: finad | C47: Finados
A48: 15/11 (dom) | B48: repúb | C48: Proclamação da República
... A50: 25/12 (sex) | B50: natal | C50: Natal
A52: regras duras
A53: regra | B53: o que é | C53: base | D53: tratamento | E53: nota
A54: interjornada | B54: 11h entre o fim de uma jornada e o início da seguinte | C54: art. 66 CLT | D54: ALERTA | E54: Descanso abaixo de 11h gera hora extra indenizável e autuação do MTE.
A55: 18h no mesmo dia | B55: dia inteiro (07–19h) + noite (19–07h) = 24h seguidas | C55: art. 66 CLT | D55: ALERTA | E55: Nunca lançar.
A56: 18h invertido | B56: noite 19–07h emendando manhã 07–13h — zero descanso | C56: art. 66 CLT | D56: ALERTA | E56: Era 15 casos/mês no 1º trimestre/26 e caiu pra ~2 depois da mudança de abril. O alvo é zero; o validador segura a linha.
A57: noite + tarde seguinte | B57: noite 19–07h + tarde 13–19h = 18h com 6h de pausa | C57: art. 66 CLT | D57: REGISTRO | E57: Prática estabelecida do serviço (90 casos em 6 meses, 26 pessoas, sem queda no ano). Decisão de 17/08/26: continua, fica registrado sem alarme.
A58: DSR | B58: 24h consecutivas de folga por semana | C58: art. 67 CLT | D58: ALERTA | E58: Quem faz 6h de manhã todo dia tem folga de 18h (13h→07h) e nunca alcança as 24h — isso é ESTRUTURAL da rotina/chefia, sinalizado uma vez, não por dia.
A59: adicional noturno | B59: horas entre 22h e 05h; hora noturna vale 52min30s | C59: art. 73 CLT | D59: CÁLCULO | E59: Sai por pessoa/mês pra folha. Noite 19–07h cai integralmente na janela.
A60: aniversário | B60: 6h de folga na semana, só pra quem marcou SIM na ficha | C60: interno | D60: PREFERÊNCIA

Sheet JAN
A1: janeiro · 2026 | C1: reconstruído da grade 'ESCALA FINAL JANEIRO 2026' — a grade começa no dia 2
C2: 1 | D2: 2 | E2: 3 | F2: 4 | G2: 5 | H2: 6 | I2: 7 | J2: 8 | K2: 9 | L2: 10 | M2: 11 | N2: 12 | O2: 13 | P2: 14 | Q2: 15 | R2: 16 | S2: 17 | T2: 18 | U2: 19 | V2: 20 | W2: 21 | X2: 22 | Y2: 23 | Z2: 24 | AA2: 25 | AB2: 26 | AC2: 27 | AD2: 28 | AE2: 29 | AF2: 30 | AG2: 31
C3: 1ºjan | D3: sex | E3: sáb | F3: dom | G3: seg | H3: ter | I3: qua | J3: qui | K3: sex | L3: sáb | M3: dom | N3: seg | O3: ter | P3: qua | Q3: qui | R3: sex | S3: sáb | T3: dom | U3: seg | V3: ter | W3: qua | X3: qui | Y3: sex | Z3: sáb | AA3: dom | AB3: seg | AC3: ter | AD3: qua | AE3: qui | AF3: sex | AG3: sáb
A4: máscara fds | C4: 0 | D4: 0 | E4: 1 | F4: 1 | G4: 0 | H4: 0 | I4: 0 | J4: 0 | K4: 0 | L4: 1 | M4: 1 | N4: 0 | O4: 0 | P4: 0 | Q4: 0 | R4: 0 | S4: 1 | T4: 1 | U4: 0 | V4: 0 | W4: 0 | X4: 0 | Y4: 0 | Z4: 1 | AA4: 1 | AB4: 0 | AC4: 0 | AD4: 0 | AE4: 0 | AF4: 0 | AG4: 1
A5: máscara sexta | C5: 0 | D5: 1 | E5: 0 | F5: 0 | G5: 0 | H5: 0 | I5: 0 | J5: 0 | K5: 1 | L5: 0 | M5: 0 | N5: 0 | O5: 0 | P5: 0 | Q5: 0 | R5: 1 | S5: 0 | T5: 0 | U5: 0 | V5: 0 | W5: 0 | X5: 0 | Y5: 1 | Z5: 0 | AA5: 0 | AB5: 0 | AC5: 0 | AD5: 0 | AE5: 0 | AF5: 1 | AG5: 0
A6: máscara feriado | C6: 1 | D6: 0 | E6: 0 | F6: 0 | G6: 0 | H6: 0 | I6: 0 | J6: 0 | K6: 0 | L6: 0 | M6: 0 | N6: 0 | O6: 0 | P6: 0 | Q6: 0 | R6: 0 | S6: 0 | T6: 0 | U6: 0 | V6: 0 | W6: 0 | X6: 0 | Y6: 0 | Z6: 0 | AA6: 0 | AB6: 0 | AC6: 0 | AD6: 0 | AE6: 0 | AF6: 0 | AG6: 0
A7: médico | B7: CH | AH7: CH mês | AI7: fds | AJ7: SxN | AK7: feriado | AL7: meta | AM7: saldo | AN7: 18h⚠ | AO7: N→T
A8: Fred | B8: 36 | D8: M | G8: M | H8: M | I8: M | J8: M | K8: M | N8: M | O8: M | P8: M | Q8: M | R8: M | U8: M | V8: M | W8: M | X8: M | Y8: M | AH8: =SUMPRODUCT(($C8:$AG8="M")*6+($C8:$AG8="T")*6+($C8:$AG8="D")*12+($C8:$AG8="N")*12+($C8:$AG8="NT")*6+($C8:$AG8="C")*10+($C8:$AG8="A")*8+($C8:$AG8="J")*5+($C8:$AG8="E")*4+($C8:$AG8="P")*6+($C8:$AG8="R")*6) | AI8: =SUMPRODUCT($C$4:$AG$4,($C8:$AG8="M")*6+($C8:$AG8="T")*6+($C8:$AG8="D")*12+($C8:$AG8="N")*12+($C8:$AG8="NT")*6+($C8:$AG8="C")*10+($C8:$AG8="A")*8+($C8:$AG8="J")*5+($C8:$AG8="E")*4+($C8:$AG8="P")*6+($C8:$AG8="R")*6) | AJ8: =SUMPRODUCT($C$5:$AG$5,($C8:$AG8="N")*1) | AK8: =SUMPRODUCT($C$6:$AG$6,($C8:$AG8="M")*6+($C8:$AG8="T")*6+($C8:$AG8="D")*12+($C8:$AG8="N")*12+($C8:$AG8="NT")*6+($C8:$AG8="C")*10+($C8:$AG8="A")*8+($C8:$AG8="J")*5+($C8:$AG8="E")*4+($C8:$AG8="P")*6+($C8:$AG8="R")*6) | AL8: =ROUND(B8*4.43,0) | AM8: =AH8-AL8 | AN8: =SUMPRODUCT(($C8:$AF8="N")*(($D8:$AG8="M")+($D8:$AG8="E")+($D8:$AG8="C")+($D8:$AG8="D"))) | AO8: =SUMPRODUCT(($C8:$AF8="N")*($D8:$AG8="T"))
A9: Milena | B9: 36 | D9: M | G9: M | H9: M | I9: M | J9: M | K9: M | N9: M | O9: M | P9: M | Q9: M | R9: M | U9: M | V9: M | W9: M | X9: M | Y9: M | AB9: M | AC9: M | AD9: M | AE9: M | AF9: M | AH9: =SUMPRODUCT(($C9:$AG9="M")*6+($C9:$AG9="T")*6+($C9:$AG9="D")*12+($C9:$AG9="N")*12+($C9:$AG9="NT")*6+($C9:$AG9="C")*10+($C9:$AG9="A")*8+($C9:$AG9="J")*5+($C9:$AG9="E")*4+($C9:$AG9="P")*6+($C9:$AG9="R")*6) | AI9: =SUMPRODUCT($C$4:$AG$4,($C9:$AG9="M")*6+($C9:$AG9="T")*6+($C9:$AG9="D")*12+($C9:$AG9="N")*12+($C9:$AG9="NT")*6+($C9:$AG9="C")*10+($C9:$AG9="A")*8+($C9:$AG9="J")*5+($C9:$AG9="E")*4+($C9:$AG9="P")*6+($C9:$AG9="R")*6) | AJ9: =SUMPRODUCT($C$5:$AG$5,($C9:$AG9="N")*1) | AK9: =SUMPRODUCT($C$6:$AG$6,($C9:$AG9="M")*6+($C9:$AG9="T")*6+($C9:$AG9="D")*12+($C9:$AG9="N")*12+($C9:$AG9="NT")*6+($C9:$AG9="C")*10+($C9:$AG9="A")*8+($C9:$AG9="J")*5+($C9:$AG9="E")*4+($C9:$AG9="P")*6+($C9:$AG9="R")*6) | AL9: =ROUND(B9*4.43,0) | AM9: =AH9-AL9 | AN9: =SUMPRODUCT(($C9:$AF9="N")*(($D9:$AG9="M")+($D9:$AG9="E")+($D9:$AG9="C")+($D9:$AG9="D"))) | AO9: =SUMPRODUCT(($C9:$AF9="N")*($D9:$AG9="T"))
A10: Pabdo | B10: 36 | AH10: =SUMPRODUCT(($C10:$AG10="M")*6+($C10:$AG10="T")*6+($C10:$AG10="D")*12+($C10:$AG10="N")*12+($C10:$AG10="NT")*6+($C10:$AG10="C")*10+($C10:$AG10="A")*8+($C10:$AG10="J")*5+($C10:$AG10="E")*4+($C10:$AG10="P")*6+($C10:$AG10="R")*6) | AI10: =SUMPRODUCT($C$4:$AG$4,($C10:$AG10="M")*6+($C10:$AG10="T")*6+($C10:$AG10="D")*12+($C10:$AG10="N")*12+($C10:$AG10="NT")*6+($C10:$AG10="C")*10+($C10:$AG10="A")*8+($C10:$AG10="J")*5+($C10:$AG10="E")*4+($C10:$AG10="P")*6+($C10:$AG10="R")*6) | AJ10: =SUMPRODUCT($C$5:$AG$5,($C10:$AG10="N")*1) | AK10: =SUMPRODUCT($C$6:$AG$6,($C10:$AG10="M")*6+($C10:$AG10="T")*6+($C10:$AG10="D")*12+($C10:$AG10="N")*12+($C10:$AG10="NT")*6+($C10:$AG10="C")*10+($C10:$AG10="A")*8+($C10:$AG10="J")*5+($C10:$AG10="E")*4+($C10:$AG10="P")*6+($C10:$AG10="R")*6) | AL10: =ROUND(B10*4.43,0) | AM10: =AH10-AL10 | AN10: =SUMPRODUCT(($C10:$AF10="N")*(($D10:$AG10="M")+($D10:$AG10="E")+($D10:$AG10="C")+($D10:$AG10="D"))) | AO10: =SUMPRODUCT(($C10:$AF10="N")*($D10:$AG10="T"))
A11: MSalomão | B11: 40 | D11: D | F11: M | G11: M | H11: D | I11: M | J11: M | K11: M | N11: M | O11: M | P11: M | Q11: M | R11: M | T11: N | U11: M | V11: D | W11: M | X11: D | Y11: M | AB11: M | AC11: M | AD11: M | AE11: M | AF11: M | AG11: N | AH11: =SUMPRODUCT(($C11:$AG11="M")*6+($C11:$AG11="T")*6+($C11:$AG11="D")*12+($C11:$AG11="N")*12+($C11:$AG11="NT")*6+($C11:$AG11="C")*10+($C11:$AG11="A")*8+($C11:$AG11="J")*5+($C11:$AG11="E")*4+($C11:$AG11="P")*6+($C11:$AG11="R")*6) | AI11: =SUMPRODUCT($C$4:$AG$4,($C11:$AG11="M")*6+($C11:$AG11="T")*6+($C11:$AG11="D")*12+($C11:$AG11="N")*12+($C11:$AG11="NT")*6+($C11:$AG11="C")*10+($C11:$AG11="A")*8+($C11:$AG11="J")*5+($C11:$AG11="E")*4+($C11:$AG11="P")*6+($C11:$AG11="R")*6) | AJ11: =SUMPRODUCT($C$5:$AG$5,($C11:$AG11="N")*1) | AK11: =SUMPRODUCT($C$6:$AG$6,($C11:$AG11="M")*6+($C11:$AG11="T")*6+($C11:$AG11="D")*12+($C11:$AG11="N")*12+($C11:$AG11="NT")*6+($C11:$AG11="C")*10+($C11:$AG11="A")*8+($C11:$AG11="J")*5+($C11:$AG11="E")*4+($C11:$AG11="P")*6+($C11:$AG11="R")*6) | AL11: =ROUND(B11*4.43,0) | AM11: =AH11-AL11 | AN11: =SUMPRODUCT(($C11:$AF11="N")*(($D11:$AG11="M")+($D11:$AG11="E")+($D11:$AG11="C")+($D11:$AG11="D"))) | AO11: =SUMPRODUCT(($C11:$AF11="N")*($D11:$AG11="T"))
A12: DebAlves | B12: 40 | O12: M | P12: M | Q12: D | R12: M | S12: T | U12: M | V12: M | W12: M | X12: M | Y12: M | AA12: D | AB12: M | AC12: D | AD12: M | AE12: D | AF12: M | AH12: =SUMPRODUCT(($C12:$AG12="M")*6+($C12:$AG12="T")*6+($C12:$AG12="D")*12+($C12:$AG12="N")*12+($C12:$AG12="NT")*6+($C12:$AG12="C")*10+($C12:$AG12="A")*8+($C12:$AG12="J")*5+($C12:$AG12="E")*4+($C12:$AG12="P")*6+($C12:$AG12="R")*6) | AI12: =SUMPRODUCT($C$4:$AG$4,($C12:$AG12="M")*6+($C12:$AG12="T")*6+($C12:$AG12="D")*12+($C12:$AG12="N")*12+($C12:$AG12="NT")*6+($C12:$AG12="C")*10+($C12:$AG12="A")*8+($C12:$AG12="J")*5+($C12:$AG12="E")*4+($C12:$AG12="P")*6+($C12:$AG12="R")*6) | AJ12: =SUMPRODUCT($C$5:$AG$5,($C12:$AG12="N")*1) | AK12: =SUMPRODUCT($C$6:$AG$6,($C12:$AG12="M")*6+($C12:$AG12="T")*6+($C12:$AG12="D")*12+($C12:$AG12="N")*12+($C12:$AG12="NT")*6+($C12:$AG12="C")*10+($C12:$AG12="A")*8+($C12:$AG12="J")*5+($C12:$AG12="E")*4+($C12:$AG12="P")*6+($C12:$AG12="R")*6) | AL12: =ROUND(B12*4.43,0) | AM12: =AH12-AL12 | AN12: =SUMPRODUCT(($C12:$AF12="N")*(($D12:$AG12="M")+($D12:$AG12="E")+($D12:$AG12="C")+($D12:$AG12="D"))) | AO12: =SUMPRODUCT(($C12:$AF12="N")*($D12:$AG12="T"))
A13: Vinicius | B13: 36 | F13: M | G13: M | H13: M | I13: M | J13: M | K13: M | M13: N | N13: M | O13: M | P13: M | Q13: M | R13: M | U13: M | V13: M | W13: M | X13: M | Y13: M | Z13: N | AB13: M | AC13: M | AD13: M | AE13: M | AF13: M | AH13: =SUMPRODUCT(($C13:$AG13="M")*6+($C13:$AG13="T")*6+($C13:$AG13="D")*12+($C13:$AG13="N")*12+($C13:$AG13="NT")*6+($C13:$AG13="C")*10+($C13:$AG13="A")*8+($C13:$AG13="J")*5+($C13:$AG13="E")*4+($C13:$AG13="P")*6+($C13:$AG13="R")*6) | AI13: =SUMPRODUCT($C$4:$AG$4,($C13:$AG13="M")*6+($C13:$AG13="T")*6+($C13:$AG13="D")*12+($C13:$AG13="N")*12+($C13:$AG13="NT")*6+($C13:$AG13="C")*10+($C13:$AG13="A")*8+($C13:$AG13="J")*5+($C13:$AG13="E")*4+($C13:$AG13="P")*6+($C13:$AG13="R")*6) | AJ13: =SUMPRODUCT($C$5:$AG$5,($C13:$AG13="N")*1) | AK13: =SUMPRODUCT($C$6:$AG$6,($C13:$AG13="M")*6+($C13:$AG13="T")*6+($C13:$AG13="D")*12+($C13:$AG13="N")*12+($C13:$AG13="NT")*6+($C13:$AG13="C")*10+($C13:$AG13="A")*8+($C13:$AG13="J")*5+($C13:$AG13="E")*4+($C13:$AG13="P")*6+($C13:$AG13="R")*6) | AL13: =ROUND(B13*4.43,0) | AM13: =AH13-AL13 | AN13: =SUMPRODUCT(($C13:$AF13="N")*(($D13:$AG13="M")+($D13:$AG13="E")+($D13:$AG13="C")+($D13:$AG13="D"))) | AO13: =SUMPRODUCT(($C13:$AF13="N")*($D13:$AG13="T"))
A14: Amelio | B14: 36 | D14: D | G14: T | I14: T | J14: D | L14: N | N14: T | P14: T | Q14: N | R14: T | U14: T | X14: D | Y14: T | Z14: N | AA14: T | AE14: D | AF14: N | AG14: T | AH14: =SUMPRODUCT(($C14:$AG14="M")*6+($C14:$AG14="T")*6+($C14:$AG14="D")*12+($C14:$AG14="N")*12+($C14:$AG14="NT")*6+($C14:$AG14="C")*10+($C14:$AG14="A")*8+($C14:$AG14="J")*5+($C14:$AG14="E")*4+($C14:$AG14="P")*6+($C14:$AG14="R")*6) | AI14: =SUMPRODUCT($C$4:$AG$4,($C14:$AG14="M")*6+($C14:$AG14="T")*6+($C14:$AG14="D")*12+($C14:$AG14="N")*12+($C14:$AG14="NT")*6+($C14:$AG14="C")*10+($C14:$AG14="A")*8+($C14:$AG14="J")*5+($C14:$AG14="E")*4+($C14:$AG14="P")*6+($C14:$AG14="R")*6) | AJ14: =SUMPRODUCT($C$5:$AG$5,($C14:$AG14="N")*1) | AK14: =SUMPRODUCT($C$6:$AG$6,($C14:$AG14="M")*6+($C14:$AG14="T")*6+($C14:$AG14="D")*12+($C14:$AG14="N")*12+($C14:$AG14="NT")*6+($C14:$AG14="C")*10+($C14:$AG14="A")*8+($C14:$AG14="J")*5+($C14:$AG14="E")*4+($C14:$AG14="P")*6+($C14:$AG14="R")*6) | AL14: =ROUND(B14*4.43,0) | AM14: =AH14-AL14 | AN14: =SUMPRODUCT(($C14:$AF14="N")*(($D14:$AG14="M")+($D14:$AG14="E")+($D14:$AG14="C")+($D14:$AG14="D"))) | AO14: =SUMPRODUCT(($C14:$AF14="N")*($D14:$AG14="T"))
A15: Murilo | B15: 36 | D15: M | G15: M | H15: M | I15: M | J15: M | K15: M | L15: N | N15: M | O15: M | P15: M | Q15: M | R15: M | S15: NT | U15: M | V15: M | W15: M | X15: M | Y15: M | Z15: N | AB15: M | AC15: M | AD15: M | AE15: D | AF15: M | AH15: =SUMPRODUCT(($C15:$AG15="M")*6+($C15:$AG15="T")*6+($C15:$AG15="D")*12+($C15:$AG15="N")*12+($C15:$AG15="NT")*6+($C15:$AG15="C")*10+($C15:$AG15="A")*8+($C15:$AG15="J")*5+($C15:$AG15="E")*4+($C15:$AG15="P")*6+($C15:$AG15="R")*6) | AI15: =SUMPRODUCT($C$4:$AG$4,($C15:$AG15="M")*6+($C15:$AG15="T")*6+($C15:$AG15="D")*12+($C15:$AG15="N")*12+($C15:$AG15="NT")*6+($C15:$AG15="C")*10+($C15:$AG15="A")*8+($C15:$AG15="J")*5+($C15:$AG15="E")*4+($C15:$AG15="P")*6+($C15:$AG15="R")*6) | AJ15: =SUMPRODUCT($C$5:$AG$5,($C15:$AG15="N")*1) | AK15: =SUMPRODUCT($C$6:$AG$6,($C15:$AG15="M")*6+($C15:$AG15="T")*6+($C15:$AG15="D")*12+($C15:$AG15="N")*12+($C15:$AG15="NT")*6+($C15:$AG15="C")*10+($C15:$AG15="A")*8+($C15:$AG15="J")*5+($C15:$AG15="E")*4+($C15:$AG15="P")*6+($C15:$AG15="R")*6) | AL15: =ROUND(B15*4.43,0) | AM15: =AH15-AL15 | AN15: =SUMPRODUCT(($C15:$AF15="N")*(($D15:$AG15="M")+($D15:$AG15="E")+($D15:$AG15="C")+($D15:$AG15="D"))) | AO15: =SUMPRODUCT(($C15:$AF15="N")*($D15:$AG15="T"))
A16: Janaina | B16: 30 | AH16: =SUMPRODUCT(($C16:$AG16="M")*6+($C16:$AG16="T")*6+($C16:$AG16="D")*12+($C16:$AG16="N")*12+($C16:$AG16="NT")*6+($C16:$AG16="C")*10+($C16:$AG16="A")*8+($C16:$AG16="J")*5+($C16:$AG16="E")*4+($C16:$AG16="P")*6+($C16:$AG16="R")*6) | AI16: =SUMPRODUCT($C$4:$AG$4,($C16:$AG16="M")*6+($C16:$AG16="T")*6+($C16:$AG16="D")*12+($C16:$AG16="N")*12+($C16:$AG16="NT")*6+($C16:$AG16="C")*10+($C16:$AG16="A")*8+($C16:$AG16="J")*5+($C16:$AG16="E")*4+($C16:$AG16="P")*6+($C16:$AG16="R")*6) | AJ16: =SUMPRODUCT($C$5:$AG$5,($C16:$AG16="N")*1) | AK16: =SUMPRODUCT($C$6:$AG$6,($C16:$AG16="M")*6+($C16:$AG16="T")*6+($C16:$AG16="D")*12+($C16:$AG16="N")*12+($C16:$AG16="NT")*6+($C16:$AG16="C")*10+($C16:$AG16="A")*8+($C16:$AG16="J")*5+($C16:$AG16="E")*4+($C16:$AG16="P")*6+($C16:$AG16="R")*6) | AL16: =ROUND(B16*4.43,0) | AM16: =AH16-AL16 | AN16: =SUMPRODUCT(($C16:$AF16="N")*(($D16:$AG16="M")+($D16:$AG16="E")+($D16:$AG16="C")+($D16:$AG16="D"))) | AO16: =SUMPRODUCT(($C16:$AF16="N")*($D16:$AG16="T"))
A17: Aline | B17: 40 | D17: T | E17: T | G17: T | H17: D | I17: T | J17: T | K17: N | N17: N | O17: D | P17: T | Q17: N | U17: T | V17: N | W17: M | Z17: M | AA17: N | AB17: D | AC17: N | AD17: T | AE17: N | AH17: =SUMPRODUCT(($C17:$AG17="M")*6+($C17:$AG17="T")*6+($C17:$AG17="D")*12+($C17:$AG17="N")*12+($C17:$AG17="NT")*6+($C17:$AG17="C")*10+($C17:$AG17="A")*8+($C17:$AG17="J")*5+($C17:$AG17="E")*4+($C17:$AG17="P")*6+($C17:$AG17="R")*6) | AI17: =SUMPRODUCT($C$4:$AG$4,($C17:$AG17="M")*6+($C17:$AG17="T")*6+($C17:$AG17="D")*12+($C17:$AG17="N")*12+($C17:$AG17="NT")*6+($C17:$AG17="C")*10+($C17:$AG17="A")*8+($C17:$AG17="J")*5+($C17:$AG17="E")*4+($C17:$AG17="P")*6+($C17:$AG17="R")*6) | AJ17: =SUMPRODUCT($C$5:$AG$5,($C17:$AG17="N")*1) | AK17: =SUMPRODUCT($C$6:$AG$6,($C17:$AG17="M")*6+($C17:$AG17="T")*6+($C17:$AG17="D")*12+($C17:$AG17="N")*12+($C17:$AG17="NT")*6+($C17:$AG17="C")*10+($C17:$AG17="A")*8+($C17:$AG17="J")*5+($C17:$AG17="E")*4+($C17:$AG17="P")*6+($C17:$AG17="R")*6) | AL17: =ROUND(B17*4.43,0) | AM17: =AH17-AL17 | AN17: =SUMPRODUCT(($C17:$AF17="N")*(($D17:$AG17="M")+($D17:$AG17="E")+($D17:$AG17="C")+($D17:$AG17="D"))) | AO17: =SUMPRODUCT(($C17:$AF17="N")*($D17:$AG17="T"))
A18: CaAbreu | B18: 36 | D18: N | F18: D | G18: D | I18: D | K18: N | N18: D | P18: D | S18: D | AH18: =SUMPRODUCT(($C18:$AG18="M")*6+($C18:$AG18="T")*6+($C18:$AG18="D")*12+($C18:$AG18="N")*12+($C18:$AG18="NT")*6+($C18:$AG18="C")*10+($C18:$AG18="A")*8+($C18:$AG18="J")*5+($C18:$AG18="E")*4+($C18:$AG18="P")*6+($C18:$AG18="R")*6) | AI18: =SUMPRODUCT($C$4:$AG$4,($C18:$AG18="M")*6+($C18:$AG18="T")*6+($C18:$AG18="D")*12+($C18:$AG18="N")*12+($C18:$AG18="NT")*6+($C18:$AG18="C")*10+($C18:$AG18="A")*8+($C18:$AG18="J")*5+($C18:$AG18="E")*4+($C18:$AG18="P")*6+($C18:$AG18="R")*6) | AJ18: =SUMPRODUCT($C$5:$AG$5,($C18:$AG18="N")*1) | AK18: =SUMPRODUCT($C$6:$AG$6,($C18:$AG18="M")*6+($C18:$AG18="T")*6+($C18:$AG18="D")*12+($C18:$AG18="N")*12+($C18:$AG18="NT")*6+($C18:$AG18="C")*10+($C18:$AG18="A")*8+($C18:$AG18="J")*5+($C18:$AG18="E")*4+($C18:$AG18="P")*6+($C18:$AG18="R")*6) | AL18: =ROUND(B18*4.43,0) | AM18: =AH18-AL18 | AN18: =SUMPRODUCT(($C18:$AF18="N")*(($D18:$AG18="M")+($D18:$AG18="E")+($D18:$AG18="C")+($D18:$AG18="D"))) | AO18: =SUMPRODUCT(($C18:$AF18="N")*($D18:$AG18="T"))
A19: Danielle | B19: 36 | G19: T | I19: NT | J19: N | M19: N | N19: N | P19: N | S19: N | W19: N | Y19: N | AA19: N | AD19: N | AE19: N | AH19: =SUMPRODUCT(($C19:$AG19="M")*6+($C19:$AG19="T")*6+($C19:$AG19="D")*12+($C19:$AG19="N")*12+($C19:$AG19="NT")*6+($C19:$AG19="C")*10+($C19:$AG19="A")*8+($C19:$AG19="J")*5+($C19:$AG19="E")*4+($C19:$AG19="P")*6+($C19:$AG19="R")*6) | AI19: =SUMPRODUCT($C$4:$AG$4,($C19:$AG19="M")*6+($C19:$AG19="T")*6+($C19:$AG19="D")*12+($C19:$AG19="N")*12+($C19:$AG19="NT")*6+($C19:$AG19="C")*10+($C19:$AG19="A")*8+($C19:$AG19="J")*5+($C19:$AG19="E")*4+($C19:$AG19="P")*6+($C19:$AG19="R")*6) | AJ19: =SUMPRODUCT($C$5:$AG$5,($C19:$AG19="N")*1) | AK19: =SUMPRODUCT($C$6:$AG$6,($C19:$AG19="M")*6+($C19:$AG19="T")*6+($C19:$AG19="D")*12+($C19:$AG19="N")*12+($C19:$AG19="NT")*6+($C19:$AG19="C")*10+($C19:$AG19="A")*8+($C19:$AG19="J")*5+($C19:$AG19="E")*4+($C19:$AG19="P")*6+($C19:$AG19="R")*6) | AL19: =ROUND(B19*4.43,0) | AM19: =AH19-AL19 | AN19: =SUMPRODUCT(($C19:$AF19="N")*(($D19:$AG19="M")+($D19:$AG19="E")+($D19:$AG19="C")+($D19:$AG19="D"))) | AO19: =SUMPRODUCT(($C19:$AF19="N")*($D19:$AG19="T"))
A20: Fabiula | B20: 36 | D20: N | I20: N | J20: N | L20: N | P20: N | Q20: N | T20: N | W20: N | X20: N | Y20: N | AD20: N | AG20: N | AH20: =SUMPRODUCT(($C20:$AG20="M")*6+($C20:$AG20="T")*6+($C20:$AG20="D")*12+($C20:$AG20="N")*12+($C20:$AG20="NT")*6+($C20:$AG20="C")*10+($C20:$AG20="A")*8+($C20:$AG20="J")*5+($C20:$AG20="E")*4+($C20:$AG20="P")*6+($C20:$AG20="R")*6) | AI20: =SUMPRODUCT($C$4:$AG$4,($C20:$AG20="M")*6+($C20:$AG20="T")*6+($C20:$AG20="D")*12+($C20:$AG20="N")*12+($C20:$AG20="NT")*6+($C20:$AG20="C")*10+($C20:$AG20="A")*8+($C20:$AG20="J")*5+($C20:$AG20="E")*4+($C20:$AG20="P")*6+($C20:$AG20="R")*6) | AJ20: =SUMPRODUCT($C$5:$AG$5,($C20:$AG20="N")*1) | AK20: =SUMPRODUCT($C$6:$AG$6,($C20:$AG20="M")*6+($C20:$AG20="T")*6+($C20:$AG20="D")*12+($C20:$AG20="N")*12+($C20:$AG20="NT")*6+($C20:$AG20="C")*10+($C20:$AG20="A")*8+($C20:$AG20="J")*5+($C20:$AG20="E")*4+($C20:$AG20="P")*6+($C20:$AG20="R")*6) | AL20: =ROUND(B20*4.43,0) | AM20: =AH20-AL20 | AN20: =SUMPRODUCT(($C20:$AF20="N")*(($D20:$AG20="M")+($D20:$AG20="E")+($D20:$AG20="C")+($D20:$AG20="D"))) | AO20: =SUMPRODUCT(($C20:$AF20="N")*($D20:$AG20="T"))
A21: Isabella | B21: 36 | D21: T | E21: D | F21: M | G21: T | I21: M | J21: M | L21: M | M21: N | N21: T | O21: N | Q21: M | R21: D | U21: T | V21: D | Y21: D | AB21: T | AC21: D | AD21: M | AE21: N | AH21: =SUMPRODUCT(($C21:$AG21="M")*6+($C21:$AG21="T")*6+($C21:$AG21="D")*12+($C21:$AG21="N")*12+($C21:$AG21="NT")*6+($C21:$AG21="C")*10+($C21:$AG21="A")*8+($C21:$AG21="J")*5+($C21:$AG21="E")*4+($C21:$AG21="P")*6+($C21:$AG21="R")*6) | AI21: =SUMPRODUCT($C$4:$AG$4,($C21:$AG21="M")*6+($C21:$AG21="T")*6+($C21:$AG21="D")*12+($C21:$AG21="N")*12+($C21:$AG21="NT")*6+($C21:$AG21="C")*10+($C21:$AG21="A")*8+($C21:$AG21="J")*5+($C21:$AG21="E")*4+($C21:$AG21="P")*6+($C21:$AG21="R")*6) | AJ21: =SUMPRODUCT($C$5:$AG$5,($C21:$AG21="N")*1) | AK21: =SUMPRODUCT($C$6:$AG$6,($C21:$AG21="M")*6+($C21:$AG21="T")*6+($C21:$AG21="D")*12+($C21:$AG21="N")*12+($C21:$AG21="NT")*6+($C21:$AG21="C")*10+($C21:$AG21="A")*8+($C21:$AG21="J")*5+($C21:$AG21="E")*4+($C21:$AG21="P")*6+($C21:$AG21="R")*6) | AL21: =ROUND(B21*4.43,0) | AM21: =AH21-AL21 | AN21: =SUMPRODUCT(($C21:$AF21="N")*(($D21:$AG21="M")+($D21:$AG21="E")+($D21:$AG21="C")+($D21:$AG21="D"))) | AO21: =SUMPRODUCT(($C21:$AF21="N")*($D21:$AG21="T"))
A22: JuBrito | B22: 30 | D22: D | E22: T | F22: D | V22: D | X22: T | Y22: N | AC22: D | AD22: D | AE22: M | AG22: M | AH22: =SUMPRODUCT(($C22:$AG22="M")*6+($C22:$AG22="T")*6+($C22:$AG22="D")*12+($C22:$AG22="N")*12+($C22:$AG22="NT")*6+($C22:$AG22="C")*10+($C22:$AG22="A")*8+($C22:$AG22="J")*5+($C22:$AG22="E")*4+($C22:$AG22="P")*6+($C22:$AG22="R")*6) | AI22: =SUMPRODUCT($C$4:$AG$4,($C22:$AG22="M")*6+($C22:$AG22="T")*6+($C22:$AG22="D")*12+($C22:$AG22="N")*12+($C22:$AG22="NT")*6+($C22:$AG22="C")*10+($C22:$AG22="A")*8+($C22:$AG22="J")*5+($C22:$AG22="E")*4+($C22:$AG22="P")*6+($C22:$AG22="R")*6) | AJ22: =SUMPRODUCT($C$5:$AG$5,($C22:$AG22="N")*1) | AK22: =SUMPRODUCT($C$6:$AG$6,($C22:$AG22="M")*6+($C22:$AG22="T")*6+($C22:$AG22="D")*12+($C22:$AG22="N")*12+($C22:$AG22="NT")*6+($C22:$AG22="C")*10+($C22:$AG22="A")*8+($C22:$AG22="J")*5+($C22:$AG22="E")*4+($C22:$AG22="P")*6+($C22:$AG22="R")*6) | AL22: =ROUND(B22*4.43,0) | AM22: =AH22-AL22 | AN22: =SUMPRODUCT(($C22:$AF22="N")*(($D22:$AG22="M")+($D22:$AG22="E")+($D22:$AG22="C")+($D22:$AG22="D"))) | AO22: =SUMPRODUCT(($C22:$AF22="N")*($D22:$AG22="T"))
A23: Kariny | B23: 36 | D23: M | G23: D | H23: T | L23: D | M23: D | N23: T | O23: D | Q23: D | U23: D | V23: D | X23: D | AB23: D | AC23: D | AG23: D | AH23: =SUMPRODUCT(($C23:$AG23="M")*6+($C23:$AG23="T")*6+($C23:$AG23="D")*12+($C23:$AG23="N")*12+($C23:$AG23="NT")*6+($C23:$AG23="C")*10+($C23:$AG23="A")*8+($C23:$AG23="J")*5+($C23:$AG23="E")*4+($C23:$AG23="P")*6+($C23:$AG23="R")*6) | AI23: =SUMPRODUCT($C$4:$AG$4,($C23:$AG23="M")*6+($C23:$AG23="T")*6+($C23:$AG23="D")*12+($C23:$AG23="N")*12+($C23:$AG23="NT")*6+($C23:$AG23="C")*10+($C23:$AG23="A")*8+($C23:$AG23="J")*5+($C23:$AG23="E")*4+($C23:$AG23="P")*6+($C23:$AG23="R")*6) | AJ23: =SUMPRODUCT($C$5:$AG$5,($C23:$AG23="N")*1) | AK23: =SUMPRODUCT($C$6:$AG$6,($C23:$AG23="M")*6+($C23:$AG23="T")*6+($C23:$AG23="D")*12+($C23:$AG23="N")*12+($C23:$AG23="NT")*6+($C23:$AG23="C")*10+($C23:$AG23="A")*8+($C23:$AG23="J")*5+($C23:$AG23="E")*4+($C23:$AG23="P")*6+($C23:$AG23="R")*6) | AL23: =ROUND(B23*4.43,0) | AM23: =AH23-AL23 | AN23: =SUMPRODUCT(($C23:$AF23="N")*(($D23:$AG23="M")+($D23:$AG23="E")+($D23:$AG23="C")+($D23:$AG23="D"))) | AO23: =SUMPRODUCT(($C23:$AF23="N")*($D23:$AG23="T"))
A24: Mayana | B24: 36 | E24: D | G24: D | I24: N | L24: N | N24: M | O24: D | P24: M | R24: N | AH24: =SUMPRODUCT(($C24:$AG24="M")*6+($C24:$AG24="T")*6+($C24:$AG24="D")*12+($C24:$AG24="N")*12+($C24:$AG24="NT")*6+($C24:$AG24="C")*10+($C24:$AG24="A")*8+($C24:$AG24="J")*5+($C24:$AG24="E")*4+($C24:$AG24="P")*6+($C24:$AG24="R")*6) | AI24: =SUMPRODUCT($C$4:$AG$4,($C24:$AG24="M")*6+($C24:$AG24="T")*6+($C24:$AG24="D")*12+($C24:$AG24="N")*12+($C24:$AG24="NT")*6+($C24:$AG24="C")*10+($C24:$AG24="A")*8+($C24:$AG24="J")*5+($C24:$AG24="E")*4+($C24:$AG24="P")*6+($C24:$AG24="R")*6) | AJ24: =SUMPRODUCT($C$5:$AG$5,($C24:$AG24="N")*1) | AK24: =SUMPRODUCT($C$6:$AG$6,($C24:$AG24="M")*6+($C24:$AG24="T")*6+($C24:$AG24="D")*12+($C24:$AG24="N")*12+($C24:$AG24="NT")*6+($C24:$AG24="C")*10+($C24:$AG24="A")*8+($C24:$AG24="J")*5+($C24:$AG24="E")*4+($C24:$AG24="P")*6+($C24:$AG24="R")*6) | AL24: =ROUND(B24*4.43,0) | AM24: =AH24-AL24 | AN24: =SUMPRODUCT(($C24:$AF24="N")*(($D24:$AG24="M")+($D24:$AG24="E")+($D24:$AG24="C")+($D24:$AG24="D"))) | AO24: =SUMPRODUCT(($C24:$AF24="N")*($D24:$AG24="T"))
A25: Neyde | B25: 36 | F25: N | H25: N | I25: N | M25: N | O25: N | P25: N | T25: N | U25: N | V25: N | W25: N | AB25: N | AC25: N | AD25: N | AH25: =SUMPRODUCT(($C25:$AG25="M")*6+($C25:$AG25="T")*6+($C25:$AG25="D")*12+($C25:$AG25="N")*12+($C25:$AG25="NT")*6+($C25:$AG25="C")*10+($C25:$AG25="A")*8+($C25:$AG25="J")*5+($C25:$AG25="E")*4+($C25:$AG25="P")*6+($C25:$AG25="R")*6) | AI25: =SUMPRODUCT($C$4:$AG$4,($C25:$AG25="M")*6+($C25:$AG25="T")*6+($C25:$AG25="D")*12+($C25:$AG25="N")*12+($C25:$AG25="NT")*6+($C25:$AG25="C")*10+($C25:$AG25="A")*8+($C25:$AG25="J")*5+($C25:$AG25="E")*4+($C25:$AG25="P")*6+($C25:$AG25="R")*6) | AJ25: =SUMPRODUCT($C$5:$AG$5,($C25:$AG25="N")*1) | AK25: =SUMPRODUCT($C$6:$AG$6,($C25:$AG25="M")*6+($C25:$AG25="T")*6+($C25:$AG25="D")*12+($C25:$AG25="N")*12+($C25:$AG25="NT")*6+($C25:$AG25="C")*10+($C25:$AG25="A")*8+($C25:$AG25="J")*5+($C25:$AG25="E")*4+($C25:$AG25="P")*6+($C25:$AG25="R")*6) | AL25: =ROUND(B25*4.43,0) | AM25: =AH25-AL25 | AN25: =SUMPRODUCT(($C25:$AF25="N")*(($D25:$AG25="M")+($D25:$AG25="E")+($D25:$AG25="C")+($D25:$AG25="D"))) | AO25: =SUMPRODUCT(($C25:$AF25="N")*($D25:$AG25="T"))
A26: Roberta | B26: 36 | D26: D | E26: M | G26: M | H26: N | I26: T | J26: D | AF26: D | AG26: M | AH26: =SUMPRODUCT(($C26:$AG26="M")*6+($C26:$AG26="T")*6+($C26:$AG26="D")*12+($C26:$AG26="N")*12+($C26:$AG26="NT")*6+($C26:$AG26="C")*10+($C26:$AG26="A")*8+($C26:$AG26="J")*5+($C26:$AG26="E")*4+($C26:$AG26="P")*6+($C26:$AG26="R")*6) | AI26: =SUMPRODUCT($C$4:$AG$4,($C26:$AG26="M")*6+($C26:$AG26="T")*6+($C26:$AG26="D")*12+($C26:$AG26="N")*12+($C26:$AG26="NT")*6+($C26:$AG26="C")*10+($C26:$AG26="A")*8+($C26:$AG26="J")*5+($C26:$AG26="E")*4+($C26:$AG26="P")*6+($C26:$AG26="R")*6) | AJ26: =SUMPRODUCT($C$5:$AG$5,($C26:$AG26="N")*1) | AK26: =SUMPRODUCT($C$6:$AG$6,($C26:$AG26="M")*6+($C26:$AG26="T")*6+($C26:$AG26="D")*12+($C26:$AG26="N")*12+($C26:$AG26="NT")*6+($C26:$AG26="C")*10+($C26:$AG26="A")*8+($C26:$AG26="J")*5+($C26:$AG26="E")*4+($C26:$AG26="P")*6+($C26:$AG26="R")*6) | AL26: =ROUND(B26*4.43,0) | AM26: =AH26-AL26 | AN26: =SUMPRODUCT(($C26:$AF26="N")*(($D26:$AG26="M")+($D26:$AG26="E")+($D26:$AG26="C")+($D26:$AG26="D"))) | AO26: =SUMPRODUCT(($C26:$AF26="N")*($D26:$AG26="T"))
A27: LuAlice | B27: 36 | E27: N | H27: N | J27: N | O27: N | Q27: M | S27: N | V27: N | X27: N | Z27: N | AC27: N | AD27: M | AE27: N | AH27: =SUMPRODUCT(($C27:$AG27="M")*6+($C27:$AG27="T")*6+($C27:$AG27="D")*12+($C27:$AG27="N")*12+($C27:$AG27="NT")*6+($C27:$AG27="C")*10+($C27:$AG27="A")*8+($C27:$AG27="J")*5+($C27:$AG27="E")*4+($C27:$AG27="P")*6+($C27:$AG27="R")*6) | AI27: =SUMPRODUCT($C$4:$AG$4,($C27:$AG27="M")*6+($C27:$AG27="T")*6+($C27:$AG27="D")*12+($C27:$AG27="N")*12+($C27:$AG27="NT")*6+($C27:$AG27="C")*10+($C27:$AG27="A")*8+($C27:$AG27="J")*5+($C27:$AG27="E")*4+($C27:$AG27="P")*6+($C27:$AG27="R")*6) | AJ27: =SUMPRODUCT($C$5:$AG$5,($C27:$AG27="N")*1) | AK27: =SUMPRODUCT($C$6:$AG$6,($C27:$AG27="M")*6+($C27:$AG27="T")*6+($C27:$AG27="D")*12+($C27:$AG27="N")*12+($C27:$AG27="NT")*6+($C27:$AG27="C")*10+($C27:$AG27="A")*8+($C27:$AG27="J")*5+($C27:$AG27="E")*4+($C27:$AG27="P")*6+($C27:$AG27="R")*6) | AL27: =ROUND(B27*4.43,0) | AM27: =AH27-AL27 | AN27: =SUMPRODUCT(($C27:$AF27="N")*(($D27:$AG27="M")+($D27:$AG27="E")+($D27:$AG27="C")+($D27:$AG27="D"))) | AO27: =SUMPRODUCT(($C27:$AF27="N")*($D27:$AG27="T"))
A28: Amanda | B28: 30 | D28: D | E28: D | F28: D | H28: T | I28: M | J28: D | M28: M | N28: N | O28: T | P28: D | W28: D | X28: N | Z28: NT | AB28: M | AD28: D | AF28: N | AH28: =SUMPRODUCT(($C28:$AG28="M")*6+($C28:$AG28="T")*6+($C28:$AG28="D")*12+($C28:$AG28="N")*12+($C28:$AG28="NT")*6+($C28:$AG28="C")*10+($C28:$AG28="A")*8+($C28:$AG28="J")*5+($C28:$AG28="E")*4+($C28:$AG28="P")*6+($C28:$AG28="R")*6) | AI28: =SUMPRODUCT($C$4:$AG$4,($C28:$AG28="M")*6+($C28:$AG28="T")*6+($C28:$AG28="D")*12+($C28:$AG28="N")*12+($C28:$AG28="NT")*6+($C28:$AG28="C")*10+($C28:$AG28="A")*8+($C28:$AG28="J")*5+($C28:$AG28="E")*4+($C28:$AG28="P")*6+($C28:$AG28="R")*6) | AJ28: =SUMPRODUCT($C$5:$AG$5,($C28:$AG28="N")*1) | AK28: =SUMPRODUCT($C$6:$AG$6,($C28:$AG28="M")*6+($C28:$AG28="T")*6+($C28:$AG28="D")*12+($C28:$AG28="N")*12+($C28:$AG28="NT")*6+($C28:$AG28="C")*10+($C28:$AG28="A")*8+($C28:$AG28="J")*5+($C28:$AG28="E")*4+($C28:$AG28="P")*6+($C28:$AG28="R")*6) | AL28: =ROUND(B28*4.43,0) | AM28: =AH28-AL28 | AN28: =SUMPRODUCT(($C28:$AF28="N")*(($D28:$AG28="M")+($D28:$AG28="E")+($D28:$AG28="C")+($D28:$AG28="D"))) | AO28: =SUMPRODUCT(($C28:$AF28="N")*($D28:$AG28="T"))
A29: Fernando | B29: 30 | D29: M | E29: M | G29: N | I29: M | J29: M | L29: M | N29: N | P29: M | Q29: M | S29: M | U29: N | W29: M | X29: M | Z29: M | AB29: N | AD29: M | AE29: M | AG29: M | AH29: =SUMPRODUCT(($C29:$AG29="M")*6+($C29:$AG29="T")*6+($C29:$AG29="D")*12+($C29:$AG29="N")*12+($C29:$AG29="NT")*6+($C29:$AG29="C")*10+($C29:$AG29="A")*8+($C29:$AG29="J")*5+($C29:$AG29="E")*4+($C29:$AG29="P")*6+($C29:$AG29="R")*6) | AI29: =SUMPRODUCT($C$4:$AG$4,($C29:$AG29="M")*6+($C29:$AG29="T")*6+($C29:$AG29="D")*12+($C29:$AG29="N")*12+($C29:$AG29="NT")*6+($C29:$AG29="C")*10+($C29:$AG29="A")*8+($C29:$AG29="J")*5+($C29:$AG29="E")*4+($C29:$AG29="P")*6+($C29:$AG29="R")*6) | AJ29: =SUMPRODUCT($C$5:$AG$5,($C29:$AG29="N")*1) | AK29: =SUMPRODUCT($C$6:$AG$6,($C29:$AG29="M")*6+($C29:$AG29="T")*6+($C29:$AG29="D")*12+($C29:$AG29="N")*12+($C29:$AG29="NT")*6+($C29:$AG29="C")*10+($C29:$AG29="A")*8+($C29:$AG29="J")*5+($C29:$AG29="E")*4+($C29:$AG29="P")*6+($C29:$AG29="R")*6) | AL29: =ROUND(B29*4.43,0) | AM29: =AH29-AL29 | AN29: =SUMPRODUCT(($C29:$AF29="N")*(($D29:$AG29="M")+($D29:$AG29="E")+($D29:$AG29="C")+($D29:$AG29="D"))) | AO29: =SUMPRODUCT(($C29:$AF29="N")*($D29:$AG29="T"))
A30: João | B30: 30 | E30: N | H30: N | I30: T | K30: T | O30: N | R30: N | T30: D | V30: N | W30: T | AA30: N | AC30: N | AD30: T | AH30: =SUMPRODUCT(($C30:$AG30="M")*6+($C30:$AG30="T")*6+($C30:$AG30="D")*12+($C30:$AG30="N")*12+($C30:$AG30="NT")*6+($C30:$AG30="C")*10+($C30:$AG30="A")*8+($C30:$AG30="J")*5+($C30:$AG30="E")*4+($C30:$AG30="P")*6+($C30:$AG30="R")*6) | AI30: =SUMPRODUCT($C$4:$AG$4,($C30:$AG30="M")*6+($C30:$AG30="T")*6+($C30:$AG30="D")*12+($C30:$AG30="N")*12+($C30:$AG30="NT")*6+($C30:$AG30="C")*10+($C30:$AG30="A")*8+($C30:$AG30="J")*5+($C30:$AG30="E")*4+($C30:$AG30="P")*6+($C30:$AG30="R")*6) | AJ30: =SUMPRODUCT($C$5:$AG$5,($C30:$AG30="N")*1) | AK30: =SUMPRODUCT($C$6:$AG$6,($C30:$AG30="M")*6+($C30:$AG30="T")*6+($C30:$AG30="D")*12+($C30:$AG30="N")*12+($C30:$AG30="NT")*6+($C30:$AG30="C")*10+($C30:$AG30="A")*8+($C30:$AG30="J")*5+($C30:$AG30="E")*4+($C30:$AG30="P")*6+($C30:$AG30="R")*6) | AL30: =ROUND(B30*4.43,0) | AM30: =AH30-AL30 | AN30: =SUMPRODUCT(($C30:$AF30="N")*(($D30:$AG30="M")+($D30:$AG30="E")+($D30:$AG30="C")+($D30:$AG30="D"))) | AO30: =SUMPRODUCT(($C30:$AF30="N")*($D30:$AG30="T"))
A31: JuCoutinho | B31: 30 | D31: M | E31: N | G31: T | H31: D | I31: D | M31: T | N31: D | P31: T | R31: M | S31: N | U31: D | V31: M | W31: D | Y31: M | AB31: D | AD31: D | AF31: M | AG31: M | AH31: =SUMPRODUCT(($C31:$AG31="M")*6+($C31:$AG31="T")*6+($C31:$AG31="D")*12+($C31:$AG31="N")*12+($C31:$AG31="NT")*6+($C31:$AG31="C")*10+($C31:$AG31="A")*8+($C31:$AG31="J")*5+($C31:$AG31="E")*4+($C31:$AG31="P")*6+($C31:$AG31="R")*6) | AI31: =SUMPRODUCT($C$4:$AG$4,($C31:$AG31="M")*6+($C31:$AG31="T")*6+($C31:$AG31="D")*12+($C31:$AG31="N")*12+($C31:$AG31="NT")*6+($C31:$AG31="C")*10+($C31:$AG31="A")*8+($C31:$AG31="J")*5+($C31:$AG31="E")*4+($C31:$AG31="P")*6+($C31:$AG31="R")*6) | AJ31: =SUMPRODUCT($C$5:$AG$5,($C31:$AG31="N")*1) | AK31: =SUMPRODUCT($C$6:$AG$6,($C31:$AG31="M")*6+($C31:$AG31="T")*6+($C31:$AG31="D")*12+($C31:$AG31="N")*12+($C31:$AG31="NT")*6+($C31:$AG31="C")*10+($C31:$AG31="A")*8+($C31:$AG31="J")*5+($C31:$AG31="E")*4+($C31:$AG31="P")*6+($C31:$AG31="R")*6) | AL31: =ROUND(B31*4.43,0) | AM31: =AH31-AL31 | AN31: =SUMPRODUCT(($C31:$AF31="N")*(($D31:$AG31="M")+($D31:$AG31="E")+($D31:$AG31="C")+($D31:$AG31="D"))) | AO31: =SUMPRODUCT(($C31:$AF31="N")*($D31:$AG31="T"))
A32: LeLemos | B32: 30 | D32: N | F32: M | G32: N | K32: N | M32: D | N32: D | Q32: T | T32: M | U32: N | Z32: M | AA32: M | AD32: N | AF32: T | AH32: =SUMPRODUCT(($C32:$AG32="M")*6+($C32:$AG32="T")*6+($C32:$AG32="D")*12+($C32:$AG32="N")*12+($C32:$AG32="NT")*6+($C32:$AG32="C")*10+($C32:$AG32="A")*8+($C32:$AG32="J")*5+($C32:$AG32="E")*4+($C32:$AG32="P")*6+($C32:$AG32="R")*6) | AI32: =SUMPRODUCT($C$4:$AG$4,($C32:$AG32="M")*6+($C32:$AG32="T")*6+($C32:$AG32="D")*12+($C32:$AG32="N")*12+($C32:$AG32="NT")*6+($C32:$AG32="C")*10+($C32:$AG32="A")*8+($C32:$AG32="J")*5+($C32:$AG32="E")*4+($C32:$AG32="P")*6+($C32:$AG32="R")*6) | AJ32: =SUMPRODUCT($C$5:$AG$5,($C32:$AG32="N")*1) | AK32: =SUMPRODUCT($C$6:$AG$6,($C32:$AG32="M")*6+($C32:$AG32="T")*6+($C32:$AG32="D")*12+($C32:$AG32="N")*12+($C32:$AG32="NT")*6+($C32:$AG32="C")*10+($C32:$AG32="A")*8+($C32:$AG32="J")*5+($C32:$AG32="E")*4+($C32:$AG32="P")*6+($C32:$AG32="R")*6) | AL32: =ROUND(B32*4.43,0) | AM32: =AH32-AL32 | AN32: =SUMPRODUCT(($C32:$AF32="N")*(($D32:$AG32="M")+($D32:$AG32="E")+($D32:$AG32="C")+($D32:$AG32="D"))) | AO32: =SUMPRODUCT(($C32:$AF32="N")*($D32:$AG32="T"))
A33: Leomara | B33: 24 | AH33: =SUMPRODUCT(($C33:$AG33="M")*6+($C33:$AG33="T")*6+($C33:$AG33="D")*12+($C33:$AG33="N")*12+($C33:$AG33="NT")*6+($C33:$AG33="C")*10+($C33:$AG33="A")*8+($C33:$AG33="J")*5+($C33:$AG33="E")*4+($C33:$AG33="P")*6+($C33:$AG33="R")*6) | AI33: =SUMPRODUCT($C$4:$AG$4,($C33:$AG33="M")*6+($C33:$AG33="T")*6+($C33:$AG33="D")*12+($C33:$AG33="N")*12+($C33:$AG33="NT")*6+($C33:$AG33="C")*10+($C33:$AG33="A")*8+($C33:$AG33="J")*5+($C33:$AG33="E")*4+($C33:$AG33="P")*6+($C33:$AG33="R")*6) | AJ33: =SUMPRODUCT($C$5:$AG$5,($C33:$AG33="N")*1) | AK33: =SUMPRODUCT($C$6:$AG$6,($C33:$AG33="M")*6+($C33:$AG33="T")*6+($C33:$AG33="D")*12+($C33:$AG33="N")*12+($C33:$AG33="NT")*6+($C33:$AG33="C")*10+($C33:$AG33="A")*8+($C33:$AG33="J")*5+($C33:$AG33="E")*4+($C33:$AG33="P")*6+($C33:$AG33="R")*6) | AL33: =ROUND(B33*4.43,0) | AM33: =AH33-AL33 | AN33: =SUMPRODUCT(($C33:$AF33="N")*(($D33:$AG33="M")+($D33:$AG33="E")+($D33:$AG33="C")+($D33:$AG33="D"))) | AO33: =SUMPRODUCT(($C33:$AF33="N")*($D33:$AG33="T"))
A34: Marilia | B34: 30 | D34: D | I34: D | L34: D | M34: M | O34: D | P34: M | R34: N | W34: D | X34: M | AA34: D | AC34: D | AD34: M | AE34: D | AH34: =SUMPRODUCT(($C34:$AG34="M")*6+($C34:$AG34="T")*6+($C34:$AG34="D")*12+($C34:$AG34="N")*12+($C34:$AG34="NT")*6+($C34:$AG34="C")*10+($C34:$AG34="A")*8+($C34:$AG34="J")*5+($C34:$AG34="E")*4+($C34:$AG34="P")*6+($C34:$AG34="R")*6) | AI34: =SUMPRODUCT($C$4:$AG$4,($C34:$AG34="M")*6+($C34:$AG34="T")*6+($C34:$AG34="D")*12+($C34:$AG34="N")*12+($C34:$AG34="NT")*6+($C34:$AG34="C")*10+($C34:$AG34="A")*8+($C34:$AG34="J")*5+($C34:$AG34="E")*4+($C34:$AG34="P")*6+($C34:$AG34="R")*6) | AJ34: =SUMPRODUCT($C$5:$AG$5,($C34:$AG34="N")*1) | AK34: =SUMPRODUCT($C$6:$AG$6,($C34:$AG34="M")*6+($C34:$AG34="T")*6+($C34:$AG34="D")*12+($C34:$AG34="N")*12+($C34:$AG34="NT")*6+($C34:$AG34="C")*10+($C34:$AG34="A")*8+($C34:$AG34="J")*5+($C34:$AG34="E")*4+($C34:$AG34="P")*6+($C34:$AG34="R")*6) | AL34: =ROUND(B34*4.43,0) | AM34: =AH34-AL34 | AN34: =SUMPRODUCT(($C34:$AF34="N")*(($D34:$AG34="M")+($D34:$AG34="E")+($D34:$AG34="C")+($D34:$AG34="D"))) | AO34: =SUMPRODUCT(($C34:$AF34="N")*($D34:$AG34="T"))
A35: Raylander | B35: 30 | F35: D | G35: N | I35: D | L35: M | O35: M | Q35: N | S35: N | U35: N | W35: T | Y35: N | AB35: N | AC35: M | AE35: N | AH35: =SUMPRODUCT(($C35:$AG35="M")*6+($C35:$AG35="T")*6+($C35:$AG35="D")*12+($C35:$AG35="N")*12+($C35:$AG35="NT")*6+($C35:$AG35="C")*10+($C35:$AG35="A")*8+($C35:$AG35="J")*5+($C35:$AG35="E")*4+($C35:$AG35="P")*6+($C35:$AG35="R")*6) | AI35: =SUMPRODUCT($C$4:$AG$4,($C35:$AG35="M")*6+($C35:$AG35="T")*6+($C35:$AG35="D")*12+($C35:$AG35="N")*12+($C35:$AG35="NT")*6+($C35:$AG35="C")*10+($C35:$AG35="A")*8+($C35:$AG35="J")*5+($C35:$AG35="E")*4+($C35:$AG35="P")*6+($C35:$AG35="R")*6) | AJ35: =SUMPRODUCT($C$5:$AG$5,($C35:$AG35="N")*1) | AK35: =SUMPRODUCT($C$6:$AG$6,($C35:$AG35="M")*6+($C35:$AG35="T")*6+($C35:$AG35="D")*12+($C35:$AG35="N")*12+($C35:$AG35="NT")*6+($C35:$AG35="C")*10+($C35:$AG35="A")*8+($C35:$AG35="J")*5+($C35:$AG35="E")*4+($C35:$AG35="P")*6+($C35:$AG35="R")*6) | AL35: =ROUND(B35*4.43,0) | AM35: =AH35-AL35 | AN35: =SUMPRODUCT(($C35:$AF35="N")*(($D35:$AG35="M")+($D35:$AG35="E")+($D35:$AG35="C")+($D35:$AG35="D"))) | AO35: =SUMPRODUCT(($C35:$AF35="N")*($D35:$AG35="T"))
A36: Ricardo | B36: 30 | D36: D | E36: T | F36: T | H36: N | J36: M | K36: D | O36: NT | R36: M | S36: D | T36: M | V36: N | X36: M | Y36: D | AB36: M | AC36: N | AF36: D | AH36: =SUMPRODUCT(($C36:$AG36="M")*6+($C36:$AG36="T")*6+($C36:$AG36="D")*12+($C36:$AG36="N")*12+($C36:$AG36="NT")*6+($C36:$AG36="C")*10+($C36:$AG36="A")*8+($C36:$AG36="J")*5+($C36:$AG36="E")*4+($C36:$AG36="P")*6+($C36:$AG36="R")*6) | AI36: =SUMPRODUCT($C$4:$AG$4,($C36:$AG36="M")*6+($C36:$AG36="T")*6+($C36:$AG36="D")*12+($C36:$AG36="N")*12+($C36:$AG36="NT")*6+($C36:$AG36="C")*10+($C36:$AG36="A")*8+($C36:$AG36="J")*5+($C36:$AG36="E")*4+($C36:$AG36="P")*6+($C36:$AG36="R")*6) | AJ36: =SUMPRODUCT($C$5:$AG$5,($C36:$AG36="N")*1) | AK36: =SUMPRODUCT($C$6:$AG$6,($C36:$AG36="M")*6+($C36:$AG36="T")*6+($C36:$AG36="D")*12+($C36:$AG36="N")*12+($C36:$AG36="NT")*6+($C36:$AG36="C")*10+($C36:$AG36="A")*8+($C36:$AG36="J")*5+($C36:$AG36="E")*4+($C36:$AG36="P")*6+($C36:$AG36="R")*6) | AL36: =ROUND(B36*4.43,0) | AM36: =AH36-AL36 | AN36: =SUMPRODUCT(($C36:$AF36="N")*(($D36:$AG36="M")+($D36:$AG36="E")+($D36:$AG36="C")+($D36:$AG36="D"))) | AO36: =SUMPRODUCT(($C36:$AF36="N")*($D36:$AG36="T"))
A37: Rosana | B37: 30 | F37: N | H37: D | J37: D | K37: M | O37: D | R37: M | T37: N | U37: M | W37: M | X37: T | Y37: M | Z37: T | AB37: M | AC37: D | AE37: D | AH37: =SUMPRODUCT(($C37:$AG37="M")*6+($C37:$AG37="T")*6+($C37:$AG37="D")*12+($C37:$AG37="N")*12+($C37:$AG37="NT")*6+($C37:$AG37="C")*10+($C37:$AG37="A")*8+($C37:$AG37="J")*5+($C37:$AG37="E")*4+($C37:$AG37="P")*6+($C37:$AG37="R")*6) | AI37: =SUMPRODUCT($C$4:$AG$4,($C37:$AG37="M")*6+($C37:$AG37="T")*6+($C37:$AG37="D")*12+($C37:$AG37="N")*12+($C37:$AG37="NT")*6+($C37:$AG37="C")*10+($C37:$AG37="A")*8+($C37:$AG37="J")*5+($C37:$AG37="E")*4+($C37:$AG37="P")*6+($C37:$AG37="R")*6) | AJ37: =SUMPRODUCT($C$5:$AG$5,($C37:$AG37="N")*1) | AK37: =SUMPRODUCT($C$6:$AG$6,($C37:$AG37="M")*6+($C37:$AG37="T")*6+($C37:$AG37="D")*12+($C37:$AG37="N")*12+($C37:$AG37="NT")*6+($C37:$AG37="C")*10+($C37:$AG37="A")*8+($C37:$AG37="J")*5+($C37:$AG37="E")*4+($C37:$AG37="P")*6+($C37:$AG37="R")*6) | AL37: =ROUND(B37*4.43,0) | AM37: =AH37-AL37 | AN37: =SUMPRODUCT(($C37:$AF37="N")*(($D37:$AG37="M")+($D37:$AG37="E")+($D37:$AG37="C")+($D37:$AG37="D"))) | AO37: =SUMPRODUCT(($C37:$AF37="N")*($D37:$AG37="T"))
A38: AnaSeverino | B38: 24 | AH38: =SUMPRODUCT(($C38:$AG38="M")*6+($C38:$AG38="T")*6+($C38:$AG38="D")*12+($C38:$AG38="N")*12+($C38:$AG38="NT")*6+($C38:$AG38="C")*10+($C38:$AG38="A")*8+($C38:$AG38="J")*5+($C38:$AG38="E")*4+($C38:$AG38="P")*6+($C38:$AG38="R")*6) | AI38: =SUMPRODUCT($C$4:$AG$4,($C38:$AG38="M")*6+($C38:$AG38="T")*6+($C38:$AG38="D")*12+($C38:$AG38="N")*12+($C38:$AG38="NT")*6+($C38:$AG38="C")*10+($C38:$AG38="A")*8+($C38:$AG38="J")*5+($C38:$AG38="E")*4+($C38:$AG38="P")*6+($C38:$AG38="R")*6) | AJ38: =SUMPRODUCT($C$5:$AG$5,($C38:$AG38="N")*1) | AK38: =SUMPRODUCT($C$6:$AG$6,($C38:$AG38="M")*6+($C38:$AG38="T")*6+($C38:$AG38="D")*12+($C38:$AG38="N")*12+($C38:$AG38="NT")*6+($C38:$AG38="C")*10+($C38:$AG38="A")*8+($C38:$AG38="J")*5+($C38:$AG38="E")*4+($C38:$AG38="P")*6+($C38:$AG38="R")*6) | AL38: =ROUND(B38*4.43,0) | AM38: =AH38-AL38 | AN38: =SUMPRODUCT(($C38:$AF38="N")*(($D38:$AG38="M")+($D38:$AG38="E")+($D38:$AG38="C")+($D38:$AG38="D"))) | AO38: =SUMPRODUCT(($C38:$AF38="N")*($D38:$AG38="T"))
A39: Anna | B39: 24 | E39: N | G39: T | H39: M | K39: M | L39: T | N39: T | O39: M | Q39: T | R39: M | V39: M | W39: D | Y39: M | AC39: M | AE39: M | AG39: N | AH39: =SUMPRODUCT(($C39:$AG39="M")*6+($C39:$AG39="T")*6+($C39:$AG39="D")*12+($C39:$AG39="N")*12+($C39:$AG39="NT")*6+($C39:$AG39="C")*10+($C39:$AG39="A")*8+($C39:$AG39="J")*5+($C39:$AG39="E")*4+($C39:$AG39="P")*6+($C39:$AG39="R")*6) | AI39: =SUMPRODUCT($C$4:$AG$4,($C39:$AG39="M")*6+($C39:$AG39="T")*6+($C39:$AG39="D")*12+($C39:$AG39="N")*12+($C39:$AG39="NT")*6+($C39:$AG39="C")*10+($C39:$AG39="A")*8+($C39:$AG39="J")*5+($C39:$AG39="E")*4+($C39:$AG39="P")*6+($C39:$AG39="R")*6) | AJ39: =SUMPRODUCT($C$5:$AG$5,($C39:$AG39="N")*1) | AK39: =SUMPRODUCT($C$6:$AG$6,($C39:$AG39="M")*6+($C39:$AG39="T")*6+($C39:$AG39="D")*12+($C39:$AG39="N")*12+($C39:$AG39="NT")*6+($C39:$AG39="C")*10+($C39:$AG39="A")*8+($C39:$AG39="J")*5+($C39:$AG39="E")*4+($C39:$AG39="P")*6+($C39:$AG39="R")*6) | AL39: =ROUND(B39*4.43,0) | AM39: =AH39-AL39 | AN39: =SUMPRODUCT(($C39:$AF39="N")*(($D39:$AG39="M")+($D39:$AG39="E")+($D39:$AG39="C")+($D39:$AG39="D"))) | AO39: =SUMPRODUCT(($C39:$AF39="N")*($D39:$AG39="T"))
A40: Ariadne | B40: 24 | AH40: =SUMPRODUCT(($C40:$AG40="M")*6+($C40:$AG40="T")*6+($C40:$AG40="D")*12+($C40:$AG40="N")*12+($C40:$AG40="NT")*6+($C40:$AG40="C")*10+($C40:$AG40="A")*8+($C40:$AG40="J")*5+($C40:$AG40="E")*4+($C40:$AG40="P")*6+($C40:$AG40="R")*6) | AI40: =SUMPRODUCT($C$4:$AG$4,($C40:$AG40="M")*6+($C40:$AG40="T")*6+($C40:$AG40="D")*12+($C40:$AG40="N")*12+($C40:$AG40="NT")*6+($C40:$AG40="C")*10+($C40:$AG40="A")*8+($C40:$AG40="J")*5+($C40:$AG40="E")*4+($C40:$AG40="P")*6+($C40:$AG40="R")*6) | AJ40: =SUMPRODUCT($C$5:$AG$5,($C40:$AG40="N")*1) | AK40: =SUMPRODUCT($C$6:$AG$6,($C40:$AG40="M")*6+($C40:$AG40="T")*6+($C40:$AG40="D")*12+($C40:$AG40="N")*12+($C40:$AG40="NT")*6+($C40:$AG40="C")*10+($C40:$AG40="A")*8+($C40:$AG40="J")*5+($C40:$AG40="E")*4+($C40:$AG40="P")*6+($C40:$AG40="R")*6) | AL40: =ROUND(B40*4.43,0) | AM40: =AH40-AL40 | AN40: =SUMPRODUCT(($C40:$AF40="N")*(($D40:$AG40="M")+($D40:$AG40="E")+($D40:$AG40="C")+($D40:$AG40="D"))) | AO40: =SUMPRODUCT(($C40:$AF40="N")*($D40:$AG40="T"))
A41: Beatriz | B41: 24 | G41: M | H41: M | I41: N | Q41: D | S41: N | Y41: D | Z41: D | AF41: D | AH41: =SUMPRODUCT(($C41:$AG41="M")*6+($C41:$AG41="T")*6+($C41:$AG41="D")*12+($C41:$AG41="N")*12+($C41:$AG41="NT")*6+($C41:$AG41="C")*10+($C41:$AG41="A")*8+($C41:$AG41="J")*5+($C41:$AG41="E")*4+($C41:$AG41="P")*6+($C41:$AG41="R")*6) | AI41: =SUMPRODUCT($C$4:$AG$4,($C41:$AG41="M")*6+($C41:$AG41="T")*6+($C41:$AG41="D")*12+($C41:$AG41="N")*12+($C41:$AG41="NT")*6+($C41:$AG41="C")*10+($C41:$AG41="A")*8+($C41:$AG41="J")*5+($C41:$AG41="E")*4+($C41:$AG41="P")*6+($C41:$AG41="R")*6) | AJ41: =SUMPRODUCT($C$5:$AG$5,($C41:$AG41="N")*1) | AK41: =SUMPRODUCT($C$6:$AG$6,($C41:$AG41="M")*6+($C41:$AG41="T")*6+($C41:$AG41="D")*12+($C41:$AG41="N")*12+($C41:$AG41="NT")*6+($C41:$AG41="C")*10+($C41:$AG41="A")*8+($C41:$AG41="J")*5+($C41:$AG41="E")*4+($C41:$AG41="P")*6+($C41:$AG41="R")*6) | AL41: =ROUND(B41*4.43,0) | AM41: =AH41-AL41 | AN41: =SUMPRODUCT(($C41:$AF41="N")*(($D41:$AG41="M")+($D41:$AG41="E")+($D41:$AG41="C")+($D41:$AG41="D"))) | AO41: =SUMPRODUCT(($C41:$AF41="N")*($D41:$AG41="T"))
A42: Bruna | B42: 24 | K42: T | L42: T | M42: N | P42: N | Q42: N | AH42: =SUMPRODUCT(($C42:$AG42="M")*6+($C42:$AG42="T")*6+($C42:$AG42="D")*12+($C42:$AG42="N")*12+($C42:$AG42="NT")*6+($C42:$AG42="C")*10+($C42:$AG42="A")*8+($C42:$AG42="J")*5+($C42:$AG42="E")*4+($C42:$AG42="P")*6+($C42:$AG42="R")*6) | AI42: =SUMPRODUCT($C$4:$AG$4,($C42:$AG42="M")*6+($C42:$AG42="T")*6+($C42:$AG42="D")*12+($C42:$AG42="N")*12+($C42:$AG42="NT")*6+($C42:$AG42="C")*10+($C42:$AG42="A")*8+($C42:$AG42="J")*5+($C42:$AG42="E")*4+($C42:$AG42="P")*6+($C42:$AG42="R")*6) | AJ42: =SUMPRODUCT($C$5:$AG$5,($C42:$AG42="N")*1) | AK42: =SUMPRODUCT($C$6:$AG$6,($C42:$AG42="M")*6+($C42:$AG42="T")*6+($C42:$AG42="D")*12+($C42:$AG42="N")*12+($C42:$AG42="NT")*6+($C42:$AG42="C")*10+($C42:$AG42="A")*8+($C42:$AG42="J")*5+($C42:$AG42="E")*4+($C42:$AG42="P")*6+($C42:$AG42="R")*6) | AL42: =ROUND(B42*4.43,0) | AM42: =AH42-AL42 | AN42: =SUMPRODUCT(($C42:$AF42="N")*(($D42:$AG42="M")+($D42:$AG42="E")+($D42:$AG42="C")+($D42:$AG42="D"))) | AO42: =SUMPRODUCT(($C42:$AF42="N")*($D42:$AG42="T"))
A43: Constantino | B43: 24 | V43: NT | X43: N | AA43: N | AC43: N | AF43: N | AG43: NT | AH43: =SUMPRODUCT(($C43:$AG43="M")*6+($C43:$AG43="T")*6+($C43:$AG43="D")*12+($C43:$AG43="N")*12+($C43:$AG43="NT")*6+($C43:$AG43="C")*10+($C43:$AG43="A")*8+($C43:$AG43="J")*5+($C43:$AG43="E")*4+($C43:$AG43="P")*6+($C43:$AG43="R")*6) | AI43: =SUMPRODUCT($C$4:$AG$4,($C43:$AG43="M")*6+($C43:$AG43="T")*6+($C43:$AG43="D")*12+($C43:$AG43="N")*12+($C43:$AG43="NT")*6+($C43:$AG43="C")*10+($C43:$AG43="A")*8+($C43:$AG43="J")*5+($C43:$AG43="E")*4+($C43:$AG43="P")*6+($C43:$AG43="R")*6) | AJ43: =SUMPRODUCT($C$5:$AG$5,($C43:$AG43="N")*1) | AK43: =SUMPRODUCT($C$6:$AG$6,($C43:$AG43="M")*6+($C43:$AG43="T")*6+($C43:$AG43="D")*12+($C43:$AG43="N")*12+($C43:$AG43="NT")*6+($C43:$AG43="C")*10+($C43:$AG43="A")*8+($C43:$AG43="J")*5+($C43:$AG43="E")*4+($C43:$AG43="P")*6+($C43:$AG43="R")*6) | AL43: =ROUND(B43*4.43,0) | AM43: =AH43-AL43 | AN43: =SUMPRODUCT(($C43:$AF43="N")*(($D43:$AG43="M")+($D43:$AG43="E")+($D43:$AG43="C")+($D43:$AG43="D"))) | AO43: =SUMPRODUCT(($C43:$AF43="N")*($D43:$AG43="T"))
A44: DebMatias | B44: 24 | D44: D | H44: D | K44: D | R44: D | S44: D | T44: M | Y44: N | AA44: D | AC44: D | AD44: M | AH44: =SUMPRODUCT(($C44:$AG44="M")*6+($C44:$AG44="T")*6+($C44:$AG44="D")*12+($C44:$AG44="N")*12+($C44:$AG44="NT")*6+($C44:$AG44="C")*10+($C44:$AG44="A")*8+($C44:$AG44="J")*5+($C44:$AG44="E")*4+($C44:$AG44="P")*6+($C44:$AG44="R")*6) | AI44: =SUMPRODUCT($C$4:$AG$4,($C44:$AG44="M")*6+($C44:$AG44="T")*6+($C44:$AG44="D")*12+($C44:$AG44="N")*12+($C44:$AG44="NT")*6+($C44:$AG44="C")*10+($C44:$AG44="A")*8+($C44:$AG44="J")*5+($C44:$AG44="E")*4+($C44:$AG44="P")*6+($C44:$AG44="R")*6) | AJ44: =SUMPRODUCT($C$5:$AG$5,($C44:$AG44="N")*1) | AK44: =SUMPRODUCT($C$6:$AG$6,($C44:$AG44="M")*6+($C44:$AG44="T")*6+($C44:$AG44="D")*12+($C44:$AG44="N")*12+($C44:$AG44="NT")*6+($C44:$AG44="C")*10+($C44:$AG44="A")*8+($C44:$AG44="J")*5+($C44:$AG44="E")*4+($C44:$AG44="P")*6+($C44:$AG44="R")*6) | AL44: =ROUND(B44*4.43,0) | AM44: =AH44-AL44 | AN44: =SUMPRODUCT(($C44:$AF44="N")*(($D44:$AG44="M")+($D44:$AG44="E")+($D44:$AG44="C")+($D44:$AG44="D"))) | AO44: =SUMPRODUCT(($C44:$AF44="N")*($D44:$AG44="T"))
A45: Denise | B45: 24 | D45: M | E45: M | K45: N | M45: N | N45: M | O45: D | Q45: M | AH45: =SUMPRODUCT(($C45:$AG45="M")*6+($C45:$AG45="T")*6+($C45:$AG45="D")*12+($C45:$AG45="N")*12+($C45:$AG45="NT")*6+($C45:$AG45="C")*10+($C45:$AG45="A")*8+($C45:$AG45="J")*5+($C45:$AG45="E")*4+($C45:$AG45="P")*6+($C45:$AG45="R")*6) | AI45: =SUMPRODUCT($C$4:$AG$4,($C45:$AG45="M")*6+($C45:$AG45="T")*6+($C45:$AG45="D")*12+($C45:$AG45="N")*12+($C45:$AG45="NT")*6+($C45:$AG45="C")*10+($C45:$AG45="A")*8+($C45:$AG45="J")*5+($C45:$AG45="E")*4+($C45:$AG45="P")*6+($C45:$AG45="R")*6) | AJ45: =SUMPRODUCT($C$5:$AG$5,($C45:$AG45="N")*1) | AK45: =SUMPRODUCT($C$6:$AG$6,($C45:$AG45="M")*6+($C45:$AG45="T")*6+($C45:$AG45="D")*12+($C45:$AG45="N")*12+($C45:$AG45="NT")*6+($C45:$AG45="C")*10+($C45:$AG45="A")*8+($C45:$AG45="J")*5+($C45:$AG45="E")*4+($C45:$AG45="P")*6+($C45:$AG45="R")*6) | AL45: =ROUND(B45*4.43,0) | AM45: =AH45-AL45 | AN45: =SUMPRODUCT(($C45:$AF45="N")*(($D45:$AG45="M")+($D45:$AG45="E")+($D45:$AG45="C")+($D45:$AG45="D"))) | AO45: =SUMPRODUCT(($C45:$AF45="N")*($D45:$AG45="T"))
A46: Ernesto | B46: 24 | D46: N | H46: D | K46: D | O46: D | S46: M | T46: N | V46: D | Y46: T | AC46: M | AG46: T | AH46: =SUMPRODUCT(($C46:$AG46="M")*6+($C46:$AG46="T")*6+($C46:$AG46="D")*12+($C46:$AG46="N")*12+($C46:$AG46="NT")*6+($C46:$AG46="C")*10+($C46:$AG46="A")*8+($C46:$AG46="J")*5+($C46:$AG46="E")*4+($C46:$AG46="P")*6+($C46:$AG46="R")*6) | AI46: =SUMPRODUCT($C$4:$AG$4,($C46:$AG46="M")*6+($C46:$AG46="T")*6+($C46:$AG46="D")*12+($C46:$AG46="N")*12+($C46:$AG46="NT")*6+($C46:$AG46="C")*10+($C46:$AG46="A")*8+($C46:$AG46="J")*5+($C46:$AG46="E")*4+($C46:$AG46="P")*6+($C46:$AG46="R")*6) | AJ46: =SUMPRODUCT($C$5:$AG$5,($C46:$AG46="N")*1) | AK46: =SUMPRODUCT($C$6:$AG$6,($C46:$AG46="M")*6+($C46:$AG46="T")*6+($C46:$AG46="D")*12+($C46:$AG46="N")*12+($C46:$AG46="NT")*6+($C46:$AG46="C")*10+($C46:$AG46="A")*8+($C46:$AG46="J")*5+($C46:$AG46="E")*4+($C46:$AG46="P")*6+($C46:$AG46="R")*6) | AL46: =ROUND(B46*4.43,0) | AM46: =AH46-AL46 | AN46: =SUMPRODUCT(($C46:$AF46="N")*(($D46:$AG46="M")+($D46:$AG46="E")+($D46:$AG46="C")+($D46:$AG46="D"))) | AO46: =SUMPRODUCT(($C46:$AF46="N")*($D46:$AG46="T"))
A47: Grayce | B47: 24 | AH47: =SUMPRODUCT(($C47:$AG47="M")*6+($C47:$AG47="T")*6+($C47:$AG47="D")*12+($C47:$AG47="N")*12+($C47:$AG47="NT")*6+($C47:$AG47="C")*10+($C47:$AG47="A")*8+($C47:$AG47="J")*5+($C47:$AG47="E")*4+($C47:$AG47="P")*6+($C47:$AG47="R")*6) | AI47: =SUMPRODUCT($C$4:$AG$4,($C47:$AG47="M")*6+($C47:$AG47="T")*6+($C47:$AG47="D")*12+($C47:$AG47="N")*12+($C47:$AG47="NT")*6+($C47:$AG47="C")*10+($C47:$AG47="A")*8+($C47:$AG47="J")*5+($C47:$AG47="E")*4+($C47:$AG47="P")*6+($C47:$AG47="R")*6) | AJ47: =SUMPRODUCT($C$5:$AG$5,($C47:$AG47="N")*1) | AK47: =SUMPRODUCT($C$6:$AG$6,($C47:$AG47="M")*6+($C47:$AG47="T")*6+($C47:$AG47="D")*12+($C47:$AG47="N")*12+($C47:$AG47="NT")*6+($C47:$AG47="C")*10+($C47:$AG47="A")*8+($C47:$AG47="J")*5+($C47:$AG47="E")*4+($C47:$AG47="P")*6+($C47:$AG47="R")*6) | AL47: =ROUND(B47*4.43,0) | AM47: =AH47-AL47 | AN47: =SUMPRODUCT(($C47:$AF47="N")*(($D47:$AG47="M")+($D47:$AG47="E")+($D47:$AG47="C")+($D47:$AG47="D"))) | AO47: =SUMPRODUCT(($C47:$AF47="N")*($D47:$AG47="T"))
A48: Heloa | B48: 24 | AH48: =SUMPRODUCT(($C48:$AG48="M")*6+($C48:$AG48="T")*6+($C48:$AG48="D")*12+($C48:$AG48="N")*12+($C48:$AG48="NT")*6+($C48:$AG48="C")*10+($C48:$AG48="A")*8+($C48:$AG48="J")*5+($C48:$AG48="E")*4+($C48:$AG48="P")*6+($C48:$AG48="R")*6) | AI48: =SUMPRODUCT($C$4:$AG$4,($C48:$AG48="M")*6+($C48:$AG48="T")*6+($C48:$AG48="D")*12+($C48:$AG48="N")*12+($C48:$AG48="NT")*6+($C48:$AG48="C")*10+($C48:$AG48="A")*8+($C48:$AG48="J")*5+($C48:$AG48="E")*4+($C48:$AG48="P")*6+($C48:$AG48="R")*6) | AJ48: =SUMPRODUCT($C$5:$AG$5,($C48:$AG48="N")*1) | AK48: =SUMPRODUCT($C$6:$AG$6,($C48:$AG48="M")*6+($C48:$AG48="T")*6+($C48:$AG48="D")*12+($C48:$AG48="N")*12+($C48:$AG48="NT")*6+($C48:$AG48="C")*10+($C48:$AG48="A")*8+($C48:$AG48="J")*5+($C48:$AG48="E")*4+($C48:$AG48="P")*6+($C48:$AG48="R")*6) | AL48: =ROUND(B48*4.43,0) | AM48: =AH48-AL48 | AN48: =SUMPRODUCT(($C48:$AF48="N")*(($D48:$AG48="M")+($D48:$AG48="E")+($D48:$AG48="C")+($D48:$AG48="D"))) | AO48: =SUMPRODUCT(($C48:$AF48="N")*($D48:$AG48="T"))
A49: Iggor | B49: 24 | F49: T | I49: D | L49: D | M49: M | N49: D | P49: D | Q49: T | U49: D | W49: D | X49: M | AB49: D | AD49: T | AF49: N | AH49: =SUMPRODUCT(($C49:$AG49="M")*6+($C49:$AG49="T")*6+($C49:$AG49="D")*12+($C49:$AG49="N")*12+($C49:$AG49="NT")*6+($C49:$AG49="C")*10+($C49:$AG49="A")*8+($C49:$AG49="J")*5+($C49:$AG49="E")*4+($C49:$AG49="P")*6+($C49:$AG49="R")*6) | AI49: =SUMPRODUCT($C$4:$AG$4,($C49:$AG49="M")*6+($C49:$AG49="T")*6+($C49:$AG49="D")*12+($C49:$AG49="N")*12+($C49:$AG49="NT")*6+($C49:$AG49="C")*10+($C49:$AG49="A")*8+($C49:$AG49="J")*5+($C49:$AG49="E")*4+($C49:$AG49="P")*6+($C49:$AG49="R")*6) | AJ49: =SUMPRODUCT($C$5:$AG$5,($C49:$AG49="N")*1) | AK49: =SUMPRODUCT($C$6:$AG$6,($C49:$AG49="M")*6+($C49:$AG49="T")*6+($C49:$AG49="D")*12+($C49:$AG49="N")*12+($C49:$AG49="NT")*6+($C49:$AG49="C")*10+($C49:$AG49="A")*8+($C49:$AG49="J")*5+($C49:$AG49="E")*4+($C49:$AG49="P")*6+($C49:$AG49="R")*6) | AL49: =ROUND(B49*4.43,0) | AM49: =AH49-AL49 | AN49: =SUMPRODUCT(($C49:$AF49="N")*(($D49:$AG49="M")+($D49:$AG49="E")+($D49:$AG49="C")+($D49:$AG49="D"))) | AO49: =SUMPRODUCT(($C49:$AF49="N")*($D49:$AG49="T"))
A50: IsaRibeiro | B50: 24 | D50: T | I50: M | K50: N | M50: M | N50: T | O50: M | R50: T | T50: T | W50: M | Z50: D | AA50: M | AC50: M | AD50: D | AF50: T | AH50: =SUMPRODUCT(($C50:$AG50="M")*6+($C50:$AG50="T")*6+($C50:$AG50="D")*12+($C50:$AG50="N")*12+($C50:$AG50="NT")*6+($C50:$AG50="C")*10+($C50:$AG50="A")*8+($C50:$AG50="J")*5+($C50:$AG50="E")*4+($C50:$AG50="P")*6+($C50:$AG50="R")*6) | AI50: =SUMPRODUCT($C$4:$AG$4,($C50:$AG50="M")*6+($C50:$AG50="T")*6+($C50:$AG50="D")*12+($C50:$AG50="N")*12+($C50:$AG50="NT")*6+($C50:$AG50="C")*10+($C50:$AG50="A")*8+($C50:$AG50="J")*5+($C50:$AG50="E")*4+($C50:$AG50="P")*6+($C50:$AG50="R")*6) | AJ50: =SUMPRODUCT($C$5:$AG$5,($C50:$AG50="N")*1) | AK50: =SUMPRODUCT($C$6:$AG$6,($C50:$AG50="M")*6+($C50:$AG50="T")*6+($C50:$AG50="D")*12+($C50:$AG50="N")*12+($C50:$AG50="NT")*6+($C50:$AG50="C")*10+($C50:$AG50="A")*8+($C50:$AG50="J")*5+($C50:$AG50="E")*4+($C50:$AG50="P")*6+($C50:$AG50="R")*6) | AL50: =ROUND(B50*4.43,0) | AM50: =AH50-AL50 | AN50: =SUMPRODUCT(($C50:$AF50="N")*(($D50:$AG50="M")+($D50:$AG50="E")+($D50:$AG50="C")+($D50:$AG50="D"))) | AO50: =SUMPRODUCT(($C50:$AF50="N")*($D50:$AG50="T"))
A51: Jaqueline | B51: 24 | AH51: =SUMPRODUCT(($C51:$AG51="M")*6+($C51:$AG51="T")*6+($C51:$AG51="D")*12+($C51:$AG51="N")*12+($C51:$AG51="NT")*6+($C51:$AG51="C")*10+($C51:$AG51="A")*8+($C51:$AG51="J")*5+($C51:$AG51="E")*4+($C51:$AG51="P")*6+($C51:$AG51="R")*6) | AI51: =SUMPRODUCT($C$4:$AG$4,($C51:$AG51="M")*6+($C51:$AG51="T")*6+($C51:$AG51="D")*12+($C51:$AG51="N")*12+($C51:$AG51="NT")*6+($C51:$AG51="C")*10+($C51:$AG51="A")*8+($C51:$AG51="J")*5+($C51:$AG51="E")*4+($C51:$AG51="P")*6+($C51:$AG51="R")*6) | AJ51: =SUMPRODUCT($C$5:$AG$5,($C51:$AG51="N")*1) | AK51: =SUMPRODUCT($C$6:$AG$6,($C51:$AG51="M")*6+($C51:$AG51="T")*6+($C51:$AG51="D")*12+($C51:$AG51="N")*12+($C51:$AG51="NT")*6+($C51:$AG51="C")*10+($C51:$AG51="A")*8+($C51:$AG51="J")*5+($C51:$AG51="E")*4+($C51:$AG51="P")*6+($C51:$AG51="R")*6) | AL51: =ROUND(B51*4.43,0) | AM51: =AH51-AL51 | AN51: =SUMPRODUCT(($C51:$AF51="N")*(($D51:$AG51="M")+($D51:$AG51="E")+($D51:$AG51="C")+($D51:$AG51="D"))) | AO51: =SUMPRODUCT(($C51:$AF51="N")*($D51:$AG51="T"))
A52: Joaquim | B52: 24 | E52: N | G52: N | J52: N | N52: N | S52: N | U52: N | X52: N | AB52: N | AG52: N | AH52: =SUMPRODUCT(($C52:$AG52="M")*6+($C52:$AG52="T")*6+($C52:$AG52="D")*12+($C52:$AG52="N")*12+($C52:$AG52="NT")*6+($C52:$AG52="C")*10+($C52:$AG52="A")*8+($C52:$AG52="J")*5+($C52:$AG52="E")*4+($C52:$AG52="P")*6+($C52:$AG52="R")*6) | AI52: =SUMPRODUCT($C$4:$AG$4,($C52:$AG52="M")*6+($C52:$AG52="T")*6+($C52:$AG52="D")*12+($C52:$AG52="N")*12+($C52:$AG52="NT")*6+($C52:$AG52="C")*10+($C52:$AG52="A")*8+($C52:$AG52="J")*5+($C52:$AG52="E")*4+($C52:$AG52="P")*6+($C52:$AG52="R")*6) | AJ52: =SUMPRODUCT($C$5:$AG$5,($C52:$AG52="N")*1) | AK52: =SUMPRODUCT($C$6:$AG$6,($C52:$AG52="M")*6+($C52:$AG52="T")*6+($C52:$AG52="D")*12+($C52:$AG52="N")*12+($C52:$AG52="NT")*6+($C52:$AG52="C")*10+($C52:$AG52="A")*8+($C52:$AG52="J")*5+($C52:$AG52="E")*4+($C52:$AG52="P")*6+($C52:$AG52="R")*6) | AL52: =ROUND(B52*4.43,0) | AM52: =AH52-AL52 | AN52: =SUMPRODUCT(($C52:$AF52="N")*(($D52:$AG52="M")+($D52:$AG52="E")+($D52:$AG52="C")+($D52:$AG52="D"))) | AO52: =SUMPRODUCT(($C52:$AF52="N")*($D52:$AG52="T"))
A53: JuliaFig | B53: 24 | F53: N | G53: N | H53: N | N53: N | O53: N | U53: N | V53: N | AG53: D | AH53: =SUMPRODUCT(($C53:$AG53="M")*6+($C53:$AG53="T")*6+($C53:$AG53="D")*12+($C53:$AG53="N")*12+($C53:$AG53="NT")*6+($C53:$AG53="C")*10+($C53:$AG53="A")*8+($C53:$AG53="J")*5+($C53:$AG53="E")*4+($C53:$AG53="P")*6+($C53:$AG53="R")*6) | AI53: =SUMPRODUCT($C$4:$AG$4,($C53:$AG53="M")*6+($C53:$AG53="T")*6+($C53:$AG53="D")*12+($C53:$AG53="N")*12+($C53:$AG53="NT")*6+($C53:$AG53="C")*10+($C53:$AG53="A")*8+($C53:$AG53="J")*5+($C53:$AG53="E")*4+($C53:$AG53="P")*6+($C53:$AG53="R")*6) | AJ53: =SUMPRODUCT($C$5:$AG$5,($C53:$AG53="N")*1) | AK53: =SUMPRODUCT($C$6:$AG$6,($C53:$AG53="M")*6+($C53:$AG53="T")*6+($C53:$AG53="D")*12+($C53:$AG53="N")*12+($C53:$AG53="NT")*6+($C53:$AG53="C")*10+($C53:$AG53="A")*8+($C53:$AG53="J")*5+($C53:$AG53="E")*4+($C53:$AG53="P")*6+($C53:$AG53="R")*6) | AL53: =ROUND(B53*4.43,0) | AM53: =AH53-AL53 | AN53: =SUMPRODUCT(($C53:$AF53="N")*(($D53:$AG53="M")+($D53:$AG53="E")+($D53:$AG53="C")+($D53:$AG53="D"))) | AO53: =SUMPRODUCT(($C53:$AF53="N")*($D53:$AG53="T"))
A54: Kozak | B54: 24 | J54: N | L54: T | M54: D | P54: T | Q54: N | W54: T | X54: N | Z54: N | AD54: T | AE54: N | AH54: =SUMPRODUCT(($C54:$AG54="M")*6+($C54:$AG54="T")*6+($C54:$AG54="D")*12+($C54:$AG54="N")*12+($C54:$AG54="NT")*6+($C54:$AG54="C")*10+($C54:$AG54="A")*8+($C54:$AG54="J")*5+($C54:$AG54="E")*4+($C54:$AG54="P")*6+($C54:$AG54="R")*6) | AI54: =SUMPRODUCT($C$4:$AG$4,($C54:$AG54="M")*6+($C54:$AG54="T")*6+($C54:$AG54="D")*12+($C54:$AG54="N")*12+($C54:$AG54="NT")*6+($C54:$AG54="C")*10+($C54:$AG54="A")*8+($C54:$AG54="J")*5+($C54:$AG54="E")*4+($C54:$AG54="P")*6+($C54:$AG54="R")*6) | AJ54: =SUMPRODUCT($C$5:$AG$5,($C54:$AG54="N")*1) | AK54: =SUMPRODUCT($C$6:$AG$6,($C54:$AG54="M")*6+($C54:$AG54="T")*6+($C54:$AG54="D")*12+($C54:$AG54="N")*12+($C54:$AG54="NT")*6+($C54:$AG54="C")*10+($C54:$AG54="A")*8+($C54:$AG54="J")*5+($C54:$AG54="E")*4+($C54:$AG54="P")*6+($C54:$AG54="R")*6) | AL54: =ROUND(B54*4.43,0) | AM54: =AH54-AL54 | AN54: =SUMPRODUCT(($C54:$AF54="N")*(($D54:$AG54="M")+($D54:$AG54="E")+($D54:$AG54="C")+($D54:$AG54="D"))) | AO54: =SUMPRODUCT(($C54:$AF54="N")*($D54:$AG54="T"))
A55: Laura | B55: 24 | AH55: =SUMPRODUCT(($C55:$AG55="M")*6+($C55:$AG55="T")*6+($C55:$AG55="D")*12+($C55:$AG55="N")*12+($C55:$AG55="NT")*6+($C55:$AG55="C")*10+($C55:$AG55="A")*8+($C55:$AG55="J")*5+($C55:$AG55="E")*4+($C55:$AG55="P")*6+($C55:$AG55="R")*6) | AI55: =SUMPRODUCT($C$4:$AG$4,($C55:$AG55="M")*6+($C55:$AG55="T")*6+($C55:$AG55="D")*12+($C55:$AG55="N")*12+($C55:$AG55="NT")*6+($C55:$AG55="C")*10+($C55:$AG55="A")*8+($C55:$AG55="J")*5+($C55:$AG55="E")*4+($C55:$AG55="P")*6+($C55:$AG55="R")*6) | AJ55: =SUMPRODUCT($C$5:$AG$5,($C55:$AG55="N")*1) | AK55: =SUMPRODUCT($C$6:$AG$6,($C55:$AG55="M")*6+($C55:$AG55="T")*6+($C55:$AG55="D")*12+($C55:$AG55="N")*12+($C55:$AG55="NT")*6+($C55:$AG55="C")*10+($C55:$AG55="A")*8+($C55:$AG55="J")*5+($C55:$AG55="E")*4+($C55:$AG55="P")*6+($C55:$AG55="R")*6) | AL55: =ROUND(B55*4.43,0) | AM55: =AH55-AL55 | AN55: =SUMPRODUCT(($C55:$AF55="N")*(($D55:$AG55="M")+($D55:$AG55="E")+($D55:$AG55="C")+($D55:$AG55="D"))) | AO55: =SUMPRODUCT(($C55:$AF55="N")*($D55:$AG55="T"))
A56: Leticia | B56: 24 | H56: T | J56: D | L56: M | Q56: D | R56: N | V56: D | Z56: D | AE56: M | AG56: D | AH56: =SUMPRODUCT(($C56:$AG56="M")*6+($C56:$AG56="T")*6+($C56:$AG56="D")*12+($C56:$AG56="N")*12+($C56:$AG56="NT")*6+($C56:$AG56="C")*10+($C56:$AG56="A")*8+($C56:$AG56="J")*5+($C56:$AG56="E")*4+($C56:$AG56="P")*6+($C56:$AG56="R")*6) | AI56: =SUMPRODUCT($C$4:$AG$4,($C56:$AG56="M")*6+($C56:$AG56="T")*6+($C56:$AG56="D")*12+($C56:$AG56="N")*12+($C56:$AG56="NT")*6+($C56:$AG56="C")*10+($C56:$AG56="A")*8+($C56:$AG56="J")*5+($C56:$AG56="E")*4+($C56:$AG56="P")*6+($C56:$AG56="R")*6) | AJ56: =SUMPRODUCT($C$5:$AG$5,($C56:$AG56="N")*1) | AK56: =SUMPRODUCT($C$6:$AG$6,($C56:$AG56="M")*6+($C56:$AG56="T")*6+($C56:$AG56="D")*12+($C56:$AG56="N")*12+($C56:$AG56="NT")*6+($C56:$AG56="C")*10+($C56:$AG56="A")*8+($C56:$AG56="J")*5+($C56:$AG56="E")*4+($C56:$AG56="P")*6+($C56:$AG56="R")*6) | AL56: =ROUND(B56*4.43,0) | AM56: =AH56-AL56 | AN56: =SUMPRODUCT(($C56:$AF56="N")*(($D56:$AG56="M")+($D56:$AG56="E")+($D56:$AG56="C")+($D56:$AG56="D"))) | AO56: =SUMPRODUCT(($C56:$AF56="N")*($D56:$AG56="T"))
A57: LuCosta | B57: 24 | D57: N | H57: N | J57: N | S57: D | T57: D | V57: N | X57: N | Z57: M | AC57: N | AE57: N | AH57: =SUMPRODUCT(($C57:$AG57="M")*6+($C57:$AG57="T")*6+($C57:$AG57="D")*12+($C57:$AG57="N")*12+($C57:$AG57="NT")*6+($C57:$AG57="C")*10+($C57:$AG57="A")*8+($C57:$AG57="J")*5+($C57:$AG57="E")*4+($C57:$AG57="P")*6+($C57:$AG57="R")*6) | AI57: =SUMPRODUCT($C$4:$AG$4,($C57:$AG57="M")*6+($C57:$AG57="T")*6+($C57:$AG57="D")*12+($C57:$AG57="N")*12+($C57:$AG57="NT")*6+($C57:$AG57="C")*10+($C57:$AG57="A")*8+($C57:$AG57="J")*5+($C57:$AG57="E")*4+($C57:$AG57="P")*6+($C57:$AG57="R")*6) | AJ57: =SUMPRODUCT($C$5:$AG$5,($C57:$AG57="N")*1) | AK57: =SUMPRODUCT($C$6:$AG$6,($C57:$AG57="M")*6+($C57:$AG57="T")*6+($C57:$AG57="D")*12+($C57:$AG57="N")*12+($C57:$AG57="NT")*6+($C57:$AG57="C")*10+($C57:$AG57="A")*8+($C57:$AG57="J")*5+($C57:$AG57="E")*4+($C57:$AG57="P")*6+($C57:$AG57="R")*6) | AL57: =ROUND(B57*4.43,0) | AM57: =AH57-AL57 | AN57: =SUMPRODUCT(($C57:$AF57="N")*(($D57:$AG57="M")+($D57:$AG57="E")+($D57:$AG57="C")+($D57:$AG57="D"))) | AO57: =SUMPRODUCT(($C57:$AF57="N")*($D57:$AG57="T"))
A58: Marcia | B58: 24 | I58: N | L58: D | N58: M | P58: N | W58: N | Z58: T | AA58: D | AB58: T | AD58: N | AF58: M | AH58: =SUMPRODUCT(($C58:$AG58="M")*6+($C58:$AG58="T")*6+($C58:$AG58="D")*12+($C58:$AG58="N")*12+($C58:$AG58="NT")*6+($C58:$AG58="C")*10+($C58:$AG58="A")*8+($C58:$AG58="J")*5+($C58:$AG58="E")*4+($C58:$AG58="P")*6+($C58:$AG58="R")*6) | AI58: =SUMPRODUCT($C$4:$AG$4,($C58:$AG58="M")*6+($C58:$AG58="T")*6+($C58:$AG58="D")*12+($C58:$AG58="N")*12+($C58:$AG58="NT")*6+($C58:$AG58="C")*10+($C58:$AG58="A")*8+($C58:$AG58="J")*5+($C58:$AG58="E")*4+($C58:$AG58="P")*6+($C58:$AG58="R")*6) | AJ58: =SUMPRODUCT($C$5:$AG$5,($C58:$AG58="N")*1) | AK58: =SUMPRODUCT($C$6:$AG$6,($C58:$AG58="M")*6+($C58:$AG58="T")*6+($C58:$AG58="D")*12+($C58:$AG58="N")*12+($C58:$AG58="NT")*6+($C58:$AG58="C")*10+($C58:$AG58="A")*8+($C58:$AG58="J")*5+($C58:$AG58="E")*4+($C58:$AG58="P")*6+($C58:$AG58="R")*6) | AL58: =ROUND(B58*4.43,0) | AM58: =AH58-AL58 | AN58: =SUMPRODUCT(($C58:$AF58="N")*(($D58:$AG58="M")+($D58:$AG58="E")+($D58:$AG58="C")+($D58:$AG58="D"))) | AO58: =SUMPRODUCT(($C58:$AF58="N")*($D58:$AG58="T"))
A59: MayWobido | B59: 24 | AH59: =SUMPRODUCT(($C59:$AG59="M")*6+($C59:$AG59="T")*6+($C59:$AG59="D")*12+($C59:$AG59="N")*12+($C59:$AG59="NT")*6+($C59:$AG59="C")*10+($C59:$AG59="A")*8+($C59:$AG59="J")*5+($C59:$AG59="E")*4+($C59:$AG59="P")*6+($C59:$AG59="R")*6) | AI59: =SUMPRODUCT($C$4:$AG$4,($C59:$AG59="M")*6+($C59:$AG59="T")*6+($C59:$AG59="D")*12+($C59:$AG59="N")*12+($C59:$AG59="NT")*6+($C59:$AG59="C")*10+($C59:$AG59="A")*8+($C59:$AG59="J")*5+($C59:$AG59="E")*4+($C59:$AG59="P")*6+($C59:$AG59="R")*6) | AJ59: =SUMPRODUCT($C$5:$AG$5,($C59:$AG59="N")*1) | AK59: =SUMPRODUCT($C$6:$AG$6,($C59:$AG59="M")*6+($C59:$AG59="T")*6+($C59:$AG59="D")*12+($C59:$AG59="N")*12+($C59:$AG59="NT")*6+($C59:$AG59="C")*10+($C59:$AG59="A")*8+($C59:$AG59="J")*5+($C59:$AG59="E")*4+($C59:$AG59="P")*6+($C59:$AG59="R")*6) | AL59: =ROUND(B59*4.43,0) | AM59: =AH59-AL59 | AN59: =SUMPRODUCT(($C59:$AF59="N")*(($D59:$AG59="M")+($D59:$AG59="E")+($D59:$AG59="C")+($D59:$AG59="D"))) | AO59: =SUMPRODUCT(($C59:$AF59="N")*($D59:$AG59="T"))
A60: Melara | B60: 24 | D60: N | G60: T | I60: T | J60: T | L60: NT | O60: T | R60: T | T60: D | V60: T | Y60: T | AA60: N | AC60: T | AE60: T | AF60: T | AH60: =SUMPRODUCT(($C60:$AG60="M")*6+($C60:$AG60="T")*6+($C60:$AG60="D")*12+($C60:$AG60="N")*12+($C60:$AG60="NT")*6+($C60:$AG60="C")*10+($C60:$AG60="A")*8+($C60:$AG60="J")*5+($C60:$AG60="E")*4+($C60:$AG60="P")*6+($C60:$AG60="R")*6) | AI60: =SUMPRODUCT($C$4:$AG$4,($C60:$AG60="M")*6+($C60:$AG60="T")*6+($C60:$AG60="D")*12+($C60:$AG60="N")*12+($C60:$AG60="NT")*6+($C60:$AG60="C")*10+($C60:$AG60="A")*8+($C60:$AG60="J")*5+($C60:$AG60="E")*4+($C60:$AG60="P")*6+($C60:$AG60="R")*6) | AJ60: =SUMPRODUCT($C$5:$AG$5,($C60:$AG60="N")*1) | AK60: =SUMPRODUCT($C$6:$AG$6,($C60:$AG60="M")*6+($C60:$AG60="T")*6+($C60:$AG60="D")*12+($C60:$AG60="N")*12+($C60:$AG60="NT")*6+($C60:$AG60="C")*10+($C60:$AG60="A")*8+($C60:$AG60="J")*5+($C60:$AG60="E")*4+($C60:$AG60="P")*6+($C60:$AG60="R")*6) | AL60: =ROUND(B60*4.43,0) | AM60: =AH60-AL60 | AN60: =SUMPRODUCT(($C60:$AF60="N")*(($D60:$AG60="M")+($D60:$AG60="E")+($D60:$AG60="C")+($D60:$AG60="D"))) | AO60: =SUMPRODUCT(($C60:$AF60="N")*($D60:$AG60="T"))
A61: Moabe | B61: 24 | F61: D | G61: M | K61: N | M61: T | N61: D | R61: D | U61: D | W61: T | X61: T | AB61: D | AG61: N | AH61: =SUMPRODUCT(($C61:$AG61="M")*6+($C61:$AG61="T")*6+($C61:$AG61="D")*12+($C61:$AG61="N")*12+($C61:$AG61="NT")*6+($C61:$AG61="C")*10+($C61:$AG61="A")*8+($C61:$AG61="J")*5+($C61:$AG61="E")*4+($C61:$AG61="P")*6+($C61:$AG61="R")*6) | AI61: =SUMPRODUCT($C$4:$AG$4,($C61:$AG61="M")*6+($C61:$AG61="T")*6+($C61:$AG61="D")*12+($C61:$AG61="N")*12+($C61:$AG61="NT")*6+($C61:$AG61="C")*10+($C61:$AG61="A")*8+($C61:$AG61="J")*5+($C61:$AG61="E")*4+($C61:$AG61="P")*6+($C61:$AG61="R")*6) | AJ61: =SUMPRODUCT($C$5:$AG$5,($C61:$AG61="N")*1) | AK61: =SUMPRODUCT($C$6:$AG$6,($C61:$AG61="M")*6+($C61:$AG61="T")*6+($C61:$AG61="D")*12+($C61:$AG61="N")*12+($C61:$AG61="NT")*6+($C61:$AG61="C")*10+($C61:$AG61="A")*8+($C61:$AG61="J")*5+($C61:$AG61="E")*4+($C61:$AG61="P")*6+($C61:$AG61="R")*6) | AL61: =ROUND(B61*4.43,0) | AM61: =AH61-AL61 | AN61: =SUMPRODUCT(($C61:$AF61="N")*(($D61:$AG61="M")+($D61:$AG61="E")+($D61:$AG61="C")+($D61:$AG61="D"))) | AO61: =SUMPRODUCT(($C61:$AF61="N")*($D61:$AG61="T"))
A62: Nishioka | B62: 24 | D62: N | G62: N | K62: T | M62: T | S62: D | T62: D | U62: D | X62: T | Y62: T | AB62: N | AF62: D | AH62: =SUMPRODUCT(($C62:$AG62="M")*6+($C62:$AG62="T")*6+($C62:$AG62="D")*12+($C62:$AG62="N")*12+($C62:$AG62="NT")*6+($C62:$AG62="C")*10+($C62:$AG62="A")*8+($C62:$AG62="J")*5+($C62:$AG62="E")*4+($C62:$AG62="P")*6+($C62:$AG62="R")*6) | AI62: =SUMPRODUCT($C$4:$AG$4,($C62:$AG62="M")*6+($C62:$AG62="T")*6+($C62:$AG62="D")*12+($C62:$AG62="N")*12+($C62:$AG62="NT")*6+($C62:$AG62="C")*10+($C62:$AG62="A")*8+($C62:$AG62="J")*5+($C62:$AG62="E")*4+($C62:$AG62="P")*6+($C62:$AG62="R")*6) | AJ62: =SUMPRODUCT($C$5:$AG$5,($C62:$AG62="N")*1) | AK62: =SUMPRODUCT($C$6:$AG$6,($C62:$AG62="M")*6+($C62:$AG62="T")*6+($C62:$AG62="D")*12+($C62:$AG62="N")*12+($C62:$AG62="NT")*6+($C62:$AG62="C")*10+($C62:$AG62="A")*8+($C62:$AG62="J")*5+($C62:$AG62="E")*4+($C62:$AG62="P")*6+($C62:$AG62="R")*6) | AL62: =ROUND(B62*4.43,0) | AM62: =AH62-AL62 | AN62: =SUMPRODUCT(($C62:$AF62="N")*(($D62:$AG62="M")+($D62:$AG62="E")+($D62:$AG62="C")+($D62:$AG62="D"))) | AO62: =SUMPRODUCT(($C62:$AF62="N")*($D62:$AG62="T"))
A63: Patricia | B63: 24 | D63: T | E63: D | K63: D | L63: N | P63: D | Q63: D | T63: M | X63: D | Y63: N | AC63: N | AE63: D | AH63: =SUMPRODUCT(($C63:$AG63="M")*6+($C63:$AG63="T")*6+($C63:$AG63="D")*12+($C63:$AG63="N")*12+($C63:$AG63="NT")*6+($C63:$AG63="C")*10+($C63:$AG63="A")*8+($C63:$AG63="J")*5+($C63:$AG63="E")*4+($C63:$AG63="P")*6+($C63:$AG63="R")*6) | AI63: =SUMPRODUCT($C$4:$AG$4,($C63:$AG63="M")*6+($C63:$AG63="T")*6+($C63:$AG63="D")*12+($C63:$AG63="N")*12+($C63:$AG63="NT")*6+($C63:$AG63="C")*10+($C63:$AG63="A")*8+($C63:$AG63="J")*5+($C63:$AG63="E")*4+($C63:$AG63="P")*6+($C63:$AG63="R")*6) | AJ63: =SUMPRODUCT($C$5:$AG$5,($C63:$AG63="N")*1) | AK63: =SUMPRODUCT($C$6:$AG$6,($C63:$AG63="M")*6+($C63:$AG63="T")*6+($C63:$AG63="D")*12+($C63:$AG63="N")*12+($C63:$AG63="NT")*6+($C63:$AG63="C")*10+($C63:$AG63="A")*8+($C63:$AG63="J")*5+($C63:$AG63="E")*4+($C63:$AG63="P")*6+($C63:$AG63="R")*6) | AL63: =ROUND(B63*4.43,0) | AM63: =AH63-AL63 | AN63: =SUMPRODUCT(($C63:$AF63="N")*(($D63:$AG63="M")+($D63:$AG63="E")+($D63:$AG63="C")+($D63:$AG63="D"))) | AO63: =SUMPRODUCT(($C63:$AF63="N")*($D63:$AG63="T"))
A64: Pedro | B64: 24 | E64: M | L64: N | M64: N | P64: N | R64: N | T64: T | U64: N | W64: N | X64: T | AB64: N | AD64: N | AE64: T | AH64: =SUMPRODUCT(($C64:$AG64="M")*6+($C64:$AG64="T")*6+($C64:$AG64="D")*12+($C64:$AG64="N")*12+($C64:$AG64="NT")*6+($C64:$AG64="C")*10+($C64:$AG64="A")*8+($C64:$AG64="J")*5+($C64:$AG64="E")*4+($C64:$AG64="P")*6+($C64:$AG64="R")*6) | AI64: =SUMPRODUCT($C$4:$AG$4,($C64:$AG64="M")*6+($C64:$AG64="T")*6+($C64:$AG64="D")*12+($C64:$AG64="N")*12+($C64:$AG64="NT")*6+($C64:$AG64="C")*10+($C64:$AG64="A")*8+($C64:$AG64="J")*5+($C64:$AG64="E")*4+($C64:$AG64="P")*6+($C64:$AG64="R")*6) | AJ64: =SUMPRODUCT($C$5:$AG$5,($C64:$AG64="N")*1) | AK64: =SUMPRODUCT($C$6:$AG$6,($C64:$AG64="M")*6+($C64:$AG64="T")*6+($C64:$AG64="D")*12+($C64:$AG64="N")*12+($C64:$AG64="NT")*6+($C64:$AG64="C")*10+($C64:$AG64="A")*8+($C64:$AG64="J")*5+($C64:$AG64="E")*4+($C64:$AG64="P")*6+($C64:$AG64="R")*6) | AL64: =ROUND(B64*4.43,0) | AM64: =AH64-AL64 | AN64: =SUMPRODUCT(($C64:$AF64="N")*(($D64:$AG64="M")+($D64:$AG64="E")+($D64:$AG64="C")+($D64:$AG64="D"))) | AO64: =SUMPRODUCT(($C64:$AF64="N")*($D64:$AG64="T"))
A65: Pjamile | B65: 24 | D65: D | I65: N | K65: D | Q65: M | R65: N | T65: T | Z65: D | AA65: N | AD65: T | AF65: D | AH65: =SUMPRODUCT(($C65:$AG65="M")*6+($C65:$AG65="T")*6+($C65:$AG65="D")*12+($C65:$AG65="N")*12+($C65:$AG65="NT")*6+($C65:$AG65="C")*10+($C65:$AG65="A")*8+($C65:$AG65="J")*5+($C65:$AG65="E")*4+($C65:$AG65="P")*6+($C65:$AG65="R")*6) | AI65: =SUMPRODUCT($C$4:$AG$4,($C65:$AG65="M")*6+($C65:$AG65="T")*6+($C65:$AG65="D")*12+($C65:$AG65="N")*12+($C65:$AG65="NT")*6+($C65:$AG65="C")*10+($C65:$AG65="A")*8+($C65:$AG65="J")*5+($C65:$AG65="E")*4+($C65:$AG65="P")*6+($C65:$AG65="R")*6) | AJ65: =SUMPRODUCT($C$5:$AG$5,($C65:$AG65="N")*1) | AK65: =SUMPRODUCT($C$6:$AG$6,($C65:$AG65="M")*6+($C65:$AG65="T")*6+($C65:$AG65="D")*12+($C65:$AG65="N")*12+($C65:$AG65="NT")*6+($C65:$AG65="C")*10+($C65:$AG65="A")*8+($C65:$AG65="J")*5+($C65:$AG65="E")*4+($C65:$AG65="P")*6+($C65:$AG65="R")*6) | AL65: =ROUND(B65*4.43,0) | AM65: =AH65-AL65 | AN65: =SUMPRODUCT(($C65:$AF65="N")*(($D65:$AG65="M")+($D65:$AG65="E")+($D65:$AG65="C")+($D65:$AG65="D"))) | AO65: =SUMPRODUCT(($C65:$AF65="N")*($D65:$AG65="T"))
A66: Raphael | B66: 24 | F66: T | H66: D | J66: D | K66: N | N66: N | O66: T | P66: N | Q66: T | V66: T | X66: D | Z66: N | AA66: M | AC66: T | AD66: T | AE66: D | AF66: N | AH66: =SUMPRODUCT(($C66:$AG66="M")*6+($C66:$AG66="T")*6+($C66:$AG66="D")*12+($C66:$AG66="N")*12+($C66:$AG66="NT")*6+($C66:$AG66="C")*10+($C66:$AG66="A")*8+($C66:$AG66="J")*5+($C66:$AG66="E")*4+($C66:$AG66="P")*6+($C66:$AG66="R")*6) | AI66: =SUMPRODUCT($C$4:$AG$4,($C66:$AG66="M")*6+($C66:$AG66="T")*6+($C66:$AG66="D")*12+($C66:$AG66="N")*12+($C66:$AG66="NT")*6+($C66:$AG66="C")*10+($C66:$AG66="A")*8+($C66:$AG66="J")*5+($C66:$AG66="E")*4+($C66:$AG66="P")*6+($C66:$AG66="R")*6) | AJ66: =SUMPRODUCT($C$5:$AG$5,($C66:$AG66="N")*1) | AK66: =SUMPRODUCT($C$6:$AG$6,($C66:$AG66="M")*6+($C66:$AG66="T")*6+($C66:$AG66="D")*12+($C66:$AG66="N")*12+($C66:$AG66="NT")*6+($C66:$AG66="C")*10+($C66:$AG66="A")*8+($C66:$AG66="J")*5+($C66:$AG66="E")*4+($C66:$AG66="P")*6+($C66:$AG66="R")*6) | AL66: =ROUND(B66*4.43,0) | AM66: =AH66-AL66 | AN66: =SUMPRODUCT(($C66:$AF66="N")*(($D66:$AG66="M")+($D66:$AG66="E")+($D66:$AG66="C")+($D66:$AG66="D"))) | AO66: =SUMPRODUCT(($C66:$AF66="N")*($D66:$AG66="T"))
A67: Raquel | B67: 24 | E67: M | F67: N | G67: M | H67: N | J67: T | L67: M | N67: M | P67: M | R67: T | T67: N | U67: M | V67: D | W67: N | AB67: D | AD67: M | AF67: N | AH67: =SUMPRODUCT(($C67:$AG67="M")*6+($C67:$AG67="T")*6+($C67:$AG67="D")*12+($C67:$AG67="N")*12+($C67:$AG67="NT")*6+($C67:$AG67="C")*10+($C67:$AG67="A")*8+($C67:$AG67="J")*5+($C67:$AG67="E")*4+($C67:$AG67="P")*6+($C67:$AG67="R")*6) | AI67: =SUMPRODUCT($C$4:$AG$4,($C67:$AG67="M")*6+($C67:$AG67="T")*6+($C67:$AG67="D")*12+($C67:$AG67="N")*12+($C67:$AG67="NT")*6+($C67:$AG67="C")*10+($C67:$AG67="A")*8+($C67:$AG67="J")*5+($C67:$AG67="E")*4+($C67:$AG67="P")*6+($C67:$AG67="R")*6) | AJ67: =SUMPRODUCT($C$5:$AG$5,($C67:$AG67="N")*1) | AK67: =SUMPRODUCT($C$6:$AG$6,($C67:$AG67="M")*6+($C67:$AG67="T")*6+($C67:$AG67="D")*12+($C67:$AG67="N")*12+($C67:$AG67="NT")*6+($C67:$AG67="C")*10+($C67:$AG67="A")*8+($C67:$AG67="J")*5+($C67:$AG67="E")*4+($C67:$AG67="P")*6+($C67:$AG67="R")*6) | AL67: =ROUND(B67*4.43,0) | AM67: =AH67-AL67 | AN67: =SUMPRODUCT(($C67:$AF67="N")*(($D67:$AG67="M")+($D67:$AG67="E")+($D67:$AG67="C")+($D67:$AG67="D"))) | AO67: =SUMPRODUCT(($C67:$AF67="N")*($D67:$AG67="T"))
A68: Thamyres | B68: 24 | W68: N | Y68: T | AB68: T | AD68: N | AG68: D | AH68: =SUMPRODUCT(($C68:$AG68="M")*6+($C68:$AG68="T")*6+($C68:$AG68="D")*12+($C68:$AG68="N")*12+($C68:$AG68="NT")*6+($C68:$AG68="C")*10+($C68:$AG68="A")*8+($C68:$AG68="J")*5+($C68:$AG68="E")*4+($C68:$AG68="P")*6+($C68:$AG68="R")*6) | AI68: =SUMPRODUCT($C$4:$AG$4,($C68:$AG68="M")*6+($C68:$AG68="T")*6+($C68:$AG68="D")*12+($C68:$AG68="N")*12+($C68:$AG68="NT")*6+($C68:$AG68="C")*10+($C68:$AG68="A")*8+($C68:$AG68="J")*5+($C68:$AG68="E")*4+($C68:$AG68="P")*6+($C68:$AG68="R")*6) | AJ68: =SUMPRODUCT($C$5:$AG$5,($C68:$AG68="N")*1) | AK68: =SUMPRODUCT($C$6:$AG$6,($C68:$AG68="M")*6+($C68:$AG68="T")*6+($C68:$AG68="D")*12+($C68:$AG68="N")*12+($C68:$AG68="NT")*6+($C68:$AG68="C")*10+($C68:$AG68="A")*8+($C68:$AG68="J")*5+($C68:$AG68="E")*4+($C68:$AG68="P")*6+($C68:$AG68="R")*6) | AL68: =ROUND(B68*4.43,0) | AM68: =AH68-AL68 | AN68: =SUMPRODUCT(($C68:$AF68="N")*(($D68:$AG68="M")+($D68:$AG68="E")+($D68:$AG68="C")+($D68:$AG68="D"))) | AO68: =SUMPRODUCT(($C68:$AF68="N")*($D68:$AG68="T"))
A69: Vanessa | B69: 24 | E69: D | G69: M | H69: M | I69: M | P69: D | S69: M | T69: M | W69: T | Y69: D | AA69: M | AD69: M | AF69: N | AH69: =SUMPRODUCT(($C69:$AG69="M")*6+($C69:$AG69="T")*6+($C69:$AG69="D")*12+($C69:$AG69="N")*12+($C69:$AG69="NT")*6+($C69:$AG69="C")*10+($C69:$AG69="A")*8+($C69:$AG69="J")*5+($C69:$AG69="E")*4+($C69:$AG69="P")*6+($C69:$AG69="R")*6) | AI69: =SUMPRODUCT($C$4:$AG$4,($C69:$AG69="M")*6+($C69:$AG69="T")*6+($C69:$AG69="D")*12+($C69:$AG69="N")*12+($C69:$AG69="NT")*6+($C69:$AG69="C")*10+($C69:$AG69="A")*8+($C69:$AG69="J")*5+($C69:$AG69="E")*4+($C69:$AG69="P")*6+($C69:$AG69="R")*6) | AJ69: =SUMPRODUCT($C$5:$AG$5,($C69:$AG69="N")*1) | AK69: =SUMPRODUCT($C$6:$AG$6,($C69:$AG69="M")*6+($C69:$AG69="T")*6+($C69:$AG69="D")*12+($C69:$AG69="N")*12+($C69:$AG69="NT")*6+($C69:$AG69="C")*10+($C69:$AG69="A")*8+($C69:$AG69="J")*5+($C69:$AG69="E")*4+($C69:$AG69="P")*6+($C69:$AG69="R")*6) | AL69: =ROUND(B69*4.43,0) | AM69: =AH69-AL69 | AN69: =SUMPRODUCT(($C69:$AF69="N")*(($D69:$AG69="M")+($D69:$AG69="E")+($D69:$AG69="C")+($D69:$AG69="D"))) | AO69: =SUMPRODUCT(($C69:$AF69="N")*($D69:$AG69="T"))
A70: Yuji | B70: 24 | G70: D | M70: D | O70: M | R70: T | U70: M | V70: M | W70: M | AA70: T | AB70: M | AE70: M | AG70: N | AH70: =SUMPRODUCT(($C70:$AG70="M")*6+($C70:$AG70="T")*6+($C70:$AG70="D")*12+($C70:$AG70="N")*12+($C70:$AG70="NT")*6+($C70:$AG70="C")*10+($C70:$AG70="A")*8+($C70:$AG70="J")*5+($C70:$AG70="E")*4+($C70:$AG70="P")*6+($C70:$AG70="R")*6) | AI70: =SUMPRODUCT($C$4:$AG$4,($C70:$AG70="M")*6+($C70:$AG70="T")*6+($C70:$AG70="D")*12+($C70:$AG70="N")*12+($C70:$AG70="NT")*6+($C70:$AG70="C")*10+($C70:$AG70="A")*8+($C70:$AG70="J")*5+($C70:$AG70="E")*4+($C70:$AG70="P")*6+($C70:$AG70="R")*6) | AJ70: =SUMPRODUCT($C$5:$AG$5,($C70:$AG70="N")*1) | AK70: =SUMPRODUCT($C$6:$AG$6,($C70:$AG70="M")*6+($C70:$AG70="T")*6+($C70:$AG70="D")*12+($C70:$AG70="N")*12+($C70:$AG70="NT")*6+($C70:$AG70="C")*10+($C70:$AG70="A")*8+($C70:$AG70="J")*5+($C70:$AG70="E")*4+($C70:$AG70="P")*6+($C70:$AG70="R")*6) | AL70: =ROUND(B70*4.43,0) | AM70: =AH70-AL70 | AN70: =SUMPRODUCT(($C70:$AF70="N")*(($D70:$AG70="M")+($D70:$AG70="E")+($D70:$AG70="C")+($D70:$AG70="D"))) | AO70: =SUMPRODUCT(($C70:$AF70="N")*($D70:$AG70="T"))
A71: JuIsaac | B71: 40 | D71: M | G71: D | M71: D | N71: D | R71: D | V71: D | Z71: T | AA71: N | AC71: T | AF71: D | AH71: =SUMPRODUCT(($C71:$AG71="M")*6+($C71:$AG71="T")*6+($C71:$AG71="D")*12+($C71:$AG71="N")*12+($C71:$AG71="NT")*6+($C71:$AG71="C")*10+($C71:$AG71="A")*8+($C71:$AG71="J")*5+($C71:$AG71="E")*4+($C71:$AG71="P")*6+($C71:$AG71="R")*6) | AI71: =SUMPRODUCT($C$4:$AG$4,($C71:$AG71="M")*6+($C71:$AG71="T")*6+($C71:$AG71="D")*12+($C71:$AG71="N")*12+($C71:$AG71="NT")*6+($C71:$AG71="C")*10+($C71:$AG71="A")*8+($C71:$AG71="J")*5+($C71:$AG71="E")*4+($C71:$AG71="P")*6+($C71:$AG71="R")*6) | AJ71: =SUMPRODUCT($C$5:$AG$5,($C71:$AG71="N")*1) | AK71: =SUMPRODUCT($C$6:$AG$6,($C71:$AG71="M")*6+($C71:$AG71="T")*6+($C71:$AG71="D")*12+($C71:$AG71="N")*12+($C71:$AG71="NT")*6+($C71:$AG71="C")*10+($C71:$AG71="A")*8+($C71:$AG71="J")*5+($C71:$AG71="E")*4+($C71:$AG71="P")*6+($C71:$AG71="R")*6) | AL71: =ROUND(B71*4.43,0) | AM71: =AH71-AL71 | AN71: =SUMPRODUCT(($C71:$AF71="N")*(($D71:$AG71="M")+($D71:$AG71="E")+($D71:$AG71="C")+($D71:$AG71="D"))) | AO71: =SUMPRODUCT(($C71:$AF71="N")*($D71:$AG71="T"))
A72: Stephanie | B72: 40 | G72: M | I72: D | K72: D | N72: D | O72: T | P72: D | U72: D | V72: T | Z72: D | AC72: T | AG72: D | AH72: =SUMPRODUCT(($C72:$AG72="M")*6+($C72:$AG72="T")*6+($C72:$AG72="D")*12+($C72:$AG72="N")*12+($C72:$AG72="NT")*6+($C72:$AG72="C")*10+($C72:$AG72="A")*8+($C72:$AG72="J")*5+($C72:$AG72="E")*4+($C72:$AG72="P")*6+($C72:$AG72="R")*6) | AI72: =SUMPRODUCT($C$4:$AG$4,($C72:$AG72="M")*6+($C72:$AG72="T")*6+($C72:$AG72="D")*12+($C72:$AG72="N")*12+($C72:$AG72="NT")*6+($C72:$AG72="C")*10+($C72:$AG72="A")*8+($C72:$AG72="J")*5+($C72:$AG72="E")*4+($C72:$AG72="P")*6+($C72:$AG72="R")*6) | AJ72: =SUMPRODUCT($C$5:$AG$5,($C72:$AG72="N")*1) | AK72: =SUMPRODUCT($C$6:$AG$6,($C72:$AG72="M")*6+($C72:$AG72="T")*6+($C72:$AG72="D")*12+($C72:$AG72="N")*12+($C72:$AG72="NT")*6+($C72:$AG72="C")*10+($C72:$AG72="A")*8+($C72:$AG72="J")*5+($C72:$AG72="E")*4+($C72:$AG72="P")*6+($C72:$AG72="R")*6) | AL72: =ROUND(B72*4.43,0) | AM72: =AH72-AL72 | AN72: =SUMPRODUCT(($C72:$AF72="N")*(($D72:$AG72="M")+($D72:$AG72="E")+($D72:$AG72="C")+($D72:$AG72="D"))) | AO72: =SUMPRODUCT(($C72:$AF72="N")*($D72:$AG72="T"))
A73: MPinheiro | B73: 40 | D73: N | G73: N | J73: T | K73: D | N73: M | R73: D | S73: D | X73: T | Y73: D | AA73: D | AB73: N | AF73: M | AG73: T | AH73: =SUMPRODUCT(($C73:$AG73="M")*6+($C73:$AG73="T")*6+($C73:$AG73="D")*12+($C73:$AG73="N")*12+($C73:$AG73="NT")*6+($C73:$AG73="C")*10+($C73:$AG73="A")*8+($C73:$AG73="J")*5+($C73:$AG73="E")*4+($C73:$AG73="P")*6+($C73:$AG73="R")*6) | AI73: =SUMPRODUCT($C$4:$AG$4,($C73:$AG73="M")*6+($C73:$AG73="T")*6+($C73:$AG73="D")*12+($C73:$AG73="N")*12+($C73:$AG73="NT")*6+($C73:$AG73="C")*10+($C73:$AG73="A")*8+($C73:$AG73="J")*5+($C73:$AG73="E")*4+($C73:$AG73="P")*6+($C73:$AG73="R")*6) | AJ73: =SUMPRODUCT($C$5:$AG$5,($C73:$AG73="N")*1) | AK73: =SUMPRODUCT($C$6:$AG$6,($C73:$AG73="M")*6+($C73:$AG73="T")*6+($C73:$AG73="D")*12+($C73:$AG73="N")*12+($C73:$AG73="NT")*6+($C73:$AG73="C")*10+($C73:$AG73="A")*8+($C73:$AG73="J")*5+($C73:$AG73="E")*4+($C73:$AG73="P")*6+($C73:$AG73="R")*6) | AL73: =ROUND(B73*4.43,0) | AM73: =AH73-AL73 | AN73: =SUMPRODUCT(($C73:$AF73="N")*(($D73:$AG73="M")+($D73:$AG73="E")+($D73:$AG73="C")+($D73:$AG73="D"))) | AO73: =SUMPRODUCT(($C73:$AF73="N")*($D73:$AG73="T"))
A75: manhã | C75: =COUNTIF(C8:C73,"M")+COUNTIF(C8:C73,"D")+COUNTIF(C8:C73,"C")+COUNTIF(C8:C73,"J")+COUNTIF(C8:C73,"E") | D75: =COUNTIF(D8:D73,"M")+COUNTIF(D8:D73,"D")+COUNTIF(D8:D73,"C")+COUNTIF(D8:D73,"J")+COUNTIF(D8:D73,"E") | E75: =COUNTIF(E8:E73,"M")+COUNTIF(E8:E73,"D")+COUNTIF(E8:E73,"C")+COUNTIF(E8:E73,"J")+COUNTIF(E8:E73,"E") | F75: =COUNTIF(F8:F73,"M")+COUNTIF(F8:F73,"D")+COUNTIF(F8:F73,"C")+COUNTIF(F8:F73,"J")+COUNTIF(F8:F73,"E") | G75: =COUNTIF(G8:G73,"M")+COUNTIF(G8:G73,"D")+COUNTIF(G8:G73,"C")+COUNTIF(G8:G73,"J")+COUNTIF(G8:G73,"E") | H75: =COUNTIF(H8:H73,"M")+COUNTIF(H8:H73,"D")+COUNTIF(H8:H73,"C")+COUNTIF(H8:H73,"J")+COUNTIF(H8:H73,"E") | I75: =COUNTIF(I8:I73,"M")+COUNTIF(I8:I73,"D")+COUNTIF(I8:I73,"C")+COUNTIF(I8:I73,"J")+COUNTIF(I8:I73,"E") | J75: =COUNTIF(J8:J73,"M")+COUNTIF(J8:J73,"D")+COUNTIF(J8:J73,"C")+COUNTIF(J8:J73,"J")+COUNTIF(J8:J73,"E") | ... AG75: =COUNTIF(AG8:AG73,"M")+COUNTIF(AG8:AG73,"D")+COUNTIF(AG8:AG73,"C")+COUNTIF(AG8:AG73,"J")+COUNTIF(AG8:AG73,"E")
A76: tarde | C76: =COUNTIF(C8:C73,"T")+COUNTIF(C8:C73,"D")+COUNTIF(C8:C73,"C") | D76: =COUNTIF(D8:D73,"T")+COUNTIF(D8:D73,"D")+COUNTIF(D8:D73,"C") | E76: =COUNTIF(E8:E73,"T")+COUNTIF(E8:E73,"D")+COUNTIF(E8:E73,"C") | F76: =COUNTIF(F8:F73,"T")+COUNTIF(F8:F73,"D")+COUNTIF(F8:F73,"C") | G76: =COUNTIF(G8:G73,"T")+COUNTIF(G8:G73,"D")+COUNTIF(G8:G73,"C") | H76: =COUNTIF(H8:H73,"T")+COUNTIF(H8:H73,"D")+COUNTIF(H8:H73,"C") | I76: =COUNTIF(I8:I73,"T")+COUNTIF(I8:I73,"D")+COUNTIF(I8:I73,"C") | J76: =COUNTIF(J8:J73,"T")+COUNTIF(J8:J73,"D")+COUNTIF(J8:J73,"C") | ... AG76: =COUNTIF(AG8:AG73,"T")+COUNTIF(AG8:AG73,"D")+COUNTIF(AG8:AG73,"C")
A77: noite | C77: =COUNTIF(C8:C73,"N")+COUNTIF(C8:C73,"NT") | D77: =COUNTIF(D8:D73,"N")+COUNTIF(D8:D73,"NT") | E77: =COUNTIF(E8:E73,"N")+COUNTIF(E8:E73,"NT") | F77: =COUNTIF(F8:F73,"N")+COUNTIF(F8:F73,"NT") | G77: =COUNTIF(G8:G73,"N")+COUNTIF(G8:G73,"NT") | H77: =COUNTIF(H8:H73,"N")+COUNTIF(H8:H73,"NT") | I77: =COUNTIF(I8:I73,"N")+COUNTIF(I8:I73,"NT") | J77: =COUNTIF(J8:J73,"N")+COUNTIF(J8:J73,"NT") | ... AG77: =COUNTIF(AG8:AG73,"N")+COUNTIF(AG8:AG73,"NT")
A78: falta manhã | C78: =MAX(0,CONFIG!$B$9-C75) | D78: =MAX(0,CONFIG!$B$9-D75) | E78: =MAX(0,CONFIG!$B$10-E75) | F78: =MAX(0,CONFIG!$B$11-F75) | G78: =MAX(0,CONFIG!$B$9-G75) | H78: =MAX(0,CONFIG!$B$9-H75) | I78: =MAX(0,CONFIG!$B$9-I75) | J78: =MAX(0,CONFIG!$B$9-J75) | K78: =MAX(0,CONFIG!$B$9-K75) | L78: =MAX(0,CONFIG!$B$10-L75) | M78: =MAX(0,CONFIG!$B$11-M75) | N78: =MAX(0,CONFIG!$B$9-N75) | O78: =MAX(0,CONFIG!$B$9-O75) | P78: =MAX(0,CONFIG!$B$9-P75) | Q78: =MAX(0,CONFIG!$B$9-Q75) | R78: =MAX(0,CONFIG!$B$9-R75) | S78: =MAX(0,CONFIG!$B$10-S75) | T78: =MAX(0,CONFIG!$B$11-T75) | U78: =MAX(0,CONFIG!$B$9-U75) | V78: =MAX(0,CONFIG!$B$9-V75) | W78: =MAX(0,CONFIG!$B$9-W75) | X78: =MAX(0,CONFIG!$B$9-X75) | Y78: =MAX(0,CONFIG!$B$9-Y75) | Z78: =MAX(0,CONFIG!$B$10-Z75) | AA78: =MAX(0,CONFIG!$B$11-AA75) | AB78: =MAX(0,CONFIG!$B$9-AB75) | AC78: =MAX(0,CONFIG!$B$9-AC75) | AD78: =MAX(0,CONFIG!$B$9-AD75) | AE78: =MAX(0,CONFIG!$B$9-AE75) | AF78: =MAX(0,CONFIG!$B$9-AF75) | AG78: =MAX(0,CONFIG!$B$10-AG75)
A79: falta tarde | C79: =MAX(0,CONFIG!$C$9-C76) | D79: =MAX(0,CONFIG!$C$9-D76) | E79: =MAX(0,CONFIG!$C$10-E76) | F79: =MAX(0,CONFIG!$C$11-F76) | G79: =MAX(0,CONFIG!$C$9-G76) | H79: =MAX(0,CONFIG!$C$9-H76) | I79: =MAX(0,CONFIG!$C$9-I76) | J79: =MAX(0,CONFIG!$C$9-J76) | K79: =MAX(0,CONFIG!$C$9-K76) | L79: =MAX(0,CONFIG!$C$10-L76) | M79: =MAX(0,CONFIG!$C$11-M76) | N79: =MAX(0,CONFIG!$C$9-N76) | O79: =MAX(0,CONFIG!$C$9-O76) | P79: =MAX(0,CONFIG!$C$9-P76) | Q79: =MAX(0,CONFIG!$C$9-Q76) | R79: =MAX(0,CONFIG!$C$9-R76) | S79: =MAX(0,CONFIG!$C$10-S76) | T79: =MAX(0,CONFIG!$C$11-T76) | U79: =MAX(0,CONFIG!$C$9-U76) | V79: =MAX(0,CONFIG!$C$9-V76) | W79: =MAX(0,CONFIG!$C$9-W76) | X79: =MAX(0,CONFIG!$C$9-X76) | Y79: =MAX(0,CONFIG!$C$9-Y76) | Z79: =MAX(0,CONFIG!$C$10-Z76) | AA79: =MAX(0,CONFIG!$C$11-AA76) | AB79: =MAX(0,CONFIG!$C$9-AB76) | AC79: =MAX(0,CONFIG!$C$9-AC76) | AD79: =MAX(0,CONFIG!$C$9-AD76) | AE79: =MAX(0,CONFIG!$C$9-AE76) | AF79: =MAX(0,CONFIG!$C$9-AF76) | AG79: =MAX(0,CONFIG!$C$10-AG76)
A80: falta noite | C80: =MAX(0,CONFIG!$D$9-C77) | D80: =MAX(0,CONFIG!$D$9-D77) | E80: =MAX(0,CONFIG!$D$10-E77) | F80: =MAX(0,CONFIG!$D$11-F77) | G80: =MAX(0,CONFIG!$D$9-G77) | H80: =MAX(0,CONFIG!$D$9-H77) | I80: =MAX(0,CONFIG!$D$9-I77) | J80: =MAX(0,CONFIG!$D$9-J77) | K80: =MAX(0,CONFIG!$D$9-K77) | L80: =MAX(0,CONFIG!$D$10-L77) | M80: =MAX(0,CONFIG!$D$11-M77) | N80: =MAX(0,CONFIG!$D$9-N77) | O80: =MAX(0,CONFIG!$D$9-O77) | P80: =MAX(0,CONFIG!$D$9-P77) | Q80: =MAX(0,CONFIG!$D$9-Q77) | R80: =MAX(0,CONFIG!$D$9-R77) | S80: =MAX(0,CONFIG!$D$10-S77) | T80: =MAX(0,CONFIG!$D$11-T77) | U80: =MAX(0,CONFIG!$D$9-U77) | V80: =MAX(0,CONFIG!$D$9-V77) | W80: =MAX(0,CONFIG!$D$9-W77) | X80: =MAX(0,CONFIG!$D$9-X77) | Y80: =MAX(0,CONFIG!$D$9-Y77) | Z80: =MAX(0,CONFIG!$D$10-Z77) | AA80: =MAX(0,CONFIG!$D$11-AA77) | AB80: =MAX(0,CONFIG!$D$9-AB77) | AC80: =MAX(0,CONFIG!$D$9-AC77) | AD80: =MAX(0,CONFIG!$D$9-AD77) | AE80: =MAX(0,CONFIG!$D$9-AE77) | AF80: =MAX(0,CONFIG!$D$9-AF77) | AG80: =MAX(0,CONFIG!$D$10-AG77)

Sheet FEV
A1: fevereiro · 2026 | C1: códigos Senior (códigos antigos 110/82/83)
C2: 1 | D2: 2 | E2: 3 | F2: 4 | G2: 5 | H2: 6 | I2: 7 | J2: 8 | K2: 9 | L2: 10 | M2: 11 | N2: 12 | O2: 13 | P2: 14 | Q2: 15 | R2: 16 | S2: 17 | T2: 18 | U2: 19 | V2: 20 | W2: 21 | X2: 22 | Y2: 23 | Z2: 24 | AA2: 25 | AB2: 26 | AC2: 27 | AD2: 28
C3: dom | D3: seg | E3: ter | F3: qua | G3: qui | H3: sex | I3: sáb | J3: dom | K3: seg | L3: ter | M3: qua | N3: qui | O3: sex | P3: sáb | Q3: dom | R3: carn | S3: carn | T3: qua | U3: qui | V3: sex | W3: sáb | X3: dom | Y3: seg | Z3: ter | AA3: qua | AB3: qui | AC3: sex | AD3: sáb
A4: máscara fds | C4: 1 | D4: 0 | E4: 0 | F4: 0 | G4: 0 | H4: 0 | I4: 1 | J4: 1 | K4: 0 | L4: 0 | M4: 0 | N4: 0 | O4: 0 | P4: 1 | Q4: 1 | R4: 0 | S4: 0 | T4: 0 | U4: 0 | V4: 0 | W4: 1 | X4: 1 | Y4: 0 | Z4: 0 | AA4: 0 | AB4: 0 | AC4: 0 | AD4: 1
A5: máscara sexta | C5: 0 | D5: 0 | E5: 0 | F5: 0 | G5: 0 | H5: 1 | I5: 0 | J5: 0 | K5: 0 | L5: 0 | M5: 0 | N5: 0 | O5: 1 | P5: 0 | Q5: 0 | R5: 0 | S5: 0 | T5: 0 | U5: 0 | V5: 1 | W5: 0 | X5: 0 | Y5: 0 | Z5: 0 | AA5: 0 | AB5: 0 | AC5: 1 | AD5: 0
A6: máscara feriado | C6: 0 | D6: 0 | E6: 0 | F6: 0 | G6: 0 | H6: 0 | I6: 0 | J6: 0 | K6: 0 | L6: 0 | M6: 0 | N6: 0 | O6: 0 | P6: 0 | Q6: 0 | R6: 1 | S6: 1 | T6: 0 | U6: 0 | V6: 0 | W6: 0 | X6: 0 | Y6: 0 | Z6: 0 | AA6: 0 | AB6: 0 | AC6: 0 | AD6: 0
A7: médico | B7: CH | AH7: CH mês | AI7: fds | AJ7: SxN | AK7: feriado | AL7: meta | AM7: saldo | AN7: 18h⚠ | AO7: N→T
A8: Fred | B8: 36 | K8: C | L8: C | M8: M | N8: M | O8: C | P8: M | Q8: M | R8: C | S8: C | T8: M | U8: M | V8: M | Y8: C | Z8: C | AA8: M | AB8: M | AC8: C | AD8: M | AH8: =SUMPRODUCT(($C8:$AG8="M")*6+($C8:$AG8="T")*6+($C8:$AG8="D")*12+($C8:$AG8="N")*12+($C8:$AG8="NT")*6+($C8:$AG8="C")*10+($C8:$AG8="A")*8+($C8:$AG8="J")*5+($C8:$AG8="E")*4+($C8:$AG8="P")*6+($C8:$AG8="R")*6) | AI8: =SUMPRODUCT($C$4:$AG$4,($C8:$AG8="M")*6+($C8:$AG8="T")*6+($C8:$AG8="D")*12+($C8:$AG8="N")*12+($C8:$AG8="NT")*6+($C8:$AG8="C")*10+($C8:$AG8="A")*8+($C8:$AG8="J")*5+($C8:$AG8="E")*4+($C8:$AG8="P")*6+($C8:$AG8="R")*6) | AJ8: =SUMPRODUCT($C$5:$AG$5,($C8:$AG8="N")*1) | AK8: =SUMPRODUCT($C$6:$AG$6,($C8:$AG8="M")*6+($C8:$AG8="T")*6+($C8:$AG8="D")*12+($C8:$AG8="N")*12+($C8:$AG8="NT")*6+($C8:$AG8="C")*10+($C8:$AG8="A")*8+($C8:$AG8="J")*5+($C8:$AG8="E")*4+($C8:$AG8="P")*6+($C8:$AG8="R")*6) | AL8: =ROUND(B8*4.0,0) | AM8: =AH8-AL8 | AN8: =SUMPRODUCT(($C8:$AF8="N")*(($D8:$AG8="M")+($D8:$AG8="E")+($D8:$AG8="C")+($D8:$AG8="D"))) | AO8: =SUMPRODUCT(($C8:$AF8="N")*($D8:$AG8="T"))
A9: Milena | B9: 36 | D9: M | E9: M | F9: M | G9: C | H9: C | I9: M | J9: M | K9: M | L9: M | M9: M | N9: C | O9: M | P9: M | Q9: M | R9: M | S9: M | T9: M | U9: C | V9: M | Y9: M | Z9: M | AA9: M | AB9: C | AC9: M | AD9: M | AH9: =SUMPRODUCT(($C9:$AG9="M")*6+($C9:$AG9="T")*6+($C9:$AG9="D")*12+($C9:$AG9="N")*12+($C9:$AG9="NT")*6+($C9:$AG9="C")*10+($C9:$AG9="A")*8+($C9:$AG9="J")*5+($C9:$AG9="E")*4+($C9:$AG9="P")*6+($C9:$AG9="R")*6) | AI9: =SUMPRODUCT($C$4:$AG$4,($C9:$AG9="M")*6+($C9:$AG9="T")*6+($C9:$AG9="D")*12+($C9:$AG9="N")*12+($C9:$AG9="NT")*6+($C9:$AG9="C")*10+($C9:$AG9="A")*8+($C9:$AG9="J")*5+($C9:$AG9="E")*4+($C9:$AG9="P")*6+($C9:$AG9="R")*6) | AJ9: =SUMPRODUCT($C$5:$AG$5,($C9:$AG9="N")*1) | AK9: =SUMPRODUCT($C$6:$AG$6,($C9:$AG9="M")*6+($C9:$AG9="T")*6+($C9:$AG9="D")*12+($C9:$AG9="N")*12+($C9:$AG9="NT")*6+($C9:$AG9="C")*10+($C9:$AG9="A")*8+($C9:$AG9="J")*5+($C9:$AG9="E")*4+($C9:$AG9="P")*6+($C9:$AG9="R")*6) | AL9: =ROUND(B9*4.0,0) | AM9: =AH9-AL9 | AN9: =SUMPRODUCT(($C9:$AF9="N")*(($D9:$AG9="M")+($D9:$AG9="E")+($D9:$AG9="C")+($D9:$AG9="D"))) | AO9: =SUMPRODUCT(($C9:$AF9="N")*($D9:$AG9="T"))
A10: Pabdo | B10: 36 | AH10: =SUMPRODUCT(($C10:$AG10="M")*6+($C10:$AG10="T")*6+($C10:$AG10="D")*12+($C10:$AG10="N")*12+($C10:$AG10="NT")*6+($C10:$AG10="C")*10+($C10:$AG10="A")*8+($C10:$AG10="J")*5+($C10:$AG10="E")*4+($C10:$AG10="P")*6+($C10:$AG10="R")*6) | AI10: =SUMPRODUCT($C$4:$AG$4,($C10:$AG10="M")*6+($C10:$AG10="T")*6+($C10:$AG10="D")*12+($C10:$AG10="N")*12+($C10:$AG10="NT")*6+($C10:$AG10="C")*10+($C10:$AG10="A")*8+($C10:$AG10="J")*5+($C10:$AG10="E")*4+($C10:$AG10="P")*6+($C10:$AG10="R")*6) | AJ10: =SUMPRODUCT($C$5:$AG$5,($C10:$AG10="N")*1) | AK10: =SUMPRODUCT($C$6:$AG$6,($C10:$AG10="M")*6+($C10:$AG10="T")*6+($C10:$AG10="D")*12+($C10:$AG10="N")*12+($C10:$AG10="NT")*6+($C10:$AG10="C")*10+($C10:$AG10="A")*8+($C10:$AG10="J")*5+($C10:$AG10="E")*4+($C10:$AG10="P")*6+($C10:$AG10="R")*6) | AL10: =ROUND(B10*4.0,0) | AM10: =AH10-AL10 | AN10: =SUMPRODUCT(($C10:$AF10="N")*(($D10:$AG10="M")+($D10:$AG10="E")+($D10:$AG10="C")+($D10:$AG10="D"))) | AO10: =SUMPRODUCT(($C10:$AF10="N")*($D10:$AG10="T"))
A11: MSalomão | B11: 40 | D11: D | E11: M | F11: D | G11: M | H11: M | K11: M | L11: M | M11: M | N11: M | P11: N | Q11: M | R11: M | S11: M | T11: M | U11: M | V11: M | Y11: M | Z11: M | AA11: M | AB11: M | AC11: M | AH11: =SUMPRODUCT(($C11:$AG11="M")*6+($C11:$AG11="T")*6+($C11:$AG11="D")*12+($C11:$AG11="N")*12+($C11:$AG11="NT")*6+($C11:$AG11="C")*10+($C11:$AG11="A")*8+($C11:$AG11="J")*5+($C11:$AG11="E")*4+($C11:$AG11="P")*6+($C11:$AG11="R")*6) | AI11: =SUMPRODUCT($C$4:$AG$4,($C11:$AG11="M")*6+($C11:$AG11="T")*6+($C11:$AG11="D")*12+($C11:$AG11="N")*12+($C11:$AG11="NT")*6+($C11:$AG11="C")*10+($C11:$AG11="A")*8+($C11:$AG11="J")*5+($C11:$AG11="E")*4+($C11:$AG11="P")*6+($C11:$AG11="R")*6) | AJ11: =SUMPRODUCT($C$5:$AG$5,($C11:$AG11="N")*1) | AK11: =SUMPRODUCT($C$6:$AG$6,($C11:$AG11="M")*6+($C11:$AG11="T")*6+($C11:$AG11="D")*12+($C11:$AG11="N")*12+($C11:$AG11="NT")*6+($C11:$AG11="C")*10+($C11:$AG11="A")*8+($C11:$AG11="J")*5+($C11:$AG11="E")*4+($C11:$AG11="P")*6+($C11:$AG11="R")*6) | AL11: =ROUND(B11*4.0,0) | AM11: =AH11-AL11 | AN11: =SUMPRODUCT(($C11:$AF11="N")*(($D11:$AG11="M")+($D11:$AG11="E")+($D11:$AG11="C")+($D11:$AG11="D"))) | AO11: =SUMPRODUCT(($C11:$AF11="N")*($D11:$AG11="T"))
A12: DebAlves | B12: 40 | D12: M | E12: D | F12: M | G12: M | H12: M | K12: M | L12: D | M12: M | N12: D | O12: M | R12: M | S12: M | T12: M | U12: M | V12: M | W12: D | Y12: M | Z12: M | AA12: M | AB12: M | AC12: M | AD12: D | AH12: =SUMPRODUCT(($C12:$AG12="M")*6+($C12:$AG12="T")*6+($C12:$AG12="D")*12+($C12:$AG12="N")*12+($C12:$AG12="NT")*6+($C12:$AG12="C")*10+($C12:$AG12="A")*8+($C12:$AG12="J")*5+($C12:$AG12="E")*4+($C12:$AG12="P")*6+($C12:$AG12="R")*6) | AI12: =SUMPRODUCT($C$4:$AG$4,($C12:$AG12="M")*6+($C12:$AG12="T")*6+($C12:$AG12="D")*12+($C12:$AG12="N")*12+($C12:$AG12="NT")*6+($C12:$AG12="C")*10+($C12:$AG12="A")*8+($C12:$AG12="J")*5+($C12:$AG12="E")*4+($C12:$AG12="P")*6+($C12:$AG12="R")*6) | AJ12: =SUMPRODUCT($C$5:$AG$5,($C12:$AG12="N")*1) | AK12: =SUMPRODUCT($C$6:$AG$6,($C12:$AG12="M")*6+($C12:$AG12="T")*6+($C12:$AG12="D")*12+($C12:$AG12="N")*12+($C12:$AG12="NT")*6+($C12:$AG12="C")*10+($C12:$AG12="A")*8+($C12:$AG12="J")*5+($C12:$AG12="E")*4+($C12:$AG12="P")*6+($C12:$AG12="R")*6) | AL12: =ROUND(B12*4.0,0) | AM12: =AH12-AL12 | AN12: =SUMPRODUCT(($C12:$AF12="N")*(($D12:$AG12="M")+($D12:$AG12="E")+($D12:$AG12="C")+($D12:$AG12="D"))) | AO12: =SUMPRODUCT(($C12:$AF12="N")*($D12:$AG12="T"))
A13: Vinicius | B13: 36 | D13: M | E13: D | F13: M | G13: M | H13: M | I13: N | K13: M | L13: D | M13: M | N13: M | O13: M | R13: M | S13: M | T13: M | U13: M | V13: M | X13: N | Y13: M | Z13: D | AA13: M | AB13: M | AC13: M | AH13: =SUMPRODUCT(($C13:$AG13="M")*6+($C13:$AG13="T")*6+($C13:$AG13="D")*12+($C13:$AG13="N")*12+($C13:$AG13="NT")*6+($C13:$AG13="C")*10+($C13:$AG13="A")*8+($C13:$AG13="J")*5+($C13:$AG13="E")*4+($C13:$AG13="P")*6+($C13:$AG13="R")*6) | AI13: =SUMPRODUCT($C$4:$AG$4,($C13:$AG13="M")*6+($C13:$AG13="T")*6+($C13:$AG13="D")*12+($C13:$AG13="N")*12+($C13:$AG13="NT")*6+($C13:$AG13="C")*10+($C13:$AG13="A")*8+($C13:$AG13="J")*5+($C13:$AG13="E")*4+($C13:$AG13="P")*6+($C13:$AG13="R")*6) | AJ13: =SUMPRODUCT($C$5:$AG$5,($C13:$AG13="N")*1) | AK13: =SUMPRODUCT($C$6:$AG$6,($C13:$AG13="M")*6+($C13:$AG13="T")*6+($C13:$AG13="D")*12+($C13:$AG13="N")*12+($C13:$AG13="NT")*6+($C13:$AG13="C")*10+($C13:$AG13="A")*8+($C13:$AG13="J")*5+($C13:$AG13="E")*4+($C13:$AG13="P")*6+($C13:$AG13="R")*6) | AL13: =ROUND(B13*4.0,0) | AM13: =AH13-AL13 | AN13: =SUMPRODUCT(($C13:$AF13="N")*(($D13:$AG13="M")+($D13:$AG13="E")+($D13:$AG13="C")+($D13:$AG13="D"))) | AO13: =SUMPRODUCT(($C13:$AF13="N")*($D13:$AG13="T"))
A14: Amelio | B14: 36 | C14: T | D14: M | E14: M | F14: M | G14: M | H14: D | Z14: M | AA14: M | AB14: M | AC14: D | AD14: T | AH14: =SUMPRODUCT(($C14:$AG14="M")*6+($C14:$AG14="T")*6+($C14:$AG14="D")*12+($C14:$AG14="N")*12+($C14:$AG14="NT")*6+($C14:$AG14="C")*10+($C14:$AG14="A")*8+($C14:$AG14="J")*5+($C14:$AG14="E")*4+($C14:$AG14="P")*6+($C14:$AG14="R")*6) | AI14: =SUMPRODUCT($C$4:$AG$4,($C14:$AG14="M")*6+($C14:$AG14="T")*6+($C14:$AG14="D")*12+($C14:$AG14="N")*12+($C14:$AG14="NT")*6+($C14:$AG14="C")*10+($C14:$AG14="A")*8+($C14:$AG14="J")*5+($C14:$AG14="E")*4+($C14:$AG14="P")*6+($C14:$AG14="R")*6) | AJ14: =SUMPRODUCT($C$5:$AG$5,($C14:$AG14="N")*1) | AK14: =SUMPRODUCT($C$6:$AG$6,($C14:$AG14="M")*6+($C14:$AG14="T")*6+($C14:$AG14="D")*12+($C14:$AG14="N")*12+($C14:$AG14="NT")*6+($C14:$AG14="C")*10+($C14:$AG14="A")*8+($C14:$AG14="J")*5+($C14:$AG14="E")*4+($C14:$AG14="P")*6+($C14:$AG14="R")*6) | AL14: =ROUND(B14*4.0,0) | AM14: =AH14-AL14 | AN14: =SUMPRODUCT(($C14:$AF14="N")*(($D14:$AG14="M")+($D14:$AG14="E")+($D14:$AG14="C")+($D14:$AG14="D"))) | AO14: =SUMPRODUCT(($C14:$AF14="N")*($D14:$AG14="T"))
A15: Murilo | B15: 36 | D15: M | E15: M | F15: M | G15: M | H15: M | I15: N | K15: M | L15: M | M15: M | N15: M | O15: M | R15: M | S15: M | T15: M | U15: M | V15: M | W15: N | Y15: M | Z15: M | AA15: M | AB15: M | AC15: M | AH15: =SUMPRODUCT(($C15:$AG15="M")*6+($C15:$AG15="T")*6+($C15:$AG15="D")*12+($C15:$AG15="N")*12+($C15:$AG15="NT")*6+($C15:$AG15="C")*10+($C15:$AG15="A")*8+($C15:$AG15="J")*5+($C15:$AG15="E")*4+($C15:$AG15="P")*6+($C15:$AG15="R")*6) | AI15: =SUMPRODUCT($C$4:$AG$4,($C15:$AG15="M")*6+($C15:$AG15="T")*6+($C15:$AG15="D")*12+($C15:$AG15="N")*12+($C15:$AG15="NT")*6+($C15:$AG15="C")*10+($C15:$AG15="A")*8+($C15:$AG15="J")*5+($C15:$AG15="E")*4+($C15:$AG15="P")*6+($C15:$AG15="R")*6) | AJ15: =SUMPRODUCT($C$5:$AG$5,($C15:$AG15="N")*1) | AK15: =SUMPRODUCT($C$6:$AG$6,($C15:$AG15="M")*6+($C15:$AG15="T")*6+($C15:$AG15="D")*12+($C15:$AG15="N")*12+($C15:$AG15="NT")*6+($C15:$AG15="C")*10+($C15:$AG15="A")*8+($C15:$AG15="J")*5+($C15:$AG15="E")*4+($C15:$AG15="P")*6+($C15:$AG15="R")*6) | AL15: =ROUND(B15*4.0,0) | AM15: =AH15-AL15 | AN15: =SUMPRODUCT(($C15:$AF15="N")*(($D15:$AG15="M")+($D15:$AG15="E")+($D15:$AG15="C")+($D15:$AG15="D"))) | AO15: =SUMPRODUCT(($C15:$AF15="N")*($D15:$AG15="T"))
A16: Janaina | B16: 30 | AH16: =SUMPRODUCT(($C16:$AG16="M")*6+($C16:$AG16="T")*6+($C16:$AG16="D")*12+($C16:$AG16="N")*12+($C16:$AG16="NT")*6+($C16:$AG16="C")*10+($C16:$AG16="A")*8+($C16:$AG16="J")*5+($C16:$AG16="E")*4+($C16:$AG16="P")*6+($C16:$AG16="R")*6) | AI16: =SUMPRODUCT($C$4:$AG$4,($C16:$AG16="M")*6+($C16:$AG16="T")*6+($C16:$AG16="D")*12+($C16:$AG16="N")*12+($C16:$AG16="NT")*6+($C16:$AG16="C")*10+($C16:$AG16="A")*8+($C16:$AG16="J")*5+($C16:$AG16="E")*4+($C16:$AG16="P")*6+($C16:$AG16="R")*6) | AJ16: =SUMPRODUCT($C$5:$AG$5,($C16:$AG16="N")*1) | AK16: =SUMPRODUCT($C$6:$AG$6,($C16:$AG16="M")*6+($C16:$AG16="T")*6+($C16:$AG16="D")*12+($C16:$AG16="N")*12+($C16:$AG16="NT")*6+($C16:$AG16="C")*10+($C16:$AG16="A")*8+($C16:$AG16="J")*5+($C16:$AG16="E")*4+($C16:$AG16="P")*6+($C16:$AG16="R")*6) | AL16: =ROUND(B16*4.0,0) | AM16: =AH16-AL16 | AN16: =SUMPRODUCT(($C16:$AF16="N")*(($D16:$AG16="M")+($D16:$AG16="E")+($D16:$AG16="C")+($D16:$AG16="D"))) | AO16: =SUMPRODUCT(($C16:$AF16="N")*($D16:$AG16="T"))
A17: Aline | B17: 40 | D17: N | E17: E | F17: T | I17: T | J17: N | K17: N | L17: T | N17: E | P17: T | Q17: N | S17: N | T17: M | U17: C | V17: N | Y17: E | Z17: N | AA17: M | AB17: D | AD17: M | AH17: =SUMPRODUCT(($C17:$AG17="M")*6+($C17:$AG17="T")*6+($C17:$AG17="D")*12+($C17:$AG17="N")*12+($C17:$AG17="NT")*6+($C17:$AG17="C")*10+($C17:$AG17="A")*8+($C17:$AG17="J")*5+($C17:$AG17="E")*4+($C17:$AG17="P")*6+($C17:$AG17="R")*6) | AI17: =SUMPRODUCT($C$4:$AG$4,($C17:$AG17="M")*6+($C17:$AG17="T")*6+($C17:$AG17="D")*12+($C17:$AG17="N")*12+($C17:$AG17="NT")*6+($C17:$AG17="C")*10+($C17:$AG17="A")*8+($C17:$AG17="J")*5+($C17:$AG17="E")*4+($C17:$AG17="P")*6+($C17:$AG17="R")*6) | AJ17: =SUMPRODUCT($C$5:$AG$5,($C17:$AG17="N")*1) | AK17: =SUMPRODUCT($C$6:$AG$6,($C17:$AG17="M")*6+($C17:$AG17="T")*6+($C17:$AG17="D")*12+($C17:$AG17="N")*12+($C17:$AG17="NT")*6+($C17:$AG17="C")*10+($C17:$AG17="A")*8+($C17:$AG17="J")*5+($C17:$AG17="E")*4+($C17:$AG17="P")*6+($C17:$AG17="R")*6) | AL17: =ROUND(B17*4.0,0) | AM17: =AH17-AL17 | AN17: =SUMPRODUCT(($C17:$AF17="N")*(($D17:$AG17="M")+($D17:$AG17="E")+($D17:$AG17="C")+($D17:$AG17="D"))) | AO17: =SUMPRODUCT(($C17:$AF17="N")*($D17:$AG17="T"))
A18: CaAbreu | B18: 36 | F18: D | G18: T | J18: D | K18: D | M18: D | O18: D | R18: D | T18: D | X18: D | Y18: D | AA18: D | AH18: =SUMPRODUCT(($C18:$AG18="M")*6+($C18:$AG18="T")*6+($C18:$AG18="D")*12+($C18:$AG18="N")*12+($C18:$AG18="NT")*6+($C18:$AG18="C")*10+($C18:$AG18="A")*8+($C18:$AG18="J")*5+($C18:$AG18="E")*4+($C18:$AG18="P")*6+($C18:$AG18="R")*6) | AI18: =SUMPRODUCT($C$4:$AG$4,($C18:$AG18="M")*6+($C18:$AG18="T")*6+($C18:$AG18="D")*12+($C18:$AG18="N")*12+($C18:$AG18="NT")*6+($C18:$AG18="C")*10+($C18:$AG18="A")*8+($C18:$AG18="J")*5+($C18:$AG18="E")*4+($C18:$AG18="P")*6+($C18:$AG18="R")*6) | AJ18: =SUMPRODUCT($C$5:$AG$5,($C18:$AG18="N")*1) | AK18: =SUMPRODUCT($C$6:$AG$6,($C18:$AG18="M")*6+($C18:$AG18="T")*6+($C18:$AG18="D")*12+($C18:$AG18="N")*12+($C18:$AG18="NT")*6+($C18:$AG18="C")*10+($C18:$AG18="A")*8+($C18:$AG18="J")*5+($C18:$AG18="E")*4+($C18:$AG18="P")*6+($C18:$AG18="R")*6) | AL18: =ROUND(B18*4.0,0) | AM18: =AH18-AL18 | AN18: =SUMPRODUCT(($C18:$AF18="N")*(($D18:$AG18="M")+($D18:$AG18="E")+($D18:$AG18="C")+($D18:$AG18="D"))) | AO18: =SUMPRODUCT(($C18:$AF18="N")*($D18:$AG18="T"))
A19: Danielle | B19: 36 | C19: N | F19: N | H19: N | J19: N | K19: N | M19: N | N19: N | T19: N | U19: N | X19: N | AA19: N | AB19: N | AH19: =SUMPRODUCT(($C19:$AG19="M")*6+($C19:$AG19="T")*6+($C19:$AG19="D")*12+($C19:$AG19="N")*12+($C19:$AG19="NT")*6+($C19:$AG19="C")*10+($C19:$AG19="A")*8+($C19:$AG19="J")*5+($C19:$AG19="E")*4+($C19:$AG19="P")*6+($C19:$AG19="R")*6) | AI19: =SUMPRODUCT($C$4:$AG$4,($C19:$AG19="M")*6+($C19:$AG19="T")*6+($C19:$AG19="D")*12+($C19:$AG19="N")*12+($C19:$AG19="NT")*6+($C19:$AG19="C")*10+($C19:$AG19="A")*8+($C19:$AG19="J")*5+($C19:$AG19="E")*4+($C19:$AG19="P")*6+($C19:$AG19="R")*6) | AJ19: =SUMPRODUCT($C$5:$AG$5,($C19:$AG19="N")*1) | AK19: =SUMPRODUCT($C$6:$AG$6,($C19:$AG19="M")*6+($C19:$AG19="T")*6+($C19:$AG19="D")*12+($C19:$AG19="N")*12+($C19:$AG19="NT")*6+($C19:$AG19="C")*10+($C19:$AG19="A")*8+($C19:$AG19="J")*5+($C19:$AG19="E")*4+($C19:$AG19="P")*6+($C19:$AG19="R")*6) | AL19: =ROUND(B19*4.0,0) | AM19: =AH19-AL19 | AN19: =SUMPRODUCT(($C19:$AF19="N")*(($D19:$AG19="M")+($D19:$AG19="E")+($D19:$AG19="C")+($D19:$AG19="D"))) | AO19: =SUMPRODUCT(($C19:$AF19="N")*($D19:$AG19="T"))
A20: Fabiula | B20: 36 | C20: N | D20: N | F20: N | G20: N | L20: N | P20: N | Q20: N | S20: N | T20: N | U20: N | AA20: N | AB20: N | AH20: =SUMPRODUCT(($C20:$AG20="M")*6+($C20:$AG20="T")*6+($C20:$AG20="D")*12+($C20:$AG20="N")*12+($C20:$AG20="NT")*6+($C20:$AG20="C")*10+($C20:$AG20="A")*8+($C20:$AG20="J")*5+($C20:$AG20="E")*4+($C20:$AG20="P")*6+($C20:$AG20="R")*6) | AI20: =SUMPRODUCT($C$4:$AG$4,($C20:$AG20="M")*6+($C20:$AG20="T")*6+($C20:$AG20="D")*12+($C20:$AG20="N")*12+($C20:$AG20="NT")*6+($C20:$AG20="C")*10+($C20:$AG20="A")*8+($C20:$AG20="J")*5+($C20:$AG20="E")*4+($C20:$AG20="P")*6+($C20:$AG20="R")*6) | AJ20: =SUMPRODUCT($C$5:$AG$5,($C20:$AG20="N")*1) | AK20: =SUMPRODUCT($C$6:$AG$6,($C20:$AG20="M")*6+($C20:$AG20="T")*6+($C20:$AG20="D")*12+($C20:$AG20="N")*12+($C20:$AG20="NT")*6+($C20:$AG20="C")*10+($C20:$AG20="A")*8+($C20:$AG20="J")*5+($C20:$AG20="E")*4+($C20:$AG20="P")*6+($C20:$AG20="R")*6) | AL20: =ROUND(B20*4.0,0) | AM20: =AH20-AL20 | AN20: =SUMPRODUCT(($C20:$AF20="N")*(($D20:$AG20="M")+($D20:$AG20="E")+($D20:$AG20="C")+($D20:$AG20="D"))) | AO20: =SUMPRODUCT(($C20:$AF20="N")*($D20:$AG20="T"))
A21: Isabella | B21: 36 | D21: T | E21: D | G21: N | H21: T | K21: T | L21: D | M21: T | Q21: N | S21: D | W21: D | X21: N | Y21: T | Z21: D | AA21: T | AC21: N | AH21: =SUMPRODUCT(($C21:$AG21="M")*6+($C21:$AG21="T")*6+($C21:$AG21="D")*12+($C21:$AG21="N")*12+($C21:$AG21="NT")*6+($C21:$AG21="C")*10+($C21:$AG21="A")*8+($C21:$AG21="J")*5+($C21:$AG21="E")*4+($C21:$AG21="P")*6+($C21:$AG21="R")*6) | AI21: =SUMPRODUCT($C$4:$AG$4,($C21:$AG21="M")*6+($C21:$AG21="T")*6+($C21:$AG21="D")*12+($C21:$AG21="N")*12+($C21:$AG21="NT")*6+($C21:$AG21="C")*10+($C21:$AG21="A")*8+($C21:$AG21="J")*5+($C21:$AG21="E")*4+($C21:$AG21="P")*6+($C21:$AG21="R")*6) | AJ21: =SUMPRODUCT($C$5:$AG$5,($C21:$AG21="N")*1) | AK21: =SUMPRODUCT($C$6:$AG$6,($C21:$AG21="M")*6+($C21:$AG21="T")*6+($C21:$AG21="D")*12+($C21:$AG21="N")*12+($C21:$AG21="NT")*6+($C21:$AG21="C")*10+($C21:$AG21="A")*8+($C21:$AG21="J")*5+($C21:$AG21="E")*4+($C21:$AG21="P")*6+($C21:$AG21="R")*6) | AL21: =ROUND(B21*4.0,0) | AM21: =AH21-AL21 | AN21: =SUMPRODUCT(($C21:$AF21="N")*(($D21:$AG21="M")+($D21:$AG21="E")+($D21:$AG21="C")+($D21:$AG21="D"))) | AO21: =SUMPRODUCT(($C21:$AF21="N")*($D21:$AG21="T"))
A22: JuBrito | B22: 30 | F22: M | G22: D | H22: M | I22: N | L22: M | N22: D | O22: M | Q22: D | R22: T | S22: D | T22: M | U22: T | V22: T | Z22: D | AA22: M | AC22: M | AH22: =SUMPRODUCT(($C22:$AG22="M")*6+($C22:$AG22="T")*6+($C22:$AG22="D")*12+($C22:$AG22="N")*12+($C22:$AG22="NT")*6+($C22:$AG22="C")*10+($C22:$AG22="A")*8+($C22:$AG22="J")*5+($C22:$AG22="E")*4+($C22:$AG22="P")*6+($C22:$AG22="R")*6) | AI22: =SUMPRODUCT($C$4:$AG$4,($C22:$AG22="M")*6+($C22:$AG22="T")*6+($C22:$AG22="D")*12+($C22:$AG22="N")*12+($C22:$AG22="NT")*6+($C22:$AG22="C")*10+($C22:$AG22="A")*8+($C22:$AG22="J")*5+($C22:$AG22="E")*4+($C22:$AG22="P")*6+($C22:$AG22="R")*6) | AJ22: =SUMPRODUCT($C$5:$AG$5,($C22:$AG22="N")*1) | AK22: =SUMPRODUCT($C$6:$AG$6,($C22:$AG22="M")*6+($C22:$AG22="T")*6+($C22:$AG22="D")*12+($C22:$AG22="N")*12+($C22:$AG22="NT")*6+($C22:$AG22="C")*10+($C22:$AG22="A")*8+($C22:$AG22="J")*5+($C22:$AG22="E")*4+($C22:$AG22="P")*6+($C22:$AG22="R")*6) | AL22: =ROUND(B22*4.0,0) | AM22: =AH22-AL22 | AN22: =SUMPRODUCT(($C22:$AF22="N")*(($D22:$AG22="M")+($D22:$AG22="E")+($D22:$AG22="C")+($D22:$AG22="D"))) | AO22: =SUMPRODUCT(($C22:$AF22="N")*($D22:$AG22="T"))
A23: Kariny | B23: 36 | D23: M | I23: D | J23: D | L23: D | N23: D | P23: D | R23: D | S23: D | U23: D | Y23: D | Z23: D | AB23: D | AH23: =SUMPRODUCT(($C23:$AG23="M")*6+($C23:$AG23="T")*6+($C23:$AG23="D")*12+($C23:$AG23="N")*12+($C23:$AG23="NT")*6+($C23:$AG23="C")*10+($C23:$AG23="A")*8+($C23:$AG23="J")*5+($C23:$AG23="E")*4+($C23:$AG23="P")*6+($C23:$AG23="R")*6) | AI23: =SUMPRODUCT($C$4:$AG$4,($C23:$AG23="M")*6+($C23:$AG23="T")*6+($C23:$AG23="D")*12+($C23:$AG23="N")*12+($C23:$AG23="NT")*6+($C23:$AG23="C")*10+($C23:$AG23="A")*8+($C23:$AG23="J")*5+($C23:$AG23="E")*4+($C23:$AG23="P")*6+($C23:$AG23="R")*6) | AJ23: =SUMPRODUCT($C$5:$AG$5,($C23:$AG23="N")*1) | AK23: =SUMPRODUCT($C$6:$AG$6,($C23:$AG23="M")*6+($C23:$AG23="T")*6+($C23:$AG23="D")*12+($C23:$AG23="N")*12+($C23:$AG23="NT")*6+($C23:$AG23="C")*10+($C23:$AG23="A")*8+($C23:$AG23="J")*5+($C23:$AG23="E")*4+($C23:$AG23="P")*6+($C23:$AG23="R")*6) | AL23: =ROUND(B23*4.0,0) | AM23: =AH23-AL23 | AN23: =SUMPRODUCT(($C23:$AF23="N")*(($D23:$AG23="M")+($D23:$AG23="E")+($D23:$AG23="C")+($D23:$AG23="D"))) | AO23: =SUMPRODUCT(($C23:$AF23="N")*($D23:$AG23="T"))
A24: Mayana | B24: 36 | E24: D | F24: M | I24: N | K24: M | L24: D | M24: M | O24: N | U24: D | V24: D | W24: N | Y24: D | Z24: D | AD24: N | AH24: =SUMPRODUCT(($C24:$AG24="M")*6+($C24:$AG24="T")*6+($C24:$AG24="D")*12+($C24:$AG24="N")*12+($C24:$AG24="NT")*6+($C24:$AG24="C")*10+($C24:$AG24="A")*8+($C24:$AG24="J")*5+($C24:$AG24="E")*4+($C24:$AG24="P")*6+($C24:$AG24="R")*6) | AI24: =SUMPRODUCT($C$4:$AG$4,($C24:$AG24="M")*6+($C24:$AG24="T")*6+($C24:$AG24="D")*12+($C24:$AG24="N")*12+($C24:$AG24="NT")*6+($C24:$AG24="C")*10+($C24:$AG24="A")*8+($C24:$AG24="J")*5+($C24:$AG24="E")*4+($C24:$AG24="P")*6+($C24:$AG24="R")*6) | AJ24: =SUMPRODUCT($C$5:$AG$5,($C24:$AG24="N")*1) | AK24: =SUMPRODUCT($C$6:$AG$6,($C24:$AG24="M")*6+($C24:$AG24="T")*6+($C24:$AG24="D")*12+($C24:$AG24="N")*12+($C24:$AG24="NT")*6+($C24:$AG24="C")*10+($C24:$AG24="A")*8+($C24:$AG24="J")*5+($C24:$AG24="E")*4+($C24:$AG24="P")*6+($C24:$AG24="R")*6) | AL24: =ROUND(B24*4.0,0) | AM24: =AH24-AL24 | AN24: =SUMPRODUCT(($C24:$AF24="N")*(($D24:$AG24="M")+($D24:$AG24="E")+($D24:$AG24="C")+($D24:$AG24="D"))) | AO24: =SUMPRODUCT(($C24:$AF24="N")*($D24:$AG24="T"))
A25: Neyde | B25: 36 | E25: N | F25: N | J25: N | L25: N | M25: N | Q25: N | R25: N | T25: N | X25: N | AA25: N | AC25: N | AH25: =SUMPRODUCT(($C25:$AG25="M")*6+($C25:$AG25="T")*6+($C25:$AG25="D")*12+($C25:$AG25="N")*12+($C25:$AG25="NT")*6+($C25:$AG25="C")*10+($C25:$AG25="A")*8+($C25:$AG25="J")*5+($C25:$AG25="E")*4+($C25:$AG25="P")*6+($C25:$AG25="R")*6) | AI25: =SUMPRODUCT($C$4:$AG$4,($C25:$AG25="M")*6+($C25:$AG25="T")*6+($C25:$AG25="D")*12+($C25:$AG25="N")*12+($C25:$AG25="NT")*6+($C25:$AG25="C")*10+($C25:$AG25="A")*8+($C25:$AG25="J")*5+($C25:$AG25="E")*4+($C25:$AG25="P")*6+($C25:$AG25="R")*6) | AJ25: =SUMPRODUCT($C$5:$AG$5,($C25:$AG25="N")*1) | AK25: =SUMPRODUCT($C$6:$AG$6,($C25:$AG25="M")*6+($C25:$AG25="T")*6+($C25:$AG25="D")*12+($C25:$AG25="N")*12+($C25:$AG25="NT")*6+($C25:$AG25="C")*10+($C25:$AG25="A")*8+($C25:$AG25="J")*5+($C25:$AG25="E")*4+($C25:$AG25="P")*6+($C25:$AG25="R")*6) | AL25: =ROUND(B25*4.0,0) | AM25: =AH25-AL25 | AN25: =SUMPRODUCT(($C25:$AF25="N")*(($D25:$AG25="M")+($D25:$AG25="E")+($D25:$AG25="C")+($D25:$AG25="D"))) | AO25: =SUMPRODUCT(($C25:$AF25="N")*($D25:$AG25="T"))
A26: Roberta | B26: 36 | C26: N | G26: N | H26: M | I26: M | J26: N | K26: M | L26: N | N26: N | O26: M | S26: T | T26: T | U26: N | V26: M | W26: M | AA26: N | AC26: N | AH26: =SUMPRODUCT(($C26:$AG26="M")*6+($C26:$AG26="T")*6+($C26:$AG26="D")*12+($C26:$AG26="N")*12+($C26:$AG26="NT")*6+($C26:$AG26="C")*10+($C26:$AG26="A")*8+($C26:$AG26="J")*5+($C26:$AG26="E")*4+($C26:$AG26="P")*6+($C26:$AG26="R")*6) | AI26: =SUMPRODUCT($C$4:$AG$4,($C26:$AG26="M")*6+($C26:$AG26="T")*6+($C26:$AG26="D")*12+($C26:$AG26="N")*12+($C26:$AG26="NT")*6+($C26:$AG26="C")*10+($C26:$AG26="A")*8+($C26:$AG26="J")*5+($C26:$AG26="E")*4+($C26:$AG26="P")*6+($C26:$AG26="R")*6) | AJ26: =SUMPRODUCT($C$5:$AG$5,($C26:$AG26="N")*1) | AK26: =SUMPRODUCT($C$6:$AG$6,($C26:$AG26="M")*6+($C26:$AG26="T")*6+($C26:$AG26="D")*12+($C26:$AG26="N")*12+($C26:$AG26="NT")*6+($C26:$AG26="C")*10+($C26:$AG26="A")*8+($C26:$AG26="J")*5+($C26:$AG26="E")*4+($C26:$AG26="P")*6+($C26:$AG26="R")*6) | AL26: =ROUND(B26*4.0,0) | AM26: =AH26-AL26 | AN26: =SUMPRODUCT(($C26:$AF26="N")*(($D26:$AG26="M")+($D26:$AG26="E")+($D26:$AG26="C")+($D26:$AG26="D"))) | AO26: =SUMPRODUCT(($C26:$AF26="N")*($D26:$AG26="T"))
A27: LuAlice | B27: 36 | E27: M | G27: N | I27: N | K27: M | L27: N | N27: N | AH27: =SUMPRODUCT(($C27:$AG27="M")*6+($C27:$AG27="T")*6+($C27:$AG27="D")*12+($C27:$AG27="N")*12+($C27:$AG27="NT")*6+($C27:$AG27="C")*10+($C27:$AG27="A")*8+($C27:$AG27="J")*5+($C27:$AG27="E")*4+($C27:$AG27="P")*6+($C27:$AG27="R")*6) | AI27: =SUMPRODUCT($C$4:$AG$4,($C27:$AG27="M")*6+($C27:$AG27="T")*6+($C27:$AG27="D")*12+($C27:$AG27="N")*12+($C27:$AG27="NT")*6+($C27:$AG27="C")*10+($C27:$AG27="A")*8+($C27:$AG27="J")*5+($C27:$AG27="E")*4+($C27:$AG27="P")*6+($C27:$AG27="R")*6) | AJ27: =SUMPRODUCT($C$5:$AG$5,($C27:$AG27="N")*1) | AK27: =SUMPRODUCT($C$6:$AG$6,($C27:$AG27="M")*6+($C27:$AG27="T")*6+($C27:$AG27="D")*12+($C27:$AG27="N")*12+($C27:$AG27="NT")*6+($C27:$AG27="C")*10+($C27:$AG27="A")*8+($C27:$AG27="J")*5+($C27:$AG27="E")*4+($C27:$AG27="P")*6+($C27:$AG27="R")*6) | AL27: =ROUND(B27*4.0,0) | AM27: =AH27-AL27 | AN27: =SUMPRODUCT(($C27:$AF27="N")*(($D27:$AG27="M")+($D27:$AG27="E")+($D27:$AG27="C")+($D27:$AG27="D"))) | AO27: =SUMPRODUCT(($C27:$AF27="N")*($D27:$AG27="T"))
A28: Amanda | B28: 30 | U28: N | W28: D | Y28: D | Z28: T | AA28: D | AH28: =SUMPRODUCT(($C28:$AG28="M")*6+($C28:$AG28="T")*6+($C28:$AG28="D")*12+($C28:$AG28="N")*12+($C28:$AG28="NT")*6+($C28:$AG28="C")*10+($C28:$AG28="A")*8+($C28:$AG28="J")*5+($C28:$AG28="E")*4+($C28:$AG28="P")*6+($C28:$AG28="R")*6) | AI28: =SUMPRODUCT($C$4:$AG$4,($C28:$AG28="M")*6+($C28:$AG28="T")*6+($C28:$AG28="D")*12+($C28:$AG28="N")*12+($C28:$AG28="NT")*6+($C28:$AG28="C")*10+($C28:$AG28="A")*8+($C28:$AG28="J")*5+($C28:$AG28="E")*4+($C28:$AG28="P")*6+($C28:$AG28="R")*6) | AJ28: =SUMPRODUCT($C$5:$AG$5,($C28:$AG28="N")*1) | AK28: =SUMPRODUCT($C$6:$AG$6,($C28:$AG28="M")*6+($C28:$AG28="T")*6+($C28:$AG28="D")*12+($C28:$AG28="N")*12+($C28:$AG28="NT")*6+($C28:$AG28="C")*10+($C28:$AG28="A")*8+($C28:$AG28="J")*5+($C28:$AG28="E")*4+($C28:$AG28="P")*6+($C28:$AG28="R")*6) | AL28: =ROUND(B28*4.0,0) | AM28: =AH28-AL28 | AN28: =SUMPRODUCT(($C28:$AF28="N")*(($D28:$AG28="M")+($D28:$AG28="E")+($D28:$AG28="C")+($D28:$AG28="D"))) | AO28: =SUMPRODUCT(($C28:$AF28="N")*($D28:$AG28="T"))
A29: Fernando | B29: 30 | D29: N | F29: M | G29: M | I29: M | K29: N | M29: M | P29: M | Q29: M | R29: N | T29: M | U29: M | W29: M | Y29: N | AA29: M | AB29: M | AD29: M | AH29: =SUMPRODUCT(($C29:$AG29="M")*6+($C29:$AG29="T")*6+($C29:$AG29="D")*12+($C29:$AG29="N")*12+($C29:$AG29="NT")*6+($C29:$AG29="C")*10+($C29:$AG29="A")*8+($C29:$AG29="J")*5+($C29:$AG29="E")*4+($C29:$AG29="P")*6+($C29:$AG29="R")*6) | AI29: =SUMPRODUCT($C$4:$AG$4,($C29:$AG29="M")*6+($C29:$AG29="T")*6+($C29:$AG29="D")*12+($C29:$AG29="N")*12+($C29:$AG29="NT")*6+($C29:$AG29="C")*10+($C29:$AG29="A")*8+($C29:$AG29="J")*5+($C29:$AG29="E")*4+($C29:$AG29="P")*6+($C29:$AG29="R")*6) | AJ29: =SUMPRODUCT($C$5:$AG$5,($C29:$AG29="N")*1) | AK29: =SUMPRODUCT($C$6:$AG$6,($C29:$AG29="M")*6+($C29:$AG29="T")*6+($C29:$AG29="D")*12+($C29:$AG29="N")*12+($C29:$AG29="NT")*6+($C29:$AG29="C")*10+($C29:$AG29="A")*8+($C29:$AG29="J")*5+($C29:$AG29="E")*4+($C29:$AG29="P")*6+($C29:$AG29="R")*6) | AL29: =ROUND(B29*4.0,0) | AM29: =AH29-AL29 | AN29: =SUMPRODUCT(($C29:$AF29="N")*(($D29:$AG29="M")+($D29:$AG29="E")+($D29:$AG29="C")+($D29:$AG29="D"))) | AO29: =SUMPRODUCT(($C29:$AF29="N")*($D29:$AG29="T"))
A30: João | B30: 30 | C30: N | E30: N | F30: T | J30: N | L30: N | M30: T | Q30: N | S30: N | T30: N | U30: T | Z30: N | AA30: T | AH30: =SUMPRODUCT(($C30:$AG30="M")*6+($C30:$AG30="T")*6+($C30:$AG30="D")*12+($C30:$AG30="N")*12+($C30:$AG30="NT")*6+($C30:$AG30="C")*10+($C30:$AG30="A")*8+($C30:$AG30="J")*5+($C30:$AG30="E")*4+($C30:$AG30="P")*6+($C30:$AG30="R")*6) | AI30: =SUMPRODUCT($C$4:$AG$4,($C30:$AG30="M")*6+($C30:$AG30="T")*6+($C30:$AG30="D")*12+($C30:$AG30="N")*12+($C30:$AG30="NT")*6+($C30:$AG30="C")*10+($C30:$AG30="A")*8+($C30:$AG30="J")*5+($C30:$AG30="E")*4+($C30:$AG30="P")*6+($C30:$AG30="R")*6) | AJ30: =SUMPRODUCT($C$5:$AG$5,($C30:$AG30="N")*1) | AK30: =SUMPRODUCT($C$6:$AG$6,($C30:$AG30="M")*6+($C30:$AG30="T")*6+($C30:$AG30="D")*12+($C30:$AG30="N")*12+($C30:$AG30="NT")*6+($C30:$AG30="C")*10+($C30:$AG30="A")*8+($C30:$AG30="J")*5+($C30:$AG30="E")*4+($C30:$AG30="P")*6+($C30:$AG30="R")*6) | AL30: =ROUND(B30*4.0,0) | AM30: =AH30-AL30 | AN30: =SUMPRODUCT(($C30:$AF30="N")*(($D30:$AG30="M")+($D30:$AG30="E")+($D30:$AG30="C")+($D30:$AG30="D"))) | AO30: =SUMPRODUCT(($C30:$AF30="N")*($D30:$AG30="T"))
A31: JuCoutinho | B31: 30 | D31: M | H31: N | I31: N | J31: M | K31: D | L31: M | M31: D | O31: M | AH31: =SUMPRODUCT(($C31:$AG31="M")*6+($C31:$AG31="T")*6+($C31:$AG31="D")*12+($C31:$AG31="N")*12+($C31:$AG31="NT")*6+($C31:$AG31="C")*10+($C31:$AG31="A")*8+($C31:$AG31="J")*5+($C31:$AG31="E")*4+($C31:$AG31="P")*6+($C31:$AG31="R")*6) | AI31: =SUMPRODUCT($C$4:$AG$4,($C31:$AG31="M")*6+($C31:$AG31="T")*6+($C31:$AG31="D")*12+($C31:$AG31="N")*12+($C31:$AG31="NT")*6+($C31:$AG31="C")*10+($C31:$AG31="A")*8+($C31:$AG31="J")*5+($C31:$AG31="E")*4+($C31:$AG31="P")*6+($C31:$AG31="R")*6) | AJ31: =SUMPRODUCT($C$5:$AG$5,($C31:$AG31="N")*1) | AK31: =SUMPRODUCT($C$6:$AG$6,($C31:$AG31="M")*6+($C31:$AG31="T")*6+($C31:$AG31="D")*12+($C31:$AG31="N")*12+($C31:$AG31="NT")*6+($C31:$AG31="C")*10+($C31:$AG31="A")*8+($C31:$AG31="J")*5+($C31:$AG31="E")*4+($C31:$AG31="P")*6+($C31:$AG31="R")*6) | AL31: =ROUND(B31*4.0,0) | AM31: =AH31-AL31 | AN31: =SUMPRODUCT(($C31:$AF31="N")*(($D31:$AG31="M")+($D31:$AG31="E")+($D31:$AG31="C")+($D31:$AG31="D"))) | AO31: =SUMPRODUCT(($C31:$AF31="N")*($D31:$AG31="T"))
A32: LeLemos | B32: 30 | C32: D | D32: D | G32: M | H32: M | I32: T | K32: D | N32: M | O32: N | R32: N | U32: T | W32: T | X32: M | Y32: N | AC32: T | AH32: =SUMPRODUCT(($C32:$AG32="M")*6+($C32:$AG32="T")*6+($C32:$AG32="D")*12+($C32:$AG32="N")*12+($C32:$AG32="NT")*6+($C32:$AG32="C")*10+($C32:$AG32="A")*8+($C32:$AG32="J")*5+($C32:$AG32="E")*4+($C32:$AG32="P")*6+($C32:$AG32="R")*6) | AI32: =SUMPRODUCT($C$4:$AG$4,($C32:$AG32="M")*6+($C32:$AG32="T")*6+($C32:$AG32="D")*12+($C32:$AG32="N")*12+($C32:$AG32="NT")*6+($C32:$AG32="C")*10+($C32:$AG32="A")*8+($C32:$AG32="J")*5+($C32:$AG32="E")*4+($C32:$AG32="P")*6+($C32:$AG32="R")*6) | AJ32: =SUMPRODUCT($C$5:$AG$5,($C32:$AG32="N")*1) | AK32: =SUMPRODUCT($C$6:$AG$6,($C32:$AG32="M")*6+($C32:$AG32="T")*6+($C32:$AG32="D")*12+($C32:$AG32="N")*12+($C32:$AG32="NT")*6+($C32:$AG32="C")*10+($C32:$AG32="A")*8+($C32:$AG32="J")*5+($C32:$AG32="E")*4+($C32:$AG32="P")*6+($C32:$AG32="R")*6) | AL32: =ROUND(B32*4.0,0) | AM32: =AH32-AL32 | AN32: =SUMPRODUCT(($C32:$AF32="N")*(($D32:$AG32="M")+($D32:$AG32="E")+($D32:$AG32="C")+($D32:$AG32="D"))) | AO32: =SUMPRODUCT(($C32:$AF32="N")*($D32:$AG32="T"))
A33: Leomara | B33: 24 | AH33: =SUMPRODUCT(($C33:$AG33="M")*6+($C33:$AG33="T")*6+($C33:$AG33="D")*12+($C33:$AG33="N")*12+($C33:$AG33="NT")*6+($C33:$AG33="C")*10+($C33:$AG33="A")*8+($C33:$AG33="J")*5+($C33:$AG33="E")*4+($C33:$AG33="P")*6+($C33:$AG33="R")*6) | AI33: =SUMPRODUCT($C$4:$AG$4,($C33:$AG33="M")*6+($C33:$AG33="T")*6+($C33:$AG33="D")*12+($C33:$AG33="N")*12+($C33:$AG33="NT")*6+($C33:$AG33="C")*10+($C33:$AG33="A")*8+($C33:$AG33="J")*5+($C33:$AG33="E")*4+($C33:$AG33="P")*6+($C33:$AG33="R")*6) | AJ33: =SUMPRODUCT($C$5:$AG$5,($C33:$AG33="N")*1) | AK33: =SUMPRODUCT($C$6:$AG$6,($C33:$AG33="M")*6+($C33:$AG33="T")*6+($C33:$AG33="D")*12+($C33:$AG33="N")*12+($C33:$AG33="NT")*6+($C33:$AG33="C")*10+($C33:$AG33="A")*8+($C33:$AG33="J")*5+($C33:$AG33="E")*4+($C33:$AG33="P")*6+($C33:$AG33="R")*6) | AL33: =ROUND(B33*4.0,0) | AM33: =AH33-AL33 | AN33: =SUMPRODUCT(($C33:$AF33="N")*(($D33:$AG33="M")+($D33:$AG33="E")+($D33:$AG33="C")+($D33:$AG33="D"))) | AO33: =SUMPRODUCT(($C33:$AF33="N")*($D33:$AG33="T"))
A34: Marilia | B34: 30 | F34: D | I34: D | J34: M | K34: D | L34: M | P34: D | S34: D | T34: M | U34: D | Z34: D | AA34: M | AB34: D | AH34: =SUMPRODUCT(($C34:$AG34="M")*6+($C34:$AG34="T")*6+($C34:$AG34="D")*12+($C34:$AG34="N")*12+($C34:$AG34="NT")*6+($C34:$AG34="C")*10+($C34:$AG34="A")*8+($C34:$AG34="J")*5+($C34:$AG34="E")*4+($C34:$AG34="P")*6+($C34:$AG34="R")*6) | AI34: =SUMPRODUCT($C$4:$AG$4,($C34:$AG34="M")*6+($C34:$AG34="T")*6+($C34:$AG34="D")*12+($C34:$AG34="N")*12+($C34:$AG34="NT")*6+($C34:$AG34="C")*10+($C34:$AG34="A")*8+($C34:$AG34="J")*5+($C34:$AG34="E")*4+($C34:$AG34="P")*6+($C34:$AG34="R")*6) | AJ34: =SUMPRODUCT($C$5:$AG$5,($C34:$AG34="N")*1) | AK34: =SUMPRODUCT($C$6:$AG$6,($C34:$AG34="M")*6+($C34:$AG34="T")*6+($C34:$AG34="D")*12+($C34:$AG34="N")*12+($C34:$AG34="NT")*6+($C34:$AG34="C")*10+($C34:$AG34="A")*8+($C34:$AG34="J")*5+($C34:$AG34="E")*4+($C34:$AG34="P")*6+($C34:$AG34="R")*6) | AL34: =ROUND(B34*4.0,0) | AM34: =AH34-AL34 | AN34: =SUMPRODUCT(($C34:$AF34="N")*(($D34:$AG34="M")+($D34:$AG34="E")+($D34:$AG34="C")+($D34:$AG34="D"))) | AO34: =SUMPRODUCT(($C34:$AF34="N")*($D34:$AG34="T"))
A35: Raylander | B35: 30 | D35: N | G35: T | J35: N | K35: N | M35: T | O35: N | R35: D | S35: D | T35: T | Z35: D | AD35: D | AH35: =SUMPRODUCT(($C35:$AG35="M")*6+($C35:$AG35="T")*6+($C35:$AG35="D")*12+($C35:$AG35="N")*12+($C35:$AG35="NT")*6+($C35:$AG35="C")*10+($C35:$AG35="A")*8+($C35:$AG35="J")*5+($C35:$AG35="E")*4+($C35:$AG35="P")*6+($C35:$AG35="R")*6) | AI35: =SUMPRODUCT($C$4:$AG$4,($C35:$AG35="M")*6+($C35:$AG35="T")*6+($C35:$AG35="D")*12+($C35:$AG35="N")*12+($C35:$AG35="NT")*6+($C35:$AG35="C")*10+($C35:$AG35="A")*8+($C35:$AG35="J")*5+($C35:$AG35="E")*4+($C35:$AG35="P")*6+($C35:$AG35="R")*6) | AJ35: =SUMPRODUCT($C$5:$AG$5,($C35:$AG35="N")*1) | AK35: =SUMPRODUCT($C$6:$AG$6,($C35:$AG35="M")*6+($C35:$AG35="T")*6+($C35:$AG35="D")*12+($C35:$AG35="N")*12+($C35:$AG35="NT")*6+($C35:$AG35="C")*10+($C35:$AG35="A")*8+($C35:$AG35="J")*5+($C35:$AG35="E")*4+($C35:$AG35="P")*6+($C35:$AG35="R")*6) | AL35: =ROUND(B35*4.0,0) | AM35: =AH35-AL35 | AN35: =SUMPRODUCT(($C35:$AF35="N")*(($D35:$AG35="M")+($D35:$AG35="E")+($D35:$AG35="C")+($D35:$AG35="D"))) | AO35: =SUMPRODUCT(($C35:$AF35="N")*($D35:$AG35="T"))
A36: Ricardo | B36: 30 | E36: N | H36: M | I36: D | O36: T | P36: D | Q36: D | S36: N | U36: M | V36: D | AA36: T | AB36: D | AC36: N | AH36: =SUMPRODUCT(($C36:$AG36="M")*6+($C36:$AG36="T")*6+($C36:$AG36="D")*12+($C36:$AG36="N")*12+($C36:$AG36="NT")*6+($C36:$AG36="C")*10+($C36:$AG36="A")*8+($C36:$AG36="J")*5+($C36:$AG36="E")*4+($C36:$AG36="P")*6+($C36:$AG36="R")*6) | AI36: =SUMPRODUCT($C$4:$AG$4,($C36:$AG36="M")*6+($C36:$AG36="T")*6+($C36:$AG36="D")*12+($C36:$AG36="N")*12+($C36:$AG36="NT")*6+($C36:$AG36="C")*10+($C36:$AG36="A")*8+($C36:$AG36="J")*5+($C36:$AG36="E")*4+($C36:$AG36="P")*6+($C36:$AG36="R")*6) | AJ36: =SUMPRODUCT($C$5:$AG$5,($C36:$AG36="N")*1) | AK36: =SUMPRODUCT($C$6:$AG$6,($C36:$AG36="M")*6+($C36:$AG36="T")*6+($C36:$AG36="D")*12+($C36:$AG36="N")*12+($C36:$AG36="NT")*6+($C36:$AG36="C")*10+($C36:$AG36="A")*8+($C36:$AG36="J")*5+($C36:$AG36="E")*4+($C36:$AG36="P")*6+($C36:$AG36="R")*6) | AL36: =ROUND(B36*4.0,0) | AM36: =AH36-AL36 | AN36: =SUMPRODUCT(($C36:$AF36="N")*(($D36:$AG36="M")+($D36:$AG36="E")+($D36:$AG36="C")+($D36:$AG36="D"))) | AO36: =SUMPRODUCT(($C36:$AF36="N")*($D36:$AG36="T"))
A37: Rosana | B37: 30 | D37: T | E37: D | J37: D | K37: T | L37: M | N37: D | O37: M | T37: N | V37: M | W37: N | X37: T | AA37: N | AC37: M | AD37: T | AH37: =SUMPRODUCT(($C37:$AG37="M")*6+($C37:$AG37="T")*6+($C37:$AG37="D")*12+($C37:$AG37="N")*12+($C37:$AG37="NT")*6+($C37:$AG37="C")*10+($C37:$AG37="A")*8+($C37:$AG37="J")*5+($C37:$AG37="E")*4+($C37:$AG37="P")*6+($C37:$AG37="R")*6) | AI37: =SUMPRODUCT($C$4:$AG$4,($C37:$AG37="M")*6+($C37:$AG37="T")*6+($C37:$AG37="D")*12+($C37:$AG37="N")*12+($C37:$AG37="NT")*6+($C37:$AG37="C")*10+($C37:$AG37="A")*8+($C37:$AG37="J")*5+($C37:$AG37="E")*4+($C37:$AG37="P")*6+($C37:$AG37="R")*6) | AJ37: =SUMPRODUCT($C$5:$AG$5,($C37:$AG37="N")*1) | AK37: =SUMPRODUCT($C$6:$AG$6,($C37:$AG37="M")*6+($C37:$AG37="T")*6+($C37:$AG37="D")*12+($C37:$AG37="N")*12+($C37:$AG37="NT")*6+($C37:$AG37="C")*10+($C37:$AG37="A")*8+($C37:$AG37="J")*5+($C37:$AG37="E")*4+($C37:$AG37="P")*6+($C37:$AG37="R")*6) | AL37: =ROUND(B37*4.0,0) | AM37: =AH37-AL37 | AN37: =SUMPRODUCT(($C37:$AF37="N")*(($D37:$AG37="M")+($D37:$AG37="E")+($D37:$AG37="C")+($D37:$AG37="D"))) | AO37: =SUMPRODUCT(($C37:$AF37="N")*($D37:$AG37="T"))
A38: AnaSeverino | B38: 24 | AH38: =SUMPRODUCT(($C38:$AG38="M")*6+($C38:$AG38="T")*6+($C38:$AG38="D")*12+($C38:$AG38="N")*12+($C38:$AG38="NT")*6+($C38:$AG38="C")*10+($C38:$AG38="A")*8+($C38:$AG38="J")*5+($C38:$AG38="E")*4+($C38:$AG38="P")*6+($C38:$AG38="R")*6) | AI38: =SUMPRODUCT($C$4:$AG$4,($C38:$AG38="M")*6+($C38:$AG38="T")*6+($C38:$AG38="D")*12+($C38:$AG38="N")*12+($C38:$AG38="NT")*6+($C38:$AG38="C")*10+($C38:$AG38="A")*8+($C38:$AG38="J")*5+($C38:$AG38="E")*4+($C38:$AG38="P")*6+($C38:$AG38="R")*6) | AJ38: =SUMPRODUCT($C$5:$AG$5,($C38:$AG38="N")*1) | AK38: =SUMPRODUCT($C$6:$AG$6,($C38:$AG38="M")*6+($C38:$AG38="T")*6+($C38:$AG38="D")*12+($C38:$AG38="N")*12+($C38:$AG38="NT")*6+($C38:$AG38="C")*10+($C38:$AG38="A")*8+($C38:$AG38="J")*5+($C38:$AG38="E")*4+($C38:$AG38="P")*6+($C38:$AG38="R")*6) | AL38: =ROUND(B38*4.0,0) | AM38: =AH38-AL38 | AN38: =SUMPRODUCT(($C38:$AF38="N")*(($D38:$AG38="M")+($D38:$AG38="E")+($D38:$AG38="C")+($D38:$AG38="D"))) | AO38: =SUMPRODUCT(($C38:$AF38="N")*($D38:$AG38="T"))
A39: Anna | B39: 24 | D39: T | H39: N | J39: T | M39: M | O39: M | P39: N | R39: D | S39: M | X39: T | Y39: N | AC39: T | AH39: =SUMPRODUCT(($C39:$AG39="M")*6+($C39:$AG39="T")*6+($C39:$AG39="D")*12+($C39:$AG39="N")*12+($C39:$AG39="NT")*6+($C39:$AG39="C")*10+($C39:$AG39="A")*8+($C39:$AG39="J")*5+($C39:$AG39="E")*4+($C39:$AG39="P")*6+($C39:$AG39="R")*6) | AI39: =SUMPRODUCT($C$4:$AG$4,($C39:$AG39="M")*6+($C39:$AG39="T")*6+($C39:$AG39="D")*12+($C39:$AG39="N")*12+($C39:$AG39="NT")*6+($C39:$AG39="C")*10+($C39:$AG39="A")*8+($C39:$AG39="J")*5+($C39:$AG39="E")*4+($C39:$AG39="P")*6+($C39:$AG39="R")*6) | AJ39: =SUMPRODUCT($C$5:$AG$5,($C39:$AG39="N")*1) | AK39: =SUMPRODUCT($C$6:$AG$6,($C39:$AG39="M")*6+($C39:$AG39="T")*6+($C39:$AG39="D")*12+($C39:$AG39="N")*12+($C39:$AG39="NT")*6+($C39:$AG39="C")*10+($C39:$AG39="A")*8+($C39:$AG39="J")*5+($C39:$AG39="E")*4+($C39:$AG39="P")*6+($C39:$AG39="R")*6) | AL39: =ROUND(B39*4.0,0) | AM39: =AH39-AL39 | AN39: =SUMPRODUCT(($C39:$AF39="N")*(($D39:$AG39="M")+($D39:$AG39="E")+($D39:$AG39="C")+($D39:$AG39="D"))) | AO39: =SUMPRODUCT(($C39:$AF39="N")*($D39:$AG39="T"))
A40: Ariadne | B40: 24 | D40: M | E40: M | F40: M | G40: T | H40: D | K40: M | L40: M | M40: M | N40: T | O40: M | P40: M | R40: M | S40: M | T40: M | U40: T | V40: D | W40: M | Y40: M | AB40: T | AC40: D | AD40: M | AH40: =SUMPRODUCT(($C40:$AG40="M")*6+($C40:$AG40="T")*6+($C40:$AG40="D")*12+($C40:$AG40="N")*12+($C40:$AG40="NT")*6+($C40:$AG40="C")*10+($C40:$AG40="A")*8+($C40:$AG40="J")*5+($C40:$AG40="E")*4+($C40:$AG40="P")*6+($C40:$AG40="R")*6) | AI40: =SUMPRODUCT($C$4:$AG$4,($C40:$AG40="M")*6+($C40:$AG40="T")*6+($C40:$AG40="D")*12+($C40:$AG40="N")*12+($C40:$AG40="NT")*6+($C40:$AG40="C")*10+($C40:$AG40="A")*8+($C40:$AG40="J")*5+($C40:$AG40="E")*4+($C40:$AG40="P")*6+($C40:$AG40="R")*6) | AJ40: =SUMPRODUCT($C$5:$AG$5,($C40:$AG40="N")*1) | AK40: =SUMPRODUCT($C$6:$AG$6,($C40:$AG40="M")*6+($C40:$AG40="T")*6+($C40:$AG40="D")*12+($C40:$AG40="N")*12+($C40:$AG40="NT")*6+($C40:$AG40="C")*10+($C40:$AG40="A")*8+($C40:$AG40="J")*5+($C40:$AG40="E")*4+($C40:$AG40="P")*6+($C40:$AG40="R")*6) | AL40: =ROUND(B40*4.0,0) | AM40: =AH40-AL40 | AN40: =SUMPRODUCT(($C40:$AF40="N")*(($D40:$AG40="M")+($D40:$AG40="E")+($D40:$AG40="C")+($D40:$AG40="D"))) | AO40: =SUMPRODUCT(($C40:$AF40="N")*($D40:$AG40="T"))
A41: Beatriz | B41: 24 | C41: D | D41: D | E41: D | N41: M | O41: T | Q41: D | R41: D | V41: N | AC41: D | AH41: =SUMPRODUCT(($C41:$AG41="M")*6+($C41:$AG41="T")*6+($C41:$AG41="D")*12+($C41:$AG41="N")*12+($C41:$AG41="NT")*6+($C41:$AG41="C")*10+($C41:$AG41="A")*8+($C41:$AG41="J")*5+($C41:$AG41="E")*4+($C41:$AG41="P")*6+($C41:$AG41="R")*6) | AI41: =SUMPRODUCT($C$4:$AG$4,($C41:$AG41="M")*6+($C41:$AG41="T")*6+($C41:$AG41="D")*12+($C41:$AG41="N")*12+($C41:$AG41="NT")*6+($C41:$AG41="C")*10+($C41:$AG41="A")*8+($C41:$AG41="J")*5+($C41:$AG41="E")*4+($C41:$AG41="P")*6+($C41:$AG41="R")*6) | AJ41: =SUMPRODUCT($C$5:$AG$5,($C41:$AG41="N")*1) | AK41: =SUMPRODUCT($C$6:$AG$6,($C41:$AG41="M")*6+($C41:$AG41="T")*6+($C41:$AG41="D")*12+($C41:$AG41="N")*12+($C41:$AG41="NT")*6+($C41:$AG41="C")*10+($C41:$AG41="A")*8+($C41:$AG41="J")*5+($C41:$AG41="E")*4+($C41:$AG41="P")*6+($C41:$AG41="R")*6) | AL41: =ROUND(B41*4.0,0) | AM41: =AH41-AL41 | AN41: =SUMPRODUCT(($C41:$AF41="N")*(($D41:$AG41="M")+($D41:$AG41="E")+($D41:$AG41="C")+($D41:$AG41="D"))) | AO41: =SUMPRODUCT(($C41:$AF41="N")*($D41:$AG41="T"))
A42: Bruna | B42: 24 | H42: T | I42: D | M42: D | N42: D | R42: D | V42: N | Z42: N | AC42: N | AH42: =SUMPRODUCT(($C42:$AG42="M")*6+($C42:$AG42="T")*6+($C42:$AG42="D")*12+($C42:$AG42="N")*12+($C42:$AG42="NT")*6+($C42:$AG42="C")*10+($C42:$AG42="A")*8+($C42:$AG42="J")*5+($C42:$AG42="E")*4+($C42:$AG42="P")*6+($C42:$AG42="R")*6) | AI42: =SUMPRODUCT($C$4:$AG$4,($C42:$AG42="M")*6+($C42:$AG42="T")*6+($C42:$AG42="D")*12+($C42:$AG42="N")*12+($C42:$AG42="NT")*6+($C42:$AG42="C")*10+($C42:$AG42="A")*8+($C42:$AG42="J")*5+($C42:$AG42="E")*4+($C42:$AG42="P")*6+($C42:$AG42="R")*6) | AJ42: =SUMPRODUCT($C$5:$AG$5,($C42:$AG42="N")*1) | AK42: =SUMPRODUCT($C$6:$AG$6,($C42:$AG42="M")*6+($C42:$AG42="T")*6+($C42:$AG42="D")*12+($C42:$AG42="N")*12+($C42:$AG42="NT")*6+($C42:$AG42="C")*10+($C42:$AG42="A")*8+($C42:$AG42="J")*5+($C42:$AG42="E")*4+($C42:$AG42="P")*6+($C42:$AG42="R")*6) | AL42: =ROUND(B42*4.0,0) | AM42: =AH42-AL42 | AN42: =SUMPRODUCT(($C42:$AF42="N")*(($D42:$AG42="M")+($D42:$AG42="E")+($D42:$AG42="C")+($D42:$AG42="D"))) | AO42: =SUMPRODUCT(($C42:$AF42="N")*($D42:$AG42="T"))
A43: Constantino | B43: 24 | C43: N | E43: N | H43: N | L43: N | P43: N | R43: N | S43: N | Y43: N | Z43: N | AH43: =SUMPRODUCT(($C43:$AG43="M")*6+($C43:$AG43="T")*6+($C43:$AG43="D")*12+($C43:$AG43="N")*12+($C43:$AG43="NT")*6+($C43:$AG43="C")*10+($C43:$AG43="A")*8+($C43:$AG43="J")*5+($C43:$AG43="E")*4+($C43:$AG43="P")*6+($C43:$AG43="R")*6) | AI43: =SUMPRODUCT($C$4:$AG$4,($C43:$AG43="M")*6+($C43:$AG43="T")*6+($C43:$AG43="D")*12+($C43:$AG43="N")*12+($C43:$AG43="NT")*6+($C43:$AG43="C")*10+($C43:$AG43="A")*8+($C43:$AG43="J")*5+($C43:$AG43="E")*4+($C43:$AG43="P")*6+($C43:$AG43="R")*6) | AJ43: =SUMPRODUCT($C$5:$AG$5,($C43:$AG43="N")*1) | AK43: =SUMPRODUCT($C$6:$AG$6,($C43:$AG43="M")*6+($C43:$AG43="T")*6+($C43:$AG43="D")*12+($C43:$AG43="N")*12+($C43:$AG43="NT")*6+($C43:$AG43="C")*10+($C43:$AG43="A")*8+($C43:$AG43="J")*5+($C43:$AG43="E")*4+($C43:$AG43="P")*6+($C43:$AG43="R")*6) | AL43: =ROUND(B43*4.0,0) | AM43: =AH43-AL43 | AN43: =SUMPRODUCT(($C43:$AF43="N")*(($D43:$AG43="M")+($D43:$AG43="E")+($D43:$AG43="C")+($D43:$AG43="D"))) | AO43: =SUMPRODUCT(($C43:$AF43="N")*($D43:$AG43="T"))
A44: DebMatias | B44: 24 | AH44: =SUMPRODUCT(($C44:$AG44="M")*6+($C44:$AG44="T")*6+($C44:$AG44="D")*12+($C44:$AG44="N")*12+($C44:$AG44="NT")*6+($C44:$AG44="C")*10+($C44:$AG44="A")*8+($C44:$AG44="J")*5+($C44:$AG44="E")*4+($C44:$AG44="P")*6+($C44:$AG44="R")*6) | AI44: =SUMPRODUCT($C$4:$AG$4,($C44:$AG44="M")*6+($C44:$AG44="T")*6+($C44:$AG44="D")*12+($C44:$AG44="N")*12+($C44:$AG44="NT")*6+($C44:$AG44="C")*10+($C44:$AG44="A")*8+($C44:$AG44="J")*5+($C44:$AG44="E")*4+($C44:$AG44="P")*6+($C44:$AG44="R")*6) | AJ44: =SUMPRODUCT($C$5:$AG$5,($C44:$AG44="N")*1) | AK44: =SUMPRODUCT($C$6:$AG$6,($C44:$AG44="M")*6+($C44:$AG44="T")*6+($C44:$AG44="D")*12+($C44:$AG44="N")*12+($C44:$AG44="NT")*6+($C44:$AG44="C")*10+($C44:$AG44="A")*8+($C44:$AG44="J")*5+($C44:$AG44="E")*4+($C44:$AG44="P")*6+($C44:$AG44="R")*6) | AL44: =ROUND(B44*4.0,0) | AM44: =AH44-AL44 | AN44: =SUMPRODUCT(($C44:$AF44="N")*(($D44:$AG44="M")+($D44:$AG44="E")+($D44:$AG44="C")+($D44:$AG44="D"))) | AO44: =SUMPRODUCT(($C44:$AF44="N")*($D44:$AG44="T"))
A45: Denise | B45: 24 | G45: M | H45: M | J45: M | K45: M | O45: M | P45: N | R45: D | T45: M | X45: M | Y45: M | Z45: M | AB45: M | AC45: M | AH45: =SUMPRODUCT(($C45:$AG45="M")*6+($C45:$AG45="T")*6+($C45:$AG45="D")*12+($C45:$AG45="N")*12+($C45:$AG45="NT")*6+($C45:$AG45="C")*10+($C45:$AG45="A")*8+($C45:$AG45="J")*5+($C45:$AG45="E")*4+($C45:$AG45="P")*6+($C45:$AG45="R")*6) | AI45: =SUMPRODUCT($C$4:$AG$4,($C45:$AG45="M")*6+($C45:$AG45="T")*6+($C45:$AG45="D")*12+($C45:$AG45="N")*12+($C45:$AG45="NT")*6+($C45:$AG45="C")*10+($C45:$AG45="A")*8+($C45:$AG45="J")*5+($C45:$AG45="E")*4+($C45:$AG45="P")*6+($C45:$AG45="R")*6) | AJ45: =SUMPRODUCT($C$5:$AG$5,($C45:$AG45="N")*1) | AK45: =SUMPRODUCT($C$6:$AG$6,($C45:$AG45="M")*6+($C45:$AG45="T")*6+($C45:$AG45="D")*12+($C45:$AG45="N")*12+($C45:$AG45="NT")*6+($C45:$AG45="C")*10+($C45:$AG45="A")*8+($C45:$AG45="J")*5+($C45:$AG45="E")*4+($C45:$AG45="P")*6+($C45:$AG45="R")*6) | AL45: =ROUND(B45*4.0,0) | AM45: =AH45-AL45 | AN45: =SUMPRODUCT(($C45:$AF45="N")*(($D45:$AG45="M")+($D45:$AG45="E")+($D45:$AG45="C")+($D45:$AG45="D"))) | AO45: =SUMPRODUCT(($C45:$AF45="N")*($D45:$AG45="T"))
A46: Ernesto | B46: 24 | E46: D | F46: D | L46: D | M46: M | O46: T | S46: D | X46: N | Z46: T | AA46: D | AH46: =SUMPRODUCT(($C46:$AG46="M")*6+($C46:$AG46="T")*6+($C46:$AG46="D")*12+($C46:$AG46="N")*12+($C46:$AG46="NT")*6+($C46:$AG46="C")*10+($C46:$AG46="A")*8+($C46:$AG46="J")*5+($C46:$AG46="E")*4+($C46:$AG46="P")*6+($C46:$AG46="R")*6) | AI46: =SUMPRODUCT($C$4:$AG$4,($C46:$AG46="M")*6+($C46:$AG46="T")*6+($C46:$AG46="D")*12+($C46:$AG46="N")*12+($C46:$AG46="NT")*6+($C46:$AG46="C")*10+($C46:$AG46="A")*8+($C46:$AG46="J")*5+($C46:$AG46="E")*4+($C46:$AG46="P")*6+($C46:$AG46="R")*6) | AJ46: =SUMPRODUCT($C$5:$AG$5,($C46:$AG46="N")*1) | AK46: =SUMPRODUCT($C$6:$AG$6,($C46:$AG46="M")*6+($C46:$AG46="T")*6+($C46:$AG46="D")*12+($C46:$AG46="N")*12+($C46:$AG46="NT")*6+($C46:$AG46="C")*10+($C46:$AG46="A")*8+($C46:$AG46="J")*5+($C46:$AG46="E")*4+($C46:$AG46="P")*6+($C46:$AG46="R")*6) | AL46: =ROUND(B46*4.0,0) | AM46: =AH46-AL46 | AN46: =SUMPRODUCT(($C46:$AF46="N")*(($D46:$AG46="M")+($D46:$AG46="E")+($D46:$AG46="C")+($D46:$AG46="D"))) | AO46: =SUMPRODUCT(($C46:$AF46="N")*($D46:$AG46="T"))
A47: Grayce | B47: 24 | E47: T | G47: T | H47: N | O47: N | Q47: N | S47: T | T47: T | V47: T | X47: T | AA47: T | AC47: T | AH47: =SUMPRODUCT(($C47:$AG47="M")*6+($C47:$AG47="T")*6+($C47:$AG47="D")*12+($C47:$AG47="N")*12+($C47:$AG47="NT")*6+($C47:$AG47="C")*10+($C47:$AG47="A")*8+($C47:$AG47="J")*5+($C47:$AG47="E")*4+($C47:$AG47="P")*6+($C47:$AG47="R")*6) | AI47: =SUMPRODUCT($C$4:$AG$4,($C47:$AG47="M")*6+($C47:$AG47="T")*6+($C47:$AG47="D")*12+($C47:$AG47="N")*12+($C47:$AG47="NT")*6+($C47:$AG47="C")*10+($C47:$AG47="A")*8+($C47:$AG47="J")*5+($C47:$AG47="E")*4+($C47:$AG47="P")*6+($C47:$AG47="R")*6) | AJ47: =SUMPRODUCT($C$5:$AG$5,($C47:$AG47="N")*1) | AK47: =SUMPRODUCT($C$6:$AG$6,($C47:$AG47="M")*6+($C47:$AG47="T")*6+($C47:$AG47="D")*12+($C47:$AG47="N")*12+($C47:$AG47="NT")*6+($C47:$AG47="C")*10+($C47:$AG47="A")*8+($C47:$AG47="J")*5+($C47:$AG47="E")*4+($C47:$AG47="P")*6+($C47:$AG47="R")*6) | AL47: =ROUND(B47*4.0,0) | AM47: =AH47-AL47 | AN47: =SUMPRODUCT(($C47:$AF47="N")*(($D47:$AG47="M")+($D47:$AG47="E")+($D47:$AG47="C")+($D47:$AG47="D"))) | AO47: =SUMPRODUCT(($C47:$AF47="N")*($D47:$AG47="T"))
A48: Heloa | B48: 24 | AH48: =SUMPRODUCT(($C48:$AG48="M")*6+($C48:$AG48="T")*6+($C48:$AG48="D")*12+($C48:$AG48="N")*12+($C48:$AG48="NT")*6+($C48:$AG48="C")*10+($C48:$AG48="A")*8+($C48:$AG48="J")*5+($C48:$AG48="E")*4+($C48:$AG48="P")*6+($C48:$AG48="R")*6) | AI48: =SUMPRODUCT($C$4:$AG$4,($C48:$AG48="M")*6+($C48:$AG48="T")*6+($C48:$AG48="D")*12+($C48:$AG48="N")*12+($C48:$AG48="NT")*6+($C48:$AG48="C")*10+($C48:$AG48="A")*8+($C48:$AG48="J")*5+($C48:$AG48="E")*4+($C48:$AG48="P")*6+($C48:$AG48="R")*6) | AJ48: =SUMPRODUCT($C$5:$AG$5,($C48:$AG48="N")*1) | AK48: =SUMPRODUCT($C$6:$AG$6,($C48:$AG48="M")*6+($C48:$AG48="T")*6+($C48:$AG48="D")*12+($C48:$AG48="N")*12+($C48:$AG48="NT")*6+($C48:$AG48="C")*10+($C48:$AG48="A")*8+($C48:$AG48="J")*5+($C48:$AG48="E")*4+($C48:$AG48="P")*6+($C48:$AG48="R")*6) | AL48: =ROUND(B48*4.0,0) | AM48: =AH48-AL48 | AN48: =SUMPRODUCT(($C48:$AF48="N")*(($D48:$AG48="M")+($D48:$AG48="E")+($D48:$AG48="C")+($D48:$AG48="D"))) | AO48: =SUMPRODUCT(($C48:$AF48="N")*($D48:$AG48="T"))
A49: Iggor | B49: 24 | T49: T | V49: T | X49: D | Y49: N | AA49: T | AC49: T | AH49: =SUMPRODUCT(($C49:$AG49="M")*6+($C49:$AG49="T")*6+($C49:$AG49="D")*12+($C49:$AG49="N")*12+($C49:$AG49="NT")*6+($C49:$AG49="C")*10+($C49:$AG49="A")*8+($C49:$AG49="J")*5+($C49:$AG49="E")*4+($C49:$AG49="P")*6+($C49:$AG49="R")*6) | AI49: =SUMPRODUCT($C$4:$AG$4,($C49:$AG49="M")*6+($C49:$AG49="T")*6+($C49:$AG49="D")*12+($C49:$AG49="N")*12+($C49:$AG49="NT")*6+($C49:$AG49="C")*10+($C49:$AG49="A")*8+($C49:$AG49="J")*5+($C49:$AG49="E")*4+($C49:$AG49="P")*6+($C49:$AG49="R")*6) | AJ49: =SUMPRODUCT($C$5:$AG$5,($C49:$AG49="N")*1) | AK49: =SUMPRODUCT($C$6:$AG$6,($C49:$AG49="M")*6+($C49:$AG49="T")*6+($C49:$AG49="D")*12+($C49:$AG49="N")*12+($C49:$AG49="NT")*6+($C49:$AG49="C")*10+($C49:$AG49="A")*8+($C49:$AG49="J")*5+($C49:$AG49="E")*4+($C49:$AG49="P")*6+($C49:$AG49="R")*6) | AL49: =ROUND(B49*4.0,0) | AM49: =AH49-AL49 | AN49: =SUMPRODUCT(($C49:$AF49="N")*(($D49:$AG49="M")+($D49:$AG49="E")+($D49:$AG49="C")+($D49:$AG49="D"))) | AO49: =SUMPRODUCT(($C49:$AF49="N")*($D49:$AG49="T"))
A50: IsaRibeiro | B50: 24 | D50: T | E50: T | G50: T | H50: T | N50: M | O50: T | Q50: D | R50: D | V50: N | AB50: T | AC50: T | AD50: N | AH50: =SUMPRODUCT(($C50:$AG50="M")*6+($C50:$AG50="T")*6+($C50:$AG50="D")*12+($C50:$AG50="N")*12+($C50:$AG50="NT")*6+($C50:$AG50="C")*10+($C50:$AG50="A")*8+($C50:$AG50="J")*5+($C50:$AG50="E")*4+($C50:$AG50="P")*6+($C50:$AG50="R")*6) | AI50: =SUMPRODUCT($C$4:$AG$4,($C50:$AG50="M")*6+($C50:$AG50="T")*6+($C50:$AG50="D")*12+($C50:$AG50="N")*12+($C50:$AG50="NT")*6+($C50:$AG50="C")*10+($C50:$AG50="A")*8+($C50:$AG50="J")*5+($C50:$AG50="E")*4+($C50:$AG50="P")*6+($C50:$AG50="R")*6) | AJ50: =SUMPRODUCT($C$5:$AG$5,($C50:$AG50="N")*1) | AK50: =SUMPRODUCT($C$6:$AG$6,($C50:$AG50="M")*6+($C50:$AG50="T")*6+($C50:$AG50="D")*12+($C50:$AG50="N")*12+($C50:$AG50="NT")*6+($C50:$AG50="C")*10+($C50:$AG50="A")*8+($C50:$AG50="J")*5+($C50:$AG50="E")*4+($C50:$AG50="P")*6+($C50:$AG50="R")*6) | AL50: =ROUND(B50*4.0,0) | AM50: =AH50-AL50 | AN50: =SUMPRODUCT(($C50:$AF50="N")*(($D50:$AG50="M")+($D50:$AG50="E")+($D50:$AG50="C")+($D50:$AG50="D"))) | AO50: =SUMPRODUCT(($C50:$AF50="N")*($D50:$AG50="T"))
A51: Jaqueline | B51: 24 | E51: D | I51: M | L51: D | O51: M | Q51: M | AH51: =SUMPRODUCT(($C51:$AG51="M")*6+($C51:$AG51="T")*6+($C51:$AG51="D")*12+($C51:$AG51="N")*12+($C51:$AG51="NT")*6+($C51:$AG51="C")*10+($C51:$AG51="A")*8+($C51:$AG51="J")*5+($C51:$AG51="E")*4+($C51:$AG51="P")*6+($C51:$AG51="R")*6) | AI51: =SUMPRODUCT($C$4:$AG$4,($C51:$AG51="M")*6+($C51:$AG51="T")*6+($C51:$AG51="D")*12+($C51:$AG51="N")*12+($C51:$AG51="NT")*6+($C51:$AG51="C")*10+($C51:$AG51="A")*8+($C51:$AG51="J")*5+($C51:$AG51="E")*4+($C51:$AG51="P")*6+($C51:$AG51="R")*6) | AJ51: =SUMPRODUCT($C$5:$AG$5,($C51:$AG51="N")*1) | AK51: =SUMPRODUCT($C$6:$AG$6,($C51:$AG51="M")*6+($C51:$AG51="T")*6+($C51:$AG51="D")*12+($C51:$AG51="N")*12+($C51:$AG51="NT")*6+($C51:$AG51="C")*10+($C51:$AG51="A")*8+($C51:$AG51="J")*5+($C51:$AG51="E")*4+($C51:$AG51="P")*6+($C51:$AG51="R")*6) | AL51: =ROUND(B51*4.0,0) | AM51: =AH51-AL51 | AN51: =SUMPRODUCT(($C51:$AF51="N")*(($D51:$AG51="M")+($D51:$AG51="E")+($D51:$AG51="C")+($D51:$AG51="D"))) | AO51: =SUMPRODUCT(($C51:$AF51="N")*($D51:$AG51="T"))
A52: Joaquim | B52: 24 | D52: N | G52: N | K52: N | P52: N | R52: N | U52: N | Y52: N | AD52: N | AH52: =SUMPRODUCT(($C52:$AG52="M")*6+($C52:$AG52="T")*6+($C52:$AG52="D")*12+($C52:$AG52="N")*12+($C52:$AG52="NT")*6+($C52:$AG52="C")*10+($C52:$AG52="A")*8+($C52:$AG52="J")*5+($C52:$AG52="E")*4+($C52:$AG52="P")*6+($C52:$AG52="R")*6) | AI52: =SUMPRODUCT($C$4:$AG$4,($C52:$AG52="M")*6+($C52:$AG52="T")*6+($C52:$AG52="D")*12+($C52:$AG52="N")*12+($C52:$AG52="NT")*6+($C52:$AG52="C")*10+($C52:$AG52="A")*8+($C52:$AG52="J")*5+($C52:$AG52="E")*4+($C52:$AG52="P")*6+($C52:$AG52="R")*6) | AJ52: =SUMPRODUCT($C$5:$AG$5,($C52:$AG52="N")*1) | AK52: =SUMPRODUCT($C$6:$AG$6,($C52:$AG52="M")*6+($C52:$AG52="T")*6+($C52:$AG52="D")*12+($C52:$AG52="N")*12+($C52:$AG52="NT")*6+($C52:$AG52="C")*10+($C52:$AG52="A")*8+($C52:$AG52="J")*5+($C52:$AG52="E")*4+($C52:$AG52="P")*6+($C52:$AG52="R")*6) | AL52: =ROUND(B52*4.0,0) | AM52: =AH52-AL52 | AN52: =SUMPRODUCT(($C52:$AF52="N")*(($D52:$AG52="M")+($D52:$AG52="E")+($D52:$AG52="C")+($D52:$AG52="D"))) | AO52: =SUMPRODUCT(($C52:$AF52="N")*($D52:$AG52="T"))
A53: JuliaFig | B53: 24 | C53: D | D53: M | E53: M | H53: N | K53: N | P53: N | S53: N | W53: D | Y53: N | Z53: N | AH53: =SUMPRODUCT(($C53:$AG53="M")*6+($C53:$AG53="T")*6+($C53:$AG53="D")*12+($C53:$AG53="N")*12+($C53:$AG53="NT")*6+($C53:$AG53="C")*10+($C53:$AG53="A")*8+($C53:$AG53="J")*5+($C53:$AG53="E")*4+($C53:$AG53="P")*6+($C53:$AG53="R")*6) | AI53: =SUMPRODUCT($C$4:$AG$4,($C53:$AG53="M")*6+($C53:$AG53="T")*6+($C53:$AG53="D")*12+($C53:$AG53="N")*12+($C53:$AG53="NT")*6+($C53:$AG53="C")*10+($C53:$AG53="A")*8+($C53:$AG53="J")*5+($C53:$AG53="E")*4+($C53:$AG53="P")*6+($C53:$AG53="R")*6) | AJ53: =SUMPRODUCT($C$5:$AG$5,($C53:$AG53="N")*1) | AK53: =SUMPRODUCT($C$6:$AG$6,($C53:$AG53="M")*6+($C53:$AG53="T")*6+($C53:$AG53="D")*12+($C53:$AG53="N")*12+($C53:$AG53="NT")*6+($C53:$AG53="C")*10+($C53:$AG53="A")*8+($C53:$AG53="J")*5+($C53:$AG53="E")*4+($C53:$AG53="P")*6+($C53:$AG53="R")*6) | AL53: =ROUND(B53*4.0,0) | AM53: =AH53-AL53 | AN53: =SUMPRODUCT(($C53:$AF53="N")*(($D53:$AG53="M")+($D53:$AG53="E")+($D53:$AG53="C")+($D53:$AG53="D"))) | AO53: =SUMPRODUCT(($C53:$AF53="N")*($D53:$AG53="T"))
A54: Kozak | B54: 24 | C54: T | D54: T | F54: T | G54: N | M54: T | N54: N | O54: T | U54: N | W54: N | AB54: N | AD54: N | AH54: =SUMPRODUCT(($C54:$AG54="M")*6+($C54:$AG54="T")*6+($C54:$AG54="D")*12+($C54:$AG54="N")*12+($C54:$AG54="NT")*6+($C54:$AG54="C")*10+($C54:$AG54="A")*8+($C54:$AG54="J")*5+($C54:$AG54="E")*4+($C54:$AG54="P")*6+($C54:$AG54="R")*6) | AI54: =SUMPRODUCT($C$4:$AG$4,($C54:$AG54="M")*6+($C54:$AG54="T")*6+($C54:$AG54="D")*12+($C54:$AG54="N")*12+($C54:$AG54="NT")*6+($C54:$AG54="C")*10+($C54:$AG54="A")*8+($C54:$AG54="J")*5+($C54:$AG54="E")*4+($C54:$AG54="P")*6+($C54:$AG54="R")*6) | AJ54: =SUMPRODUCT($C$5:$AG$5,($C54:$AG54="N")*1) | AK54: =SUMPRODUCT($C$6:$AG$6,($C54:$AG54="M")*6+($C54:$AG54="T")*6+($C54:$AG54="D")*12+($C54:$AG54="N")*12+($C54:$AG54="NT")*6+($C54:$AG54="C")*10+($C54:$AG54="A")*8+($C54:$AG54="J")*5+($C54:$AG54="E")*4+($C54:$AG54="P")*6+($C54:$AG54="R")*6) | AL54: =ROUND(B54*4.0,0) | AM54: =AH54-AL54 | AN54: =SUMPRODUCT(($C54:$AF54="N")*(($D54:$AG54="M")+($D54:$AG54="E")+($D54:$AG54="C")+($D54:$AG54="D"))) | AO54: =SUMPRODUCT(($C54:$AF54="N")*($D54:$AG54="T"))
A55: Laura | B55: 24 | AH55: =SUMPRODUCT(($C55:$AG55="M")*6+($C55:$AG55="T")*6+($C55:$AG55="D")*12+($C55:$AG55="N")*12+($C55:$AG55="NT")*6+($C55:$AG55="C")*10+($C55:$AG55="A")*8+($C55:$AG55="J")*5+($C55:$AG55="E")*4+($C55:$AG55="P")*6+($C55:$AG55="R")*6) | AI55: =SUMPRODUCT($C$4:$AG$4,($C55:$AG55="M")*6+($C55:$AG55="T")*6+($C55:$AG55="D")*12+($C55:$AG55="N")*12+($C55:$AG55="NT")*6+($C55:$AG55="C")*10+($C55:$AG55="A")*8+($C55:$AG55="J")*5+($C55:$AG55="E")*4+($C55:$AG55="P")*6+($C55:$AG55="R")*6) | AJ55: =SUMPRODUCT($C$5:$AG$5,($C55:$AG55="N")*1) | AK55: =SUMPRODUCT($C$6:$AG$6,($C55:$AG55="M")*6+($C55:$AG55="T")*6+($C55:$AG55="D")*12+($C55:$AG55="N")*12+($C55:$AG55="NT")*6+($C55:$AG55="C")*10+($C55:$AG55="A")*8+($C55:$AG55="J")*5+($C55:$AG55="E")*4+($C55:$AG55="P")*6+($C55:$AG55="R")*6) | AL55: =ROUND(B55*4.0,0) | AM55: =AH55-AL55 | AN55: =SUMPRODUCT(($C55:$AF55="N")*(($D55:$AG55="M")+($D55:$AG55="E")+($D55:$AG55="C")+($D55:$AG55="D"))) | AO55: =SUMPRODUCT(($C55:$AF55="N")*($D55:$AG55="T"))
A56: Leticia | B56: 24 | C56: M | E56: M | G56: D | I56: M | L56: D | N56: D | U56: D | W56: D | Z56: D | AB56: D | AH56: =SUMPRODUCT(($C56:$AG56="M")*6+($C56:$AG56="T")*6+($C56:$AG56="D")*12+($C56:$AG56="N")*12+($C56:$AG56="NT")*6+($C56:$AG56="C")*10+($C56:$AG56="A")*8+($C56:$AG56="J")*5+($C56:$AG56="E")*4+($C56:$AG56="P")*6+($C56:$AG56="R")*6) | AI56: =SUMPRODUCT($C$4:$AG$4,($C56:$AG56="M")*6+($C56:$AG56="T")*6+($C56:$AG56="D")*12+($C56:$AG56="N")*12+($C56:$AG56="NT")*6+($C56:$AG56="C")*10+($C56:$AG56="A")*8+($C56:$AG56="J")*5+($C56:$AG56="E")*4+($C56:$AG56="P")*6+($C56:$AG56="R")*6) | AJ56: =SUMPRODUCT($C$5:$AG$5,($C56:$AG56="N")*1) | AK56: =SUMPRODUCT($C$6:$AG$6,($C56:$AG56="M")*6+($C56:$AG56="T")*6+($C56:$AG56="D")*12+($C56:$AG56="N")*12+($C56:$AG56="NT")*6+($C56:$AG56="C")*10+($C56:$AG56="A")*8+($C56:$AG56="J")*5+($C56:$AG56="E")*4+($C56:$AG56="P")*6+($C56:$AG56="R")*6) | AL56: =ROUND(B56*4.0,0) | AM56: =AH56-AL56 | AN56: =SUMPRODUCT(($C56:$AF56="N")*(($D56:$AG56="M")+($D56:$AG56="E")+($D56:$AG56="C")+($D56:$AG56="D"))) | AO56: =SUMPRODUCT(($C56:$AF56="N")*($D56:$AG56="T"))
A57: LuCosta | B57: 24 | E57: N | F57: N | K57: N | O57: N | U57: N | X57: D | Z57: N | AD57: D | AH57: =SUMPRODUCT(($C57:$AG57="M")*6+($C57:$AG57="T")*6+($C57:$AG57="D")*12+($C57:$AG57="N")*12+($C57:$AG57="NT")*6+($C57:$AG57="C")*10+($C57:$AG57="A")*8+($C57:$AG57="J")*5+($C57:$AG57="E")*4+($C57:$AG57="P")*6+($C57:$AG57="R")*6) | AI57: =SUMPRODUCT($C$4:$AG$4,($C57:$AG57="M")*6+($C57:$AG57="T")*6+($C57:$AG57="D")*12+($C57:$AG57="N")*12+($C57:$AG57="NT")*6+($C57:$AG57="C")*10+($C57:$AG57="A")*8+($C57:$AG57="J")*5+($C57:$AG57="E")*4+($C57:$AG57="P")*6+($C57:$AG57="R")*6) | AJ57: =SUMPRODUCT($C$5:$AG$5,($C57:$AG57="N")*1) | AK57: =SUMPRODUCT($C$6:$AG$6,($C57:$AG57="M")*6+($C57:$AG57="T")*6+($C57:$AG57="D")*12+($C57:$AG57="N")*12+($C57:$AG57="NT")*6+($C57:$AG57="C")*10+($C57:$AG57="A")*8+($C57:$AG57="J")*5+($C57:$AG57="E")*4+($C57:$AG57="P")*6+($C57:$AG57="R")*6) | AL57: =ROUND(B57*4.0,0) | AM57: =AH57-AL57 | AN57: =SUMPRODUCT(($C57:$AF57="N")*(($D57:$AG57="M")+($D57:$AG57="E")+($D57:$AG57="C")+($D57:$AG57="D"))) | AO57: =SUMPRODUCT(($C57:$AF57="N")*($D57:$AG57="T"))
A58: Marcia | B58: 24 | H58: N | J58: T | K58: D | M58: N | T58: N | W58: D | Y58: T | AA58: N | AD58: T | AH58: =SUMPRODUCT(($C58:$AG58="M")*6+($C58:$AG58="T")*6+($C58:$AG58="D")*12+($C58:$AG58="N")*12+($C58:$AG58="NT")*6+($C58:$AG58="C")*10+($C58:$AG58="A")*8+($C58:$AG58="J")*5+($C58:$AG58="E")*4+($C58:$AG58="P")*6+($C58:$AG58="R")*6) | AI58: =SUMPRODUCT($C$4:$AG$4,($C58:$AG58="M")*6+($C58:$AG58="T")*6+($C58:$AG58="D")*12+($C58:$AG58="N")*12+($C58:$AG58="NT")*6+($C58:$AG58="C")*10+($C58:$AG58="A")*8+($C58:$AG58="J")*5+($C58:$AG58="E")*4+($C58:$AG58="P")*6+($C58:$AG58="R")*6) | AJ58: =SUMPRODUCT($C$5:$AG$5,($C58:$AG58="N")*1) | AK58: =SUMPRODUCT($C$6:$AG$6,($C58:$AG58="M")*6+($C58:$AG58="T")*6+($C58:$AG58="D")*12+($C58:$AG58="N")*12+($C58:$AG58="NT")*6+($C58:$AG58="C")*10+($C58:$AG58="A")*8+($C58:$AG58="J")*5+($C58:$AG58="E")*4+($C58:$AG58="P")*6+($C58:$AG58="R")*6) | AL58: =ROUND(B58*4.0,0) | AM58: =AH58-AL58 | AN58: =SUMPRODUCT(($C58:$AF58="N")*(($D58:$AG58="M")+($D58:$AG58="E")+($D58:$AG58="C")+($D58:$AG58="D"))) | AO58: =SUMPRODUCT(($C58:$AF58="N")*($D58:$AG58="T"))
A59: MayWobido | B59: 24 | AH59: =SUMPRODUCT(($C59:$AG59="M")*6+($C59:$AG59="T")*6+($C59:$AG59="D")*12+($C59:$AG59="N")*12+($C59:$AG59="NT")*6+($C59:$AG59="C")*10+($C59:$AG59="A")*8+($C59:$AG59="J")*5+($C59:$AG59="E")*4+($C59:$AG59="P")*6+($C59:$AG59="R")*6) | AI59: =SUMPRODUCT($C$4:$AG$4,($C59:$AG59="M")*6+($C59:$AG59="T")*6+($C59:$AG59="D")*12+($C59:$AG59="N")*12+($C59:$AG59="NT")*6+($C59:$AG59="C")*10+($C59:$AG59="A")*8+($C59:$AG59="J")*5+($C59:$AG59="E")*4+($C59:$AG59="P")*6+($C59:$AG59="R")*6) | AJ59: =SUMPRODUCT($C$5:$AG$5,($C59:$AG59="N")*1) | AK59: =SUMPRODUCT($C$6:$AG$6,($C59:$AG59="M")*6+($C59:$AG59="T")*6+($C59:$AG59="D")*12+($C59:$AG59="N")*12+($C59:$AG59="NT")*6+($C59:$AG59="C")*10+($C59:$AG59="A")*8+($C59:$AG59="J")*5+($C59:$AG59="E")*4+($C59:$AG59="P")*6+($C59:$AG59="R")*6) | AL59: =ROUND(B59*4.0,0) | AM59: =AH59-AL59 | AN59: =SUMPRODUCT(($C59:$AF59="N")*(($D59:$AG59="M")+($D59:$AG59="E")+($D59:$AG59="C")+($D59:$AG59="D"))) | AO59: =SUMPRODUCT(($C59:$AF59="N")*($D59:$AG59="T"))
A60: Melara | B60: 24 | C60: M | F60: T | H60: T | J60: D | L60: T | N60: D | O60: T | S60: D | X60: D | AC60: N | AH60: =SUMPRODUCT(($C60:$AG60="M")*6+($C60:$AG60="T")*6+($C60:$AG60="D")*12+($C60:$AG60="N")*12+($C60:$AG60="NT")*6+($C60:$AG60="C")*10+($C60:$AG60="A")*8+($C60:$AG60="J")*5+($C60:$AG60="E")*4+($C60:$AG60="P")*6+($C60:$AG60="R")*6) | AI60: =SUMPRODUCT($C$4:$AG$4,($C60:$AG60="M")*6+($C60:$AG60="T")*6+($C60:$AG60="D")*12+($C60:$AG60="N")*12+($C60:$AG60="NT")*6+($C60:$AG60="C")*10+($C60:$AG60="A")*8+($C60:$AG60="J")*5+($C60:$AG60="E")*4+($C60:$AG60="P")*6+($C60:$AG60="R")*6) | AJ60: =SUMPRODUCT($C$5:$AG$5,($C60:$AG60="N")*1) | AK60: =SUMPRODUCT($C$6:$AG$6,($C60:$AG60="M")*6+($C60:$AG60="T")*6+($C60:$AG60="D")*12+($C60:$AG60="N")*12+($C60:$AG60="NT")*6+($C60:$AG60="C")*10+($C60:$AG60="A")*8+($C60:$AG60="J")*5+($C60:$AG60="E")*4+($C60:$AG60="P")*6+($C60:$AG60="R")*6) | AL60: =ROUND(B60*4.0,0) | AM60: =AH60-AL60 | AN60: =SUMPRODUCT(($C60:$AF60="N")*(($D60:$AG60="M")+($D60:$AG60="E")+($D60:$AG60="C")+($D60:$AG60="D"))) | AO60: =SUMPRODUCT(($C60:$AF60="N")*($D60:$AG60="T"))
A61: Moabe | B61: 24 | D61: D | H61: D | K61: D | Q61: D | R61: D | W61: N | Y61: D | AC61: T | AH61: =SUMPRODUCT(($C61:$AG61="M")*6+($C61:$AG61="T")*6+($C61:$AG61="D")*12+($C61:$AG61="N")*12+($C61:$AG61="NT")*6+($C61:$AG61="C")*10+($C61:$AG61="A")*8+($C61:$AG61="J")*5+($C61:$AG61="E")*4+($C61:$AG61="P")*6+($C61:$AG61="R")*6) | AI61: =SUMPRODUCT($C$4:$AG$4,($C61:$AG61="M")*6+($C61:$AG61="T")*6+($C61:$AG61="D")*12+($C61:$AG61="N")*12+($C61:$AG61="NT")*6+($C61:$AG61="C")*10+($C61:$AG61="A")*8+($C61:$AG61="J")*5+($C61:$AG61="E")*4+($C61:$AG61="P")*6+($C61:$AG61="R")*6) | AJ61: =SUMPRODUCT($C$5:$AG$5,($C61:$AG61="N")*1) | AK61: =SUMPRODUCT($C$6:$AG$6,($C61:$AG61="M")*6+($C61:$AG61="T")*6+($C61:$AG61="D")*12+($C61:$AG61="N")*12+($C61:$AG61="NT")*6+($C61:$AG61="C")*10+($C61:$AG61="A")*8+($C61:$AG61="J")*5+($C61:$AG61="E")*4+($C61:$AG61="P")*6+($C61:$AG61="R")*6) | AL61: =ROUND(B61*4.0,0) | AM61: =AH61-AL61 | AN61: =SUMPRODUCT(($C61:$AF61="N")*(($D61:$AG61="M")+($D61:$AG61="E")+($D61:$AG61="C")+($D61:$AG61="D"))) | AO61: =SUMPRODUCT(($C61:$AF61="N")*($D61:$AG61="T"))
A62: Nishioka | B62: 24 | E62: N | G62: D | P62: D | Q62: D | S62: N | V62: D | AB62: D | AC62: N | AH62: =SUMPRODUCT(($C62:$AG62="M")*6+($C62:$AG62="T")*6+($C62:$AG62="D")*12+($C62:$AG62="N")*12+($C62:$AG62="NT")*6+($C62:$AG62="C")*10+($C62:$AG62="A")*8+($C62:$AG62="J")*5+($C62:$AG62="E")*4+($C62:$AG62="P")*6+($C62:$AG62="R")*6) | AI62: =SUMPRODUCT($C$4:$AG$4,($C62:$AG62="M")*6+($C62:$AG62="T")*6+($C62:$AG62="D")*12+($C62:$AG62="N")*12+($C62:$AG62="NT")*6+($C62:$AG62="C")*10+($C62:$AG62="A")*8+($C62:$AG62="J")*5+($C62:$AG62="E")*4+($C62:$AG62="P")*6+($C62:$AG62="R")*6) | AJ62: =SUMPRODUCT($C$5:$AG$5,($C62:$AG62="N")*1) | AK62: =SUMPRODUCT($C$6:$AG$6,($C62:$AG62="M")*6+($C62:$AG62="T")*6+($C62:$AG62="D")*12+($C62:$AG62="N")*12+($C62:$AG62="NT")*6+($C62:$AG62="C")*10+($C62:$AG62="A")*8+($C62:$AG62="J")*5+($C62:$AG62="E")*4+($C62:$AG62="P")*6+($C62:$AG62="R")*6) | AL62: =ROUND(B62*4.0,0) | AM62: =AH62-AL62 | AN62: =SUMPRODUCT(($C62:$AF62="N")*(($D62:$AG62="M")+($D62:$AG62="E")+($D62:$AG62="C")+($D62:$AG62="D"))) | AO62: =SUMPRODUCT(($C62:$AF62="N")*($D62:$AG62="T"))
A63: Patricia | B63: 24 | G63: D | I63: D | L63: M | M63: T | N63: D | U63: D | X63: D | Y63: M | Z63: M | AB63: D | AH63: =SUMPRODUCT(($C63:$AG63="M")*6+($C63:$AG63="T")*6+($C63:$AG63="D")*12+($C63:$AG63="N")*12+($C63:$AG63="NT")*6+($C63:$AG63="C")*10+($C63:$AG63="A")*8+($C63:$AG63="J")*5+($C63:$AG63="E")*4+($C63:$AG63="P")*6+($C63:$AG63="R")*6) | AI63: =SUMPRODUCT($C$4:$AG$4,($C63:$AG63="M")*6+($C63:$AG63="T")*6+($C63:$AG63="D")*12+($C63:$AG63="N")*12+($C63:$AG63="NT")*6+($C63:$AG63="C")*10+($C63:$AG63="A")*8+($C63:$AG63="J")*5+($C63:$AG63="E")*4+($C63:$AG63="P")*6+($C63:$AG63="R")*6) | AJ63: =SUMPRODUCT($C$5:$AG$5,($C63:$AG63="N")*1) | AK63: =SUMPRODUCT($C$6:$AG$6,($C63:$AG63="M")*6+($C63:$AG63="T")*6+($C63:$AG63="D")*12+($C63:$AG63="N")*12+($C63:$AG63="NT")*6+($C63:$AG63="C")*10+($C63:$AG63="A")*8+($C63:$AG63="J")*5+($C63:$AG63="E")*4+($C63:$AG63="P")*6+($C63:$AG63="R")*6) | AL63: =ROUND(B63*4.0,0) | AM63: =AH63-AL63 | AN63: =SUMPRODUCT(($C63:$AF63="N")*(($D63:$AG63="M")+($D63:$AG63="E")+($D63:$AG63="C")+($D63:$AG63="D"))) | AO63: =SUMPRODUCT(($C63:$AF63="N")*($D63:$AG63="T"))
A64: Pedro | B64: 24 | D64: N | F64: N | G64: T | M64: N | N64: T | O64: N | U64: T | W64: N | X64: N | AA64: N | AB64: N | AD64: T | AH64: =SUMPRODUCT(($C64:$AG64="M")*6+($C64:$AG64="T")*6+($C64:$AG64="D")*12+($C64:$AG64="N")*12+($C64:$AG64="NT")*6+($C64:$AG64="C")*10+($C64:$AG64="A")*8+($C64:$AG64="J")*5+($C64:$AG64="E")*4+($C64:$AG64="P")*6+($C64:$AG64="R")*6) | AI64: =SUMPRODUCT($C$4:$AG$4,($C64:$AG64="M")*6+($C64:$AG64="T")*6+($C64:$AG64="D")*12+($C64:$AG64="N")*12+($C64:$AG64="NT")*6+($C64:$AG64="C")*10+($C64:$AG64="A")*8+($C64:$AG64="J")*5+($C64:$AG64="E")*4+($C64:$AG64="P")*6+($C64:$AG64="R")*6) | AJ64: =SUMPRODUCT($C$5:$AG$5,($C64:$AG64="N")*1) | AK64: =SUMPRODUCT($C$6:$AG$6,($C64:$AG64="M")*6+($C64:$AG64="T")*6+($C64:$AG64="D")*12+($C64:$AG64="N")*12+($C64:$AG64="NT")*6+($C64:$AG64="C")*10+($C64:$AG64="A")*8+($C64:$AG64="J")*5+($C64:$AG64="E")*4+($C64:$AG64="P")*6+($C64:$AG64="R")*6) | AL64: =ROUND(B64*4.0,0) | AM64: =AH64-AL64 | AN64: =SUMPRODUCT(($C64:$AF64="N")*(($D64:$AG64="M")+($D64:$AG64="E")+($D64:$AG64="C")+($D64:$AG64="D"))) | AO64: =SUMPRODUCT(($C64:$AF64="N")*($D64:$AG64="T"))
A65: Pjamile | B65: 24 | C65: M | F65: D | G65: M | H65: D | O65: D | P65: D | T65: D | V65: D | AA65: D | AC65: D | AH65: =SUMPRODUCT(($C65:$AG65="M")*6+($C65:$AG65="T")*6+($C65:$AG65="D")*12+($C65:$AG65="N")*12+($C65:$AG65="NT")*6+($C65:$AG65="C")*10+($C65:$AG65="A")*8+($C65:$AG65="J")*5+($C65:$AG65="E")*4+($C65:$AG65="P")*6+($C65:$AG65="R")*6) | AI65: =SUMPRODUCT($C$4:$AG$4,($C65:$AG65="M")*6+($C65:$AG65="T")*6+($C65:$AG65="D")*12+($C65:$AG65="N")*12+($C65:$AG65="NT")*6+($C65:$AG65="C")*10+($C65:$AG65="A")*8+($C65:$AG65="J")*5+($C65:$AG65="E")*4+($C65:$AG65="P")*6+($C65:$AG65="R")*6) | AJ65: =SUMPRODUCT($C$5:$AG$5,($C65:$AG65="N")*1) | AK65: =SUMPRODUCT($C$6:$AG$6,($C65:$AG65="M")*6+($C65:$AG65="T")*6+($C65:$AG65="D")*12+($C65:$AG65="N")*12+($C65:$AG65="NT")*6+($C65:$AG65="C")*10+($C65:$AG65="A")*8+($C65:$AG65="J")*5+($C65:$AG65="E")*4+($C65:$AG65="P")*6+($C65:$AG65="R")*6) | AL65: =ROUND(B65*4.0,0) | AM65: =AH65-AL65 | AN65: =SUMPRODUCT(($C65:$AF65="N")*(($D65:$AG65="M")+($D65:$AG65="E")+($D65:$AG65="C")+($D65:$AG65="D"))) | AO65: =SUMPRODUCT(($C65:$AF65="N")*($D65:$AG65="T"))
A66: Raphael | B66: 24 | D66: N | E66: T | H66: T | I66: N | K66: N | L66: T | M66: N | N66: T | T66: N | V66: N | X66: D | Y66: N | Z66: T | AD66: N | AH66: =SUMPRODUCT(($C66:$AG66="M")*6+($C66:$AG66="T")*6+($C66:$AG66="D")*12+($C66:$AG66="N")*12+($C66:$AG66="NT")*6+($C66:$AG66="C")*10+($C66:$AG66="A")*8+($C66:$AG66="J")*5+($C66:$AG66="E")*4+($C66:$AG66="P")*6+($C66:$AG66="R")*6) | AI66: =SUMPRODUCT($C$4:$AG$4,($C66:$AG66="M")*6+($C66:$AG66="T")*6+($C66:$AG66="D")*12+($C66:$AG66="N")*12+($C66:$AG66="NT")*6+($C66:$AG66="C")*10+($C66:$AG66="A")*8+($C66:$AG66="J")*5+($C66:$AG66="E")*4+($C66:$AG66="P")*6+($C66:$AG66="R")*6) | AJ66: =SUMPRODUCT($C$5:$AG$5,($C66:$AG66="N")*1) | AK66: =SUMPRODUCT($C$6:$AG$6,($C66:$AG66="M")*6+($C66:$AG66="T")*6+($C66:$AG66="D")*12+($C66:$AG66="N")*12+($C66:$AG66="NT")*6+($C66:$AG66="C")*10+($C66:$AG66="A")*8+($C66:$AG66="J")*5+($C66:$AG66="E")*4+($C66:$AG66="P")*6+($C66:$AG66="R")*6) | AL66: =ROUND(B66*4.0,0) | AM66: =AH66-AL66 | AN66: =SUMPRODUCT(($C66:$AF66="N")*(($D66:$AG66="M")+($D66:$AG66="E")+($D66:$AG66="C")+($D66:$AG66="D"))) | AO66: =SUMPRODUCT(($C66:$AF66="N")*($D66:$AG66="T"))
A67: Raquel | B67: 24 | D67: M | E67: N | F67: M | G67: M | K67: M | M67: M | O67: T | Q67: N | R67: M | T67: M | V67: N | X67: M | Y67: M | Z67: N | AA67: M | AB67: T | AH67: =SUMPRODUCT(($C67:$AG67="M")*6+($C67:$AG67="T")*6+($C67:$AG67="D")*12+($C67:$AG67="N")*12+($C67:$AG67="NT")*6+($C67:$AG67="C")*10+($C67:$AG67="A")*8+($C67:$AG67="J")*5+($C67:$AG67="E")*4+($C67:$AG67="P")*6+($C67:$AG67="R")*6) | AI67: =SUMPRODUCT($C$4:$AG$4,($C67:$AG67="M")*6+($C67:$AG67="T")*6+($C67:$AG67="D")*12+($C67:$AG67="N")*12+($C67:$AG67="NT")*6+($C67:$AG67="C")*10+($C67:$AG67="A")*8+($C67:$AG67="J")*5+($C67:$AG67="E")*4+($C67:$AG67="P")*6+($C67:$AG67="R")*6) | AJ67: =SUMPRODUCT($C$5:$AG$5,($C67:$AG67="N")*1) | AK67: =SUMPRODUCT($C$6:$AG$6,($C67:$AG67="M")*6+($C67:$AG67="T")*6+($C67:$AG67="D")*12+($C67:$AG67="N")*12+($C67:$AG67="NT")*6+($C67:$AG67="C")*10+($C67:$AG67="A")*8+($C67:$AG67="J")*5+($C67:$AG67="E")*4+($C67:$AG67="P")*6+($C67:$AG67="R")*6) | AL67: =ROUND(B67*4.0,0) | AM67: =AH67-AL67 | AN67: =SUMPRODUCT(($C67:$AF67="N")*(($D67:$AG67="M")+($D67:$AG67="E")+($D67:$AG67="C")+($D67:$AG67="D"))) | AO67: =SUMPRODUCT(($C67:$AF67="N")*($D67:$AG67="T"))
A68: Thamyres | B68: 24 | C68: M | F68: N | H68: D | M68: N | O68: N | V68: D | W68: N | AA68: N | AC68: M | AH68: =SUMPRODUCT(($C68:$AG68="M")*6+($C68:$AG68="T")*6+($C68:$AG68="D")*12+($C68:$AG68="N")*12+($C68:$AG68="NT")*6+($C68:$AG68="C")*10+($C68:$AG68="A")*8+($C68:$AG68="J")*5+($C68:$AG68="E")*4+($C68:$AG68="P")*6+($C68:$AG68="R")*6) | AI68: =SUMPRODUCT($C$4:$AG$4,($C68:$AG68="M")*6+($C68:$AG68="T")*6+($C68:$AG68="D")*12+($C68:$AG68="N")*12+($C68:$AG68="NT")*6+($C68:$AG68="C")*10+($C68:$AG68="A")*8+($C68:$AG68="J")*5+($C68:$AG68="E")*4+($C68:$AG68="P")*6+($C68:$AG68="R")*6) | AJ68: =SUMPRODUCT($C$5:$AG$5,($C68:$AG68="N")*1) | AK68: =SUMPRODUCT($C$6:$AG$6,($C68:$AG68="M")*6+($C68:$AG68="T")*6+($C68:$AG68="D")*12+($C68:$AG68="N")*12+($C68:$AG68="NT")*6+($C68:$AG68="C")*10+($C68:$AG68="A")*8+($C68:$AG68="J")*5+($C68:$AG68="E")*4+($C68:$AG68="P")*6+($C68:$AG68="R")*6) | AL68: =ROUND(B68*4.0,0) | AM68: =AH68-AL68 | AN68: =SUMPRODUCT(($C68:$AF68="N")*(($D68:$AG68="M")+($D68:$AG68="E")+($D68:$AG68="C")+($D68:$AG68="D"))) | AO68: =SUMPRODUCT(($C68:$AF68="N")*($D68:$AG68="T"))
A69: Vanessa | B69: 24 | C69: M | D69: T | F69: D | J69: M | M69: T | O69: T | P69: D | R69: T | T69: D | U69: M | AA69: D | AB69: N | AH69: =SUMPRODUCT(($C69:$AG69="M")*6+($C69:$AG69="T")*6+($C69:$AG69="D")*12+($C69:$AG69="N")*12+($C69:$AG69="NT")*6+($C69:$AG69="C")*10+($C69:$AG69="A")*8+($C69:$AG69="J")*5+($C69:$AG69="E")*4+($C69:$AG69="P")*6+($C69:$AG69="R")*6) | AI69: =SUMPRODUCT($C$4:$AG$4,($C69:$AG69="M")*6+($C69:$AG69="T")*6+($C69:$AG69="D")*12+($C69:$AG69="N")*12+($C69:$AG69="NT")*6+($C69:$AG69="C")*10+($C69:$AG69="A")*8+($C69:$AG69="J")*5+($C69:$AG69="E")*4+($C69:$AG69="P")*6+($C69:$AG69="R")*6) | AJ69: =SUMPRODUCT($C$5:$AG$5,($C69:$AG69="N")*1) | AK69: =SUMPRODUCT($C$6:$AG$6,($C69:$AG69="M")*6+($C69:$AG69="T")*6+($C69:$AG69="D")*12+($C69:$AG69="N")*12+($C69:$AG69="NT")*6+($C69:$AG69="C")*10+($C69:$AG69="A")*8+($C69:$AG69="J")*5+($C69:$AG69="E")*4+($C69:$AG69="P")*6+($C69:$AG69="R")*6) | AL69: =ROUND(B69*4.0,0) | AM69: =AH69-AL69 | AN69: =SUMPRODUCT(($C69:$AF69="N")*(($D69:$AG69="M")+($D69:$AG69="E")+($D69:$AG69="C")+($D69:$AG69="D"))) | AO69: =SUMPRODUCT(($C69:$AF69="N")*($D69:$AG69="T"))
A70: Yuji | B70: 24 | D70: M | E70: T | F70: T | G70: T | L70: N | N70: N | S70: T | U70: T | X70: N | AB70: T | AD70: D | AH70: =SUMPRODUCT(($C70:$AG70="M")*6+($C70:$AG70="T")*6+($C70:$AG70="D")*12+($C70:$AG70="N")*12+($C70:$AG70="NT")*6+($C70:$AG70="C")*10+($C70:$AG70="A")*8+($C70:$AG70="J")*5+($C70:$AG70="E")*4+($C70:$AG70="P")*6+($C70:$AG70="R")*6) | AI70: =SUMPRODUCT($C$4:$AG$4,($C70:$AG70="M")*6+($C70:$AG70="T")*6+($C70:$AG70="D")*12+($C70:$AG70="N")*12+($C70:$AG70="NT")*6+($C70:$AG70="C")*10+($C70:$AG70="A")*8+($C70:$AG70="J")*5+($C70:$AG70="E")*4+($C70:$AG70="P")*6+($C70:$AG70="R")*6) | AJ70: =SUMPRODUCT($C$5:$AG$5,($C70:$AG70="N")*1) | AK70: =SUMPRODUCT($C$6:$AG$6,($C70:$AG70="M")*6+($C70:$AG70="T")*6+($C70:$AG70="D")*12+($C70:$AG70="N")*12+($C70:$AG70="NT")*6+($C70:$AG70="C")*10+($C70:$AG70="A")*8+($C70:$AG70="J")*5+($C70:$AG70="E")*4+($C70:$AG70="P")*6+($C70:$AG70="R")*6) | AL70: =ROUND(B70*4.0,0) | AM70: =AH70-AL70 | AN70: =SUMPRODUCT(($C70:$AF70="N")*(($D70:$AG70="M")+($D70:$AG70="E")+($D70:$AG70="C")+($D70:$AG70="D"))) | AO70: =SUMPRODUCT(($C70:$AF70="N")*($D70:$AG70="T"))
A71: JuIsaac | B71: 40 | S71: D | T71: T | Y71: D | AD71: D | AH71: =SUMPRODUCT(($C71:$AG71="M")*6+($C71:$AG71="T")*6+($C71:$AG71="D")*12+($C71:$AG71="N")*12+($C71:$AG71="NT")*6+($C71:$AG71="C")*10+($C71:$AG71="A")*8+($C71:$AG71="J")*5+($C71:$AG71="E")*4+($C71:$AG71="P")*6+($C71:$AG71="R")*6) | AI71: =SUMPRODUCT($C$4:$AG$4,($C71:$AG71="M")*6+($C71:$AG71="T")*6+($C71:$AG71="D")*12+($C71:$AG71="N")*12+($C71:$AG71="NT")*6+($C71:$AG71="C")*10+($C71:$AG71="A")*8+($C71:$AG71="J")*5+($C71:$AG71="E")*4+($C71:$AG71="P")*6+($C71:$AG71="R")*6) | AJ71: =SUMPRODUCT($C$5:$AG$5,($C71:$AG71="N")*1) | AK71: =SUMPRODUCT($C$6:$AG$6,($C71:$AG71="M")*6+($C71:$AG71="T")*6+($C71:$AG71="D")*12+($C71:$AG71="N")*12+($C71:$AG71="NT")*6+($C71:$AG71="C")*10+($C71:$AG71="A")*8+($C71:$AG71="J")*5+($C71:$AG71="E")*4+($C71:$AG71="P")*6+($C71:$AG71="R")*6) | AL71: =ROUND(B71*4.0,0) | AM71: =AH71-AL71 | AN71: =SUMPRODUCT(($C71:$AF71="N")*(($D71:$AG71="M")+($D71:$AG71="E")+($D71:$AG71="C")+($D71:$AG71="D"))) | AO71: =SUMPRODUCT(($C71:$AF71="N")*($D71:$AG71="T"))
A72: Stephanie | B72: 40 | C72: N | D72: M | F72: T | I72: D | J72: T | K72: T | L72: T | M72: D | P72: M | Q72: T | S72: T | T72: D | V72: D | Y72: M | Z72: T | AA72: T | AC72: N | AH72: =SUMPRODUCT(($C72:$AG72="M")*6+($C72:$AG72="T")*6+($C72:$AG72="D")*12+($C72:$AG72="N")*12+($C72:$AG72="NT")*6+($C72:$AG72="C")*10+($C72:$AG72="A")*8+($C72:$AG72="J")*5+($C72:$AG72="E")*4+($C72:$AG72="P")*6+($C72:$AG72="R")*6) | AI72: =SUMPRODUCT($C$4:$AG$4,($C72:$AG72="M")*6+($C72:$AG72="T")*6+($C72:$AG72="D")*12+($C72:$AG72="N")*12+($C72:$AG72="NT")*6+($C72:$AG72="C")*10+($C72:$AG72="A")*8+($C72:$AG72="J")*5+($C72:$AG72="E")*4+($C72:$AG72="P")*6+($C72:$AG72="R")*6) | AJ72: =SUMPRODUCT($C$5:$AG$5,($C72:$AG72="N")*1) | AK72: =SUMPRODUCT($C$6:$AG$6,($C72:$AG72="M")*6+($C72:$AG72="T")*6+($C72:$AG72="D")*12+($C72:$AG72="N")*12+($C72:$AG72="NT")*6+($C72:$AG72="C")*10+($C72:$AG72="A")*8+($C72:$AG72="J")*5+($C72:$AG72="E")*4+($C72:$AG72="P")*6+($C72:$AG72="R")*6) | AL72: =ROUND(B72*4.0,0) | AM72: =AH72-AL72 | AN72: =SUMPRODUCT(($C72:$AF72="N")*(($D72:$AG72="M")+($D72:$AG72="E")+($D72:$AG72="C")+($D72:$AG72="D"))) | AO72: =SUMPRODUCT(($C72:$AF72="N")*($D72:$AG72="T"))
A73: MPinheiro | B73: 40 | C73: T | G73: N | H73: T | J73: D | K73: T | N73: N | P73: D | R73: N | V73: T | W73: D | Z73: T | AB73: N | AC73: M | AD73: M | AH73: =SUMPRODUCT(($C73:$AG73="M")*6+($C73:$AG73="T")*6+($C73:$AG73="D")*12+($C73:$AG73="N")*12+($C73:$AG73="NT")*6+($C73:$AG73="C")*10+($C73:$AG73="A")*8+($C73:$AG73="J")*5+($C73:$AG73="E")*4+($C73:$AG73="P")*6+($C73:$AG73="R")*6) | AI73: =SUMPRODUCT($C$4:$AG$4,($C73:$AG73="M")*6+($C73:$AG73="T")*6+($C73:$AG73="D")*12+($C73:$AG73="N")*12+($C73:$AG73="NT")*6+($C73:$AG73="C")*10+($C73:$AG73="A")*8+($C73:$AG73="J")*5+($C73:$AG73="E")*4+($C73:$AG73="P")*6+($C73:$AG73="R")*6) | AJ73: =SUMPRODUCT($C$5:$AG$5,($C73:$AG73="N")*1) | AK73: =SUMPRODUCT($C$6:$AG$6,($C73:$AG73="M")*6+($C73:$AG73="T")*6+($C73:$AG73="D")*12+($C73:$AG73="N")*12+($C73:$AG73="NT")*6+($C73:$AG73="C")*10+($C73:$AG73="A")*8+($C73:$AG73="J")*5+($C73:$AG73="E")*4+($C73:$AG73="P")*6+($C73:$AG73="R")*6) | AL73: =ROUND(B73*4.0,0) | AM73: =AH73-AL73 | AN73: =SUMPRODUCT(($C73:$AF73="N")*(($D73:$AG73="M")+($D73:$AG73="E")+($D73:$AG73="C")+($D73:$AG73="D"))) | AO73: =SUMPRODUCT(($C73:$AF73="N")*($D73:$AG73="T"))
A75: manhã | C75: =COUNTIF(C8:C73,"M")+COUNTIF(C8:C73,"D")+COUNTIF(C8:C73,"C")+COUNTIF(C8:C73,"J")+COUNTIF(C8:C73,"E") | D75: =COUNTIF(D8:D73,"M")+COUNTIF(D8:D73,"D")+COUNTIF(D8:D73,"C")+COUNTIF(D8:D73,"J")+COUNTIF(D8:D73,"E") | E75: =COUNTIF(E8:E73,"M")+COUNTIF(E8:E73,"D")+COUNTIF(E8:E73,"C")+COUNTIF(E8:E73,"J")+COUNTIF(E8:E73,"E") | F75: =COUNTIF(F8:F73,"M")+COUNTIF(F8:F73,"D")+COUNTIF(F8:F73,"C")+COUNTIF(F8:F73,"J")+COUNTIF(F8:F73,"E") | G75: =COUNTIF(G8:G73,"M")+COUNTIF(G8:G73,"D")+COUNTIF(G8:G73,"C")+COUNTIF(G8:G73,"J")+COUNTIF(G8:G73,"E") | H75: =COUNTIF(H8:H73,"M")+COUNTIF(H8:H73,"D")+COUNTIF(H8:H73,"C")+COUNTIF(H8:H73,"J")+COUNTIF(H8:H73,"E") | I75: =COUNTIF(I8:I73,"M")+COUNTIF(I8:I73,"D")+COUNTIF(I8:I73,"C")+COUNTIF(I8:I73,"J")+COUNTIF(I8:I73,"E") | J75: =COUNTIF(J8:J73,"M")+COUNTIF(J8:J73,"D")+COUNTIF(J8:J73,"C")+COUNTIF(J8:J73,"J")+COUNTIF(J8:J73,"E") | ... AD75: =COUNTIF(AD8:AD73,"M")+COUNTIF(AD8:AD73,"D")+COUNTIF(AD8:AD73,"C")+COUNTIF(AD8:AD73,"J")+COUNTIF(AD8:AD73,"E")
A76: tarde | C76: =COUNTIF(C8:C73,"T")+COUNTIF(C8:C73,"D")+COUNTIF(C8:C73,"C") | D76: =COUNTIF(D8:D73,"T")+COUNTIF(D8:D73,"D")+COUNTIF(D8:D73,"C") | E76: =COUNTIF(E8:E73,"T")+COUNTIF(E8:E73,"D")+COUNTIF(E8:E73,"C") | F76: =COUNTIF(F8:F73,"T")+COUNTIF(F8:F73,"D")+COUNTIF(F8:F73,"C") | G76: =COUNTIF(G8:G73,"T")+COUNTIF(G8:G73,"D")+COUNTIF(G8:G73,"C") | H76: =COUNTIF(H8:H73,"T")+COUNTIF(H8:H73,"D")+COUNTIF(H8:H73,"C") | I76: =COUNTIF(I8:I73,"T")+COUNTIF(I8:I73,"D")+COUNTIF(I8:I73,"C") | J76: =COUNTIF(J8:J73,"T")+COUNTIF(J8:J73,"D")+COUNTIF(J8:J73,"C") | ... AD76: =COUNTIF(AD8:AD73,"T")+COUNTIF(AD8:AD73,"D")+COUNTIF(AD8:AD73,"C")
A77: noite | C77: =COUNTIF(C8:C73,"N")+COUNTIF(C8:C73,"NT") | D77: =COUNTIF(D8:D73,"N")+COUNTIF(D8:D73,"NT") | E77: =COUNTIF(E8:E73,"N")+COUNTIF(E8:E73,"NT") | F77: =COUNTIF(F8:F73,"N")+COUNTIF(F8:F73,"NT") | G77: =COUNTIF(G8:G73,"N")+COUNTIF(G8:G73,"NT") | H77: =COUNTIF(H8:H73,"N")+COUNTIF(H8:H73,"NT") | I77: =COUNTIF(I8:I73,"N")+COUNTIF(I8:I73,"NT") | J77: =COUNTIF(J8:J73,"N")+COUNTIF(J8:J73,"NT") | ... AD77: =COUNTIF(AD8:AD73,"N")+COUNTIF(AD8:AD73,"NT")
A78: falta manhã | C78: =MAX(0,CONFIG!$B$11-C75) | D78: =MAX(0,CONFIG!$B$9-D75) | E78: =MAX(0,CONFIG!$B$9-E75) | F78: =MAX(0,CONFIG!$B$9-F75) | G78: =MAX(0,CONFIG!$B$9-G75) | H78: =MAX(0,CONFIG!$B$9-H75) | I78: =MAX(0,CONFIG!$B$10-I75) | J78: =MAX(0,CONFIG!$B$11-J75) | K78: =MAX(0,CONFIG!$B$9-K75) | L78: =MAX(0,CONFIG!$B$9-L75) | M78: =MAX(0,CONFIG!$B$9-M75) | N78: =MAX(0,CONFIG!$B$9-N75) | O78: =MAX(0,CONFIG!$B$9-O75) | P78: =MAX(0,CONFIG!$B$10-P75) | Q78: =MAX(0,CONFIG!$B$11-Q75) | R78: =MAX(0,CONFIG!$B$9-R75) | S78: =MAX(0,CONFIG!$B$9-S75) | T78: =MAX(0,CONFIG!$B$9-T75) | U78: =MAX(0,CONFIG!$B$9-U75) | V78: =MAX(0,CONFIG!$B$9-V75) | W78: =MAX(0,CONFIG!$B$10-W75) | X78: =MAX(0,CONFIG!$B$11-X75) | Y78: =MAX(0,CONFIG!$B$9-Y75) | Z78: =MAX(0,CONFIG!$B$9-Z75) | AA78: =MAX(0,CONFIG!$B$9-AA75) | AB78: =MAX(0,CONFIG!$B$9-AB75) | AC78: =MAX(0,CONFIG!$B$9-AC75) | AD78: =MAX(0,CONFIG!$B$10-AD75)
A79: falta tarde | C79: =MAX(0,CONFIG!$C$11-C76) | D79: =MAX(0,CONFIG!$C$9-D76) | E79: =MAX(0,CONFIG!$C$9-E76) | F79: =MAX(0,CONFIG!$C$9-F76) | G79: =MAX(0,CONFIG!$C$9-G76) | H79: =MAX(0,CONFIG!$C$9-H76) | I79: =MAX(0,CONFIG!$C$10-I76) | J79: =MAX(0,CONFIG!$C$11-J76) | K79: =MAX(0,CONFIG!$C$9-K76) | L79: =MAX(0,CONFIG!$C$9-L76) | M79: =MAX(0,CONFIG!$C$9-M76) | N79: =MAX(0,CONFIG!$C$9-N76) | O79: =MAX(0,CONFIG!$C$9-O76) | P79: =MAX(0,CONFIG!$C$10-P76) | Q79: =MAX(0,CONFIG!$C$11-Q76) | R79: =MAX(0,CONFIG!$C$9-R76) | S79: =MAX(0,CONFIG!$C$9-S76) | T79: =MAX(0,CONFIG!$C$9-T76) | U79: =MAX(0,CONFIG!$C$9-U76) | V79: =MAX(0,CONFIG!$C$9-V76) | W79: =MAX(0,CONFIG!$C$10-W76) | X79: =MAX(0,CONFIG!$C$11-X76) | Y79: =MAX(0,CONFIG!$C$9-Y76) | Z79: =MAX(0,CONFIG!$C$9-Z76) | AA79: =MAX(0,CONFIG!$C$9-AA76) | AB79: =MAX(0,CONFIG!$C$9-AB76) | AC79: =MAX(0,CONFIG!$C$9-AC76) | AD79: =MAX(0,CONFIG!$C$10-AD76)
A80: falta noite | C80: =MAX(0,CONFIG!$D$11-C77) | D80: =MAX(0,CONFIG!$D$9-D77) | E80: =MAX(0,CONFIG!$D$9-E77) | F80: =MAX(0,CONFIG!$D$9-F77) | G80: =MAX(0,CONFIG!$D$9-G77) | H80: =MAX(0,CONFIG!$D$9-H77) | I80: =MAX(0,CONFIG!$D$10-I77) | J80: =MAX(0,CONFIG!$D$11-J77) | K80: =MAX(0,CONFIG!$D$9-K77) | L80: =MAX(0,CONFIG!$D$9-L77) | M80: =MAX(0,CONFIG!$D$9-M77) | N80: =MAX(0,CONFIG!$D$9-N77) | O80: =MAX(0,CONFIG!$D$9-O77) | P80: =MAX(0,CONFIG!$D$10-P77) | Q80: =MAX(0,CONFIG!$D$11-Q77) | R80: =MAX(0,CONFIG!$D$9-R77) | S80: =MAX(0,CONFIG!$D$9-S77) | T80: =MAX(0,CONFIG!$D$9-T77) | U80: =MAX(0,CONFIG!$D$9-U77) | V80: =MAX(0,CONFIG!$D$9-V77) | W80: =MAX(0,CONFIG!$D$10-W77) | X80: =MAX(0,CONFIG!$D$11-X77) | Y80: =MAX(0,CONFIG!$D$9-Y77) | Z80: =MAX(0,CONFIG!$D$9-Z77) | AA80: =MAX(0,CONFIG!$D$9-AA77) | AB80: =MAX(0,CONFIG!$D$9-AB77) | AC80: =MAX(0,CONFIG!$D$9-AC77) | AD80: =MAX(0,CONFIG!$D$10-AD77)

Sheet MAR
A1: março · 2026 | C1: códigos Senior (códigos antigos 110/82/83)
C2: 1 | D2: 2 | E2: 3 | F2: 4 | G2: 5 | H2: 6 | I2: 7 | J2: 8 | K2: 9 | L2: 10 | M2: 11 | N2: 12 | O2: 13 | P2: 14 | Q2: 15 | R2: 16 | S2: 17 | T2: 18 | U2: 19 | V2: 20 | W2: 21 | X2: 22 | Y2: 23 | Z2: 24 | AA2: 25 | AB2: 26 | AC2: 27 | AD2: 28 | AE2: 29 | AF2: 30 | AG2: 31
C3: dom | D3: seg | E3: ter | F3: qua | G3: qui | H3: sex | I3: sáb | J3: dom | K3: seg | L3: ter | M3: qua | N3: qui | O3: sex | P3: sáb | Q3: dom | R3: seg | S3: ter | T3: qua | U3: qui | V3: sex | W3: sáb | X3: dom | Y3: seg | Z3: ter | AA3: qua | AB3: qui | AC3: sex | AD3: sáb | AE3: dom | AF3: seg | AG3: ter
A4: máscara fds | C4: 1 | D4: 0 | E4: 0 | F4: 0 | G4: 0 | H4: 0 | I4: 1 | J4: 1 | K4: 0 | L4: 0 | M4: 0 | N4: 0 | O4: 0 | P4: 1 | Q4: 1 | R4: 0 | S4: 0 | T4: 0 | U4: 0 | V4: 0 | W4: 1 | X4: 1 | Y4: 0 | Z4: 0 | AA4: 0 | AB4: 0 | AC4: 0 | AD4: 1 | AE4: 1 | AF4: 0 | AG4: 0
A5: máscara sexta | C5: 0 | D5: 0 | E5: 0 | F5: 0 | G5: 0 | H5: 1 | I5: 0 | J5: 0 | K5: 0 | L5: 0 | M5: 0 | N5: 0 | O5: 1 | P5: 0 | Q5: 0 | R5: 0 | S5: 0 | T5: 0 | U5: 0 | V5: 1 | W5: 0 | X5: 0 | Y5: 0 | Z5: 0 | AA5: 0 | AB5: 0 | AC5: 1 | AD5: 0 | AE5: 0 | AF5: 0 | AG5: 0
A6: máscara feriado | C6: 0 | D6: 0 | E6: 0 | F6: 0 | G6: 0 | H6: 0 | I6: 0 | J6: 0 | K6: 0 | L6: 0 | M6: 0 | N6: 0 | O6: 0 | P6: 0 | Q6: 0 | R6: 0 | S6: 0 | T6: 0 | U6: 0 | V6: 0 | W6: 0 | X6: 0 | Y6: 0 | Z6: 0 | AA6: 0 | AB6: 0 | AC6: 0 | AD6: 0 | AE6: 0 | AF6: 0 | AG6: 0
A7: médico | B7: CH | AH7: CH mês | AI7: fds | AJ7: SxN | AK7: feriado | AL7: meta | AM7: saldo | AN7: 18h⚠ | AO7: N→T
A8: Fred | B8: 36 | C8: M | D8: C | E8: C | F8: M | G8: M | H8: M | K8: C | L8: C | M8: M | N8: M | O8: C | P8: M | Q8: M | R8: C | S8: C | T8: M | U8: M | V8: M | Y8: C | Z8: C | AA8: M | AB8: M | AC8: C | AD8: M | AE8: M | AF8: C | AG8: C | AH8: =SUMPRODUCT(($C8:$AG8="M")*6+($C8:$AG8="T")*6+($C8:$AG8="D")*12+($C8:$AG8="N")*12+($C8:$AG8="NT")*6+($C8:$AG8="C")*10+($C8:$AG8="A")*8+($C8:$AG8="J")*5+($C8:$AG8="E")*4+($C8:$AG8="P")*6+($C8:$AG8="R")*6) | AI8: =SUMPRODUCT($C$4:$AG$4,($C8:$AG8="M")*6+($C8:$AG8="T")*6+($C8:$AG8="D")*12+($C8:$AG8="N")*12+($C8:$AG8="NT")*6+($C8:$AG8="C")*10+($C8:$AG8="A")*8+($C8:$AG8="J")*5+($C8:$AG8="E")*4+($C8:$AG8="P")*6+($C8:$AG8="R")*6) | AJ8: =SUMPRODUCT($C$5:$AG$5,($C8:$AG8="N")*1) | AK8: =SUMPRODUCT($C$6:$AG$6,($C8:$AG8="M")*6+($C8:$AG8="T")*6+($C8:$AG8="D")*12+($C8:$AG8="N")*12+($C8:$AG8="NT")*6+($C8:$AG8="C")*10+($C8:$AG8="A")*8+($C8:$AG8="J")*5+($C8:$AG8="E")*4+($C8:$AG8="P")*6+($C8:$AG8="R")*6) | AL8: =ROUND(B8*4.43,0) | AM8: =AH8-AL8 | AN8: =SUMPRODUCT(($C8:$AF8="N")*(($D8:$AG8="M")+($D8:$AG8="E")+($D8:$AG8="C")+($D8:$AG8="D"))) | AO8: =SUMPRODUCT(($C8:$AF8="N")*($D8:$AG8="T"))
A9: Milena | B9: 36 | C9: M | D9: M | E9: M | F9: M | G9: C | H9: C | I9: M | J9: M | K9: M | L9: M | M9: M | N9: C | O9: M | R9: M | S9: M | T9: M | U9: C | V9: C | W9: M | X9: M | Y9: M | Z9: M | AA9: M | AB9: C | AC9: M | AF9: M | AG9: M | AH9: =SUMPRODUCT(($C9:$AG9="M")*6+($C9:$AG9="T")*6+($C9:$AG9="D")*12+($C9:$AG9="N")*12+($C9:$AG9="NT")*6+($C9:$AG9="C")*10+($C9:$AG9="A")*8+($C9:$AG9="J")*5+($C9:$AG9="E")*4+($C9:$AG9="P")*6+($C9:$AG9="R")*6) | AI9: =SUMPRODUCT($C$4:$AG$4,($C9:$AG9="M")*6+($C9:$AG9="T")*6+($C9:$AG9="D")*12+($C9:$AG9="N")*12+($C9:$AG9="NT")*6+($C9:$AG9="C")*10+($C9:$AG9="A")*8+($C9:$AG9="J")*5+($C9:$AG9="E")*4+($C9:$AG9="P")*6+($C9:$AG9="R")*6) | AJ9: =SUMPRODUCT($C$5:$AG$5,($C9:$AG9="N")*1) | AK9: =SUMPRODUCT($C$6:$AG$6,($C9:$AG9="M")*6+($C9:$AG9="T")*6+($C9:$AG9="D")*12+($C9:$AG9="N")*12+($C9:$AG9="NT")*6+($C9:$AG9="C")*10+($C9:$AG9="A")*8+($C9:$AG9="J")*5+($C9:$AG9="E")*4+($C9:$AG9="P")*6+($C9:$AG9="R")*6) | AL9: =ROUND(B9*4.43,0) | AM9: =AH9-AL9 | AN9: =SUMPRODUCT(($C9:$AF9="N")*(($D9:$AG9="M")+($D9:$AG9="E")+($D9:$AG9="C")+($D9:$AG9="D"))) | AO9: =SUMPRODUCT(($C9:$AF9="N")*($D9:$AG9="T"))
A10: Pabdo | B10: 36 | AH10: =SUMPRODUCT(($C10:$AG10="M")*6+($C10:$AG10="T")*6+($C10:$AG10="D")*12+($C10:$AG10="N")*12+($C10:$AG10="NT")*6+($C10:$AG10="C")*10+($C10:$AG10="A")*8+($C10:$AG10="J")*5+($C10:$AG10="E")*4+($C10:$AG10="P")*6+($C10:$AG10="R")*6) | AI10: =SUMPRODUCT($C$4:$AG$4,($C10:$AG10="M")*6+($C10:$AG10="T")*6+($C10:$AG10="D")*12+($C10:$AG10="N")*12+($C10:$AG10="NT")*6+($C10:$AG10="C")*10+($C10:$AG10="A")*8+($C10:$AG10="J")*5+($C10:$AG10="E")*4+($C10:$AG10="P")*6+($C10:$AG10="R")*6) | AJ10: =SUMPRODUCT($C$5:$AG$5,($C10:$AG10="N")*1) | AK10: =SUMPRODUCT($C$6:$AG$6,($C10:$AG10="M")*6+($C10:$AG10="T")*6+($C10:$AG10="D")*12+($C10:$AG10="N")*12+($C10:$AG10="NT")*6+($C10:$AG10="C")*10+($C10:$AG10="A")*8+($C10:$AG10="J")*5+($C10:$AG10="E")*4+($C10:$AG10="P")*6+($C10:$AG10="R")*6) | AL10: =ROUND(B10*4.43,0) | AM10: =AH10-AL10 | AN10: =SUMPRODUCT(($C10:$AF10="N")*(($D10:$AG10="M")+($D10:$AG10="E")+($D10:$AG10="C")+($D10:$AG10="D"))) | AO10: =SUMPRODUCT(($C10:$AF10="N")*($D10:$AG10="T"))
A11: MSalomão | B11: 40 | C11: N | D11: M | E11: M | F11: M | G11: D | H11: M | K11: M | L11: M | M11: M | N11: M | O11: M | P11: N | R11: M | S11: M | T11: D | U11: D | V11: M | Y11: M | Z11: M | AA11: M | AB11: M | AC11: M | AE11: N | AF11: M | AG11: M | AH11: =SUMPRODUCT(($C11:$AG11="M")*6+($C11:$AG11="T")*6+($C11:$AG11="D")*12+($C11:$AG11="N")*12+($C11:$AG11="NT")*6+($C11:$AG11="C")*10+($C11:$AG11="A")*8+($C11:$AG11="J")*5+($C11:$AG11="E")*4+($C11:$AG11="P")*6+($C11:$AG11="R")*6) | AI11: =SUMPRODUCT($C$4:$AG$4,($C11:$AG11="M")*6+($C11:$AG11="T")*6+($C11:$AG11="D")*12+($C11:$AG11="N")*12+($C11:$AG11="NT")*6+($C11:$AG11="C")*10+($C11:$AG11="A")*8+($C11:$AG11="J")*5+($C11:$AG11="E")*4+($C11:$AG11="P")*6+($C11:$AG11="R")*6) | AJ11: =SUMPRODUCT($C$5:$AG$5,($C11:$AG11="N")*1) | AK11: =SUMPRODUCT($C$6:$AG$6,($C11:$AG11="M")*6+($C11:$AG11="T")*6+($C11:$AG11="D")*12+($C11:$AG11="N")*12+($C11:$AG11="NT")*6+($C11:$AG11="C")*10+($C11:$AG11="A")*8+($C11:$AG11="J")*5+($C11:$AG11="E")*4+($C11:$AG11="P")*6+($C11:$AG11="R")*6) | AL11: =ROUND(B11*4.43,0) | AM11: =AH11-AL11 | AN11: =SUMPRODUCT(($C11:$AF11="N")*(($D11:$AG11="M")+($D11:$AG11="E")+($D11:$AG11="C")+($D11:$AG11="D"))) | AO11: =SUMPRODUCT(($C11:$AF11="N")*($D11:$AG11="T"))
A12: DebAlves | B12: 40 | D12: M | E12: D | F12: M | G12: D | H12: M | K12: M | L12: M | M12: M | N12: M | O12: M | Q12: D | R12: M | S12: D | T12: M | U12: M | V12: M | Y12: M | Z12: M | AA12: M | AB12: M | AC12: M | AE12: D | AF12: M | AG12: D | AH12: =SUMPRODUCT(($C12:$AG12="M")*6+($C12:$AG12="T")*6+($C12:$AG12="D")*12+($C12:$AG12="N")*12+($C12:$AG12="NT")*6+($C12:$AG12="C")*10+($C12:$AG12="A")*8+($C12:$AG12="J")*5+($C12:$AG12="E")*4+($C12:$AG12="P")*6+($C12:$AG12="R")*6) | AI12: =SUMPRODUCT($C$4:$AG$4,($C12:$AG12="M")*6+($C12:$AG12="T")*6+($C12:$AG12="D")*12+($C12:$AG12="N")*12+($C12:$AG12="NT")*6+($C12:$AG12="C")*10+($C12:$AG12="A")*8+($C12:$AG12="J")*5+($C12:$AG12="E")*4+($C12:$AG12="P")*6+($C12:$AG12="R")*6) | AJ12: =SUMPRODUCT($C$5:$AG$5,($C12:$AG12="N")*1) | AK12: =SUMPRODUCT($C$6:$AG$6,($C12:$AG12="M")*6+($C12:$AG12="T")*6+($C12:$AG12="D")*12+($C12:$AG12="N")*12+($C12:$AG12="NT")*6+($C12:$AG12="C")*10+($C12:$AG12="A")*8+($C12:$AG12="J")*5+($C12:$AG12="E")*4+($C12:$AG12="P")*6+($C12:$AG12="R")*6) | AL12: =ROUND(B12*4.43,0) | AM12: =AH12-AL12 | AN12: =SUMPRODUCT(($C12:$AF12="N")*(($D12:$AG12="M")+($D12:$AG12="E")+($D12:$AG12="C")+($D12:$AG12="D"))) | AO12: =SUMPRODUCT(($C12:$AF12="N")*($D12:$AG12="T"))
A13: Vinicius | B13: 36 | D13: M | E13: M | F13: M | I13: N | K13: M | L13: M | M13: M | N13: M | O13: D | R13: M | S13: M | T13: M | U13: M | V13: M | Y13: M | Z13: M | AA13: M | AB13: M | AC13: M | AD13: N | AF13: M | AG13: M | AH13: =SUMPRODUCT(($C13:$AG13="M")*6+($C13:$AG13="T")*6+($C13:$AG13="D")*12+($C13:$AG13="N")*12+($C13:$AG13="NT")*6+($C13:$AG13="C")*10+($C13:$AG13="A")*8+($C13:$AG13="J")*5+($C13:$AG13="E")*4+($C13:$AG13="P")*6+($C13:$AG13="R")*6) | AI13: =SUMPRODUCT($C$4:$AG$4,($C13:$AG13="M")*6+($C13:$AG13="T")*6+($C13:$AG13="D")*12+($C13:$AG13="N")*12+($C13:$AG13="NT")*6+($C13:$AG13="C")*10+($C13:$AG13="A")*8+($C13:$AG13="J")*5+($C13:$AG13="E")*4+($C13:$AG13="P")*6+($C13:$AG13="R")*6) | AJ13: =SUMPRODUCT($C$5:$AG$5,($C13:$AG13="N")*1) | AK13: =SUMPRODUCT($C$6:$AG$6,($C13:$AG13="M")*6+($C13:$AG13="T")*6+($C13:$AG13="D")*12+($C13:$AG13="N")*12+($C13:$AG13="NT")*6+($C13:$AG13="C")*10+($C13:$AG13="A")*8+($C13:$AG13="J")*5+($C13:$AG13="E")*4+($C13:$AG13="P")*6+($C13:$AG13="R")*6) | AL13: =ROUND(B13*4.43,0) | AM13: =AH13-AL13 | AN13: =SUMPRODUCT(($C13:$AF13="N")*(($D13:$AG13="M")+($D13:$AG13="E")+($D13:$AG13="C")+($D13:$AG13="D"))) | AO13: =SUMPRODUCT(($C13:$AF13="N")*($D13:$AG13="T"))
A14: Amelio | B14: 36 | D14: M | E14: M | F14: M | G14: D | H14: M | I14: T | K14: M | L14: M | M14: M | N14: D | O14: M | R14: M | S14: M | T14: M | U14: M | V14: M | X14: T | Y14: M | Z14: M | AA14: M | AD14: T | AE14: D | AF14: M | AG14: M | AH14: =SUMPRODUCT(($C14:$AG14="M")*6+($C14:$AG14="T")*6+($C14:$AG14="D")*12+($C14:$AG14="N")*12+($C14:$AG14="NT")*6+($C14:$AG14="C")*10+($C14:$AG14="A")*8+($C14:$AG14="J")*5+($C14:$AG14="E")*4+($C14:$AG14="P")*6+($C14:$AG14="R")*6) | AI14: =SUMPRODUCT($C$4:$AG$4,($C14:$AG14="M")*6+($C14:$AG14="T")*6+($C14:$AG14="D")*12+($C14:$AG14="N")*12+($C14:$AG14="NT")*6+($C14:$AG14="C")*10+($C14:$AG14="A")*8+($C14:$AG14="J")*5+($C14:$AG14="E")*4+($C14:$AG14="P")*6+($C14:$AG14="R")*6) | AJ14: =SUMPRODUCT($C$5:$AG$5,($C14:$AG14="N")*1) | AK14: =SUMPRODUCT($C$6:$AG$6,($C14:$AG14="M")*6+($C14:$AG14="T")*6+($C14:$AG14="D")*12+($C14:$AG14="N")*12+($C14:$AG14="NT")*6+($C14:$AG14="C")*10+($C14:$AG14="A")*8+($C14:$AG14="J")*5+($C14:$AG14="E")*4+($C14:$AG14="P")*6+($C14:$AG14="R")*6) | AL14: =ROUND(B14*4.43,0) | AM14: =AH14-AL14 | AN14: =SUMPRODUCT(($C14:$AF14="N")*(($D14:$AG14="M")+($D14:$AG14="E")+($D14:$AG14="C")+($D14:$AG14="D"))) | AO14: =SUMPRODUCT(($C14:$AF14="N")*($D14:$AG14="T"))
A15: Murilo | B15: 36 | D15: M | E15: M | F15: M | G15: M | I15: N | K15: M | L15: M | M15: M | N15: M | O15: D | R15: M | S15: M | T15: M | U15: M | V15: M | W15: N | Y15: M | Z15: M | AA15: M | AB15: M | AC15: D | AF15: M | AG15: M | AH15: =SUMPRODUCT(($C15:$AG15="M")*6+($C15:$AG15="T")*6+($C15:$AG15="D")*12+($C15:$AG15="N")*12+($C15:$AG15="NT")*6+($C15:$AG15="C")*10+($C15:$AG15="A")*8+($C15:$AG15="J")*5+($C15:$AG15="E")*4+($C15:$AG15="P")*6+($C15:$AG15="R")*6) | AI15: =SUMPRODUCT($C$4:$AG$4,($C15:$AG15="M")*6+($C15:$AG15="T")*6+($C15:$AG15="D")*12+($C15:$AG15="N")*12+($C15:$AG15="NT")*6+($C15:$AG15="C")*10+($C15:$AG15="A")*8+($C15:$AG15="J")*5+($C15:$AG15="E")*4+($C15:$AG15="P")*6+($C15:$AG15="R")*6) | AJ15: =SUMPRODUCT($C$5:$AG$5,($C15:$AG15="N")*1) | AK15: =SUMPRODUCT($C$6:$AG$6,($C15:$AG15="M")*6+($C15:$AG15="T")*6+($C15:$AG15="D")*12+($C15:$AG15="N")*12+($C15:$AG15="NT")*6+($C15:$AG15="C")*10+($C15:$AG15="A")*8+($C15:$AG15="J")*5+($C15:$AG15="E")*4+($C15:$AG15="P")*6+($C15:$AG15="R")*6) | AL15: =ROUND(B15*4.43,0) | AM15: =AH15-AL15 | AN15: =SUMPRODUCT(($C15:$AF15="N")*(($D15:$AG15="M")+($D15:$AG15="E")+($D15:$AG15="C")+($D15:$AG15="D"))) | AO15: =SUMPRODUCT(($C15:$AF15="N")*($D15:$AG15="T"))
A16: Janaina | B16: 30 | AH16: =SUMPRODUCT(($C16:$AG16="M")*6+($C16:$AG16="T")*6+($C16:$AG16="D")*12+($C16:$AG16="N")*12+($C16:$AG16="NT")*6+($C16:$AG16="C")*10+($C16:$AG16="A")*8+($C16:$AG16="J")*5+($C16:$AG16="E")*4+($C16:$AG16="P")*6+($C16:$AG16="R")*6) | AI16: =SUMPRODUCT($C$4:$AG$4,($C16:$AG16="M")*6+($C16:$AG16="T")*6+($C16:$AG16="D")*12+($C16:$AG16="N")*12+($C16:$AG16="NT")*6+($C16:$AG16="C")*10+($C16:$AG16="A")*8+($C16:$AG16="J")*5+($C16:$AG16="E")*4+($C16:$AG16="P")*6+($C16:$AG16="R")*6) | AJ16: =SUMPRODUCT($C$5:$AG$5,($C16:$AG16="N")*1) | AK16: =SUMPRODUCT($C$6:$AG$6,($C16:$AG16="M")*6+($C16:$AG16="T")*6+($C16:$AG16="D")*12+($C16:$AG16="N")*12+($C16:$AG16="NT")*6+($C16:$AG16="C")*10+($C16:$AG16="A")*8+($C16:$AG16="J")*5+($C16:$AG16="E")*4+($C16:$AG16="P")*6+($C16:$AG16="R")*6) | AL16: =ROUND(B16*4.43,0) | AM16: =AH16-AL16 | AN16: =SUMPRODUCT(($C16:$AF16="N")*(($D16:$AG16="M")+($D16:$AG16="E")+($D16:$AG16="C")+($D16:$AG16="D"))) | AO16: =SUMPRODUCT(($C16:$AF16="N")*($D16:$AG16="T"))
A17: Aline | B17: 40 | D17: N | E17: E | H17: T | I17: T | J17: N | K17: N | L17: M | N17: E | P17: T | Q17: N | R17: C | S17: N | T17: M | U17: T | V17: T | Y17: C | Z17: N | AA17: M | AB17: M | AC17: T | AF17: N | AH17: =SUMPRODUCT(($C17:$AG17="M")*6+($C17:$AG17="T")*6+($C17:$AG17="D")*12+($C17:$AG17="N")*12+($C17:$AG17="NT")*6+($C17:$AG17="C")*10+($C17:$AG17="A")*8+($C17:$AG17="J")*5+($C17:$AG17="E")*4+($C17:$AG17="P")*6+($C17:$AG17="R")*6) | AI17: =SUMPRODUCT($C$4:$AG$4,($C17:$AG17="M")*6+($C17:$AG17="T")*6+($C17:$AG17="D")*12+($C17:$AG17="N")*12+($C17:$AG17="NT")*6+($C17:$AG17="C")*10+($C17:$AG17="A")*8+($C17:$AG17="J")*5+($C17:$AG17="E")*4+($C17:$AG17="P")*6+($C17:$AG17="R")*6) | AJ17: =SUMPRODUCT($C$5:$AG$5,($C17:$AG17="N")*1) | AK17: =SUMPRODUCT($C$6:$AG$6,($C17:$AG17="M")*6+($C17:$AG17="T")*6+($C17:$AG17="D")*12+($C17:$AG17="N")*12+($C17:$AG17="NT")*6+($C17:$AG17="C")*10+($C17:$AG17="A")*8+($C17:$AG17="J")*5+($C17:$AG17="E")*4+($C17:$AG17="P")*6+($C17:$AG17="R")*6) | AL17: =ROUND(B17*4.43,0) | AM17: =AH17-AL17 | AN17: =SUMPRODUCT(($C17:$AF17="N")*(($D17:$AG17="M")+($D17:$AG17="E")+($D17:$AG17="C")+($D17:$AG17="D"))) | AO17: =SUMPRODUCT(($C17:$AF17="N")*($D17:$AG17="T"))
A18: CaAbreu | B18: 36 | C18: D | D18: D | E18: T | F18: D | H18: T | O18: D | P18: D | Q18: D | T18: T | U18: T | V18: N | X18: D | Y18: D | AA18: D | AC18: D | AF18: D | AG18: T | AH18: =SUMPRODUCT(($C18:$AG18="M")*6+($C18:$AG18="T")*6+($C18:$AG18="D")*12+($C18:$AG18="N")*12+($C18:$AG18="NT")*6+($C18:$AG18="C")*10+($C18:$AG18="A")*8+($C18:$AG18="J")*5+($C18:$AG18="E")*4+($C18:$AG18="P")*6+($C18:$AG18="R")*6) | AI18: =SUMPRODUCT($C$4:$AG$4,($C18:$AG18="M")*6+($C18:$AG18="T")*6+($C18:$AG18="D")*12+($C18:$AG18="N")*12+($C18:$AG18="NT")*6+($C18:$AG18="C")*10+($C18:$AG18="A")*8+($C18:$AG18="J")*5+($C18:$AG18="E")*4+($C18:$AG18="P")*6+($C18:$AG18="R")*6) | AJ18: =SUMPRODUCT($C$5:$AG$5,($C18:$AG18="N")*1) | AK18: =SUMPRODUCT($C$6:$AG$6,($C18:$AG18="M")*6+($C18:$AG18="T")*6+($C18:$AG18="D")*12+($C18:$AG18="N")*12+($C18:$AG18="NT")*6+($C18:$AG18="C")*10+($C18:$AG18="A")*8+($C18:$AG18="J")*5+($C18:$AG18="E")*4+($C18:$AG18="P")*6+($C18:$AG18="R")*6) | AL18: =ROUND(B18*4.43,0) | AM18: =AH18-AL18 | AN18: =SUMPRODUCT(($C18:$AF18="N")*(($D18:$AG18="M")+($D18:$AG18="E")+($D18:$AG18="C")+($D18:$AG18="D"))) | AO18: =SUMPRODUCT(($C18:$AF18="N")*($D18:$AG18="T"))
A19: Danielle | B19: 36 | C19: N | F19: N | H19: N | J19: N | K19: N | M19: N | O19: N | S19: N | T19: N | X19: N | Y19: N | AA19: N | AB19: N | AH19: =SUMPRODUCT(($C19:$AG19="M")*6+($C19:$AG19="T")*6+($C19:$AG19="D")*12+($C19:$AG19="N")*12+($C19:$AG19="NT")*6+($C19:$AG19="C")*10+($C19:$AG19="A")*8+($C19:$AG19="J")*5+($C19:$AG19="E")*4+($C19:$AG19="P")*6+($C19:$AG19="R")*6) | AI19: =SUMPRODUCT($C$4:$AG$4,($C19:$AG19="M")*6+($C19:$AG19="T")*6+($C19:$AG19="D")*12+($C19:$AG19="N")*12+($C19:$AG19="NT")*6+($C19:$AG19="C")*10+($C19:$AG19="A")*8+($C19:$AG19="J")*5+($C19:$AG19="E")*4+($C19:$AG19="P")*6+($C19:$AG19="R")*6) | AJ19: =SUMPRODUCT($C$5:$AG$5,($C19:$AG19="N")*1) | AK19: =SUMPRODUCT($C$6:$AG$6,($C19:$AG19="M")*6+($C19:$AG19="T")*6+($C19:$AG19="D")*12+($C19:$AG19="N")*12+($C19:$AG19="NT")*6+($C19:$AG19="C")*10+($C19:$AG19="A")*8+($C19:$AG19="J")*5+($C19:$AG19="E")*4+($C19:$AG19="P")*6+($C19:$AG19="R")*6) | AL19: =ROUND(B19*4.43,0) | AM19: =AH19-AL19 | AN19: =SUMPRODUCT(($C19:$AF19="N")*(($D19:$AG19="M")+($D19:$AG19="E")+($D19:$AG19="C")+($D19:$AG19="D"))) | AO19: =SUMPRODUCT(($C19:$AF19="N")*($D19:$AG19="T"))
A20: Fabiula | B20: 36 | C20: N | E20: N | F20: N | G20: N | M20: N | N20: N | Q20: N | S20: N | T20: N | U20: N | AA20: N | AC20: N | AE20: N | AG20: N | AH20: =SUMPRODUCT(($C20:$AG20="M")*6+($C20:$AG20="T")*6+($C20:$AG20="D")*12+($C20:$AG20="N")*12+($C20:$AG20="NT")*6+($C20:$AG20="C")*10+($C20:$AG20="A")*8+($C20:$AG20="J")*5+($C20:$AG20="E")*4+($C20:$AG20="P")*6+($C20:$AG20="R")*6) | AI20: =SUMPRODUCT($C$4:$AG$4,($C20:$AG20="M")*6+($C20:$AG20="T")*6+($C20:$AG20="D")*12+($C20:$AG20="N")*12+($C20:$AG20="NT")*6+($C20:$AG20="C")*10+($C20:$AG20="A")*8+($C20:$AG20="J")*5+($C20:$AG20="E")*4+($C20:$AG20="P")*6+($C20:$AG20="R")*6) | AJ20: =SUMPRODUCT($C$5:$AG$5,($C20:$AG20="N")*1) | AK20: =SUMPRODUCT($C$6:$AG$6,($C20:$AG20="M")*6+($C20:$AG20="T")*6+($C20:$AG20="D")*12+($C20:$AG20="N")*12+($C20:$AG20="NT")*6+($C20:$AG20="C")*10+($C20:$AG20="A")*8+($C20:$AG20="J")*5+($C20:$AG20="E")*4+($C20:$AG20="P")*6+($C20:$AG20="R")*6) | AL20: =ROUND(B20*4.43,0) | AM20: =AH20-AL20 | AN20: =SUMPRODUCT(($C20:$AF20="N")*(($D20:$AG20="M")+($D20:$AG20="E")+($D20:$AG20="C")+($D20:$AG20="D"))) | AO20: =SUMPRODUCT(($C20:$AF20="N")*($D20:$AG20="T"))
