Workbook

Sheet DASHBOARD
B2: Colo Ritmo · Hospital da Criança de Brasília
B3: Painel da escala · Outubro de 2026
B5: Toda contagem aqui é fórmula das abas mensais — digitou um código na escala, este painel se refaz sozinho.
B8: O mês que vai publicar · Outubro
B9: BURACOS DE COBERTURA NO MÊS | E9: DIAS COMPLETOS | G9: ALERTAS DE 18H | I9: FORA DA META | K9: SEMANAS COM BH ≠ 0 | M9: HORAS NOTURNAS
B10: =IF(COUNTA(OUT!$I$8:$AM$73)>0,SUMPRODUCT(((OUT!$I$75:$AM$75+OUT!$I$76:$AM$76+OUT!$I$77:$AM$77)>0)*OUT!$I$78:$AM$78)+SUMPRODUCT(((OUT!$I$75:$AM$75+OUT!$I$76:$AM$76+OUT!$I$77:$AM$77)>0)*OUT!$I$79:$AM$79)+SUMPRODUCT(((OUT!$I$75:$AM$75+OUT!$I$76:$AM$76+OUT!$I$77:$AM$77)>0)*OUT!$I$80:$AM$80),"") | E10: =IF(COUNTA(OUT!$I$8:$AM$73)>0,SUMPRODUCT(((OUT!$I$75:$AM$75+OUT!$I$76:$AM$76+OUT!$I$77:$AM$77)>0)*(OUT!$I$78:$AM$78+OUT!$I$79:$AM$79+OUT!$I$80:$AM$80=0)*(OUT!$I$78:$AM$78<>"")),"")&"/"&SUMPRODUCT(((OUT!$I$75:$AM$75+OUT!$I$76:$AM$76+OUT!$I$77:$AM$77)>0)*1) | G10: =SUM(OUT!$BL$8:$BL$73) | I10: =SUMPRODUCT(--(ABS(OUT!$BK$8:$BK$73)>12)) | K10: =SUMPRODUCT((OUT!$AU$8:$AU$73<>"")*(OUT!$AU$8:$AU$73<>0))+SUMPRODUCT((OUT!$AW$8:$AW$73<>"")*(OUT!$AW$8:$AW$73<>0))+SUMPRODUCT((OUT!$AY$8:$AY$73<>"")*(OUT!$AY$8:$AY$73<>0))+SUMPRODUCT((OUT!$BA$8:$BA$73<>"")*(OUT!$BA$8:$BA$73<>0))+SUMPRODUCT((OUT!$BC$8:$BC$73<>"")*(OUT!$BC$8:$BC$73<>0))+SUMPRODUCT((OUT!$BE$8:$BE$73<>"")*(OUT!$BE$8:$BE$73<>0)) | M10: =(COUNTIF(OUT!$I$8:$AM$73,"N")+COUNTIF(OUT!$I$8:$AM$73,"N+"))*7+COUNTIF(OUT!$I$8:$AM$73,"NT")*3
B12: soma de tudo que falta pro mínimo, somando os três turnos e os 31 dias | E12: dias em que os três turnos bateram o mínimo | G12: o alvo é zero · art. 66 CLT | I12: pessoas com mais de 12h de desvio, pra cima ou pra baixo | K12: pessoa-semanas fora do alvo · BHP (+) ou BHN/faltou (−) | M12: janela 22h–05h · insumo do adicional noturno
B13: Outubro é a versão da Mari (Sheet vivo, 01/09) com as correções da checagem dela e do Marcos — cada mudança está na aba CHECAGEM OUT. Janeiro a setembro vêm das grades do grupo. Nada aqui é proposta do gerador.
B14: O ano · Para comparar
B15: As regras duras apertaram junto com a mudança de abril, e funcionou: os alertas de 18h caíram de ~15 por mês para ~2.
B17: Mês | C17: Alertas 18h | D17: Buracos | E17: Dias completos | F17: Manhã | G17: Tarde | H17: Noite | I17: Horas noturnas
B18: Jan | C18: ='DADOS DASH'!B5 | D18: ='DADOS DASH'!C5 | E18: ='DADOS DASH'!D5 | F18: ='DADOS DASH'!E5 | G18: ='DADOS DASH'!F5 | H18: ='DADOS DASH'!G5 | I18: ='DADOS DASH'!I5
B19: Fev | C19: ='DADOS DASH'!B6 | D19: ='DADOS DASH'!C6 | E19: ='DADOS DASH'!D6 | F19: ='DADOS DASH'!E6 | G19: ='DADOS DASH'!F6 | H19: ='DADOS DASH'!G6 | I19: ='DADOS DASH'!I6
B20: Mar | C20: ='DADOS DASH'!B7 | D20: ='DADOS DASH'!C7 | E20: ='DADOS DASH'!D7 | F20: ='DADOS DASH'!E7 | G20: ='DADOS DASH'!F7 | H20: ='DADOS DASH'!G7 | I20: ='DADOS DASH'!I7
B21: Abr | C21: ='DADOS DASH'!B8 | D21: ='DADOS DASH'!C8 | E21: ='DADOS DASH'!D8 | F21: ='DADOS DASH'!E8 | G21: ='DADOS DASH'!F8 | H21: ='DADOS DASH'!G8 | I21: ='DADOS DASH'!I8
B22: Mai | C22: ='DADOS DASH'!B9 | D22: ='DADOS DASH'!C9 | E22: ='DADOS DASH'!D9 | F22: ='DADOS DASH'!E9 | G22: ='DADOS DASH'!F9 | H22: ='DADOS DASH'!G9 | I22: ='DADOS DASH'!I9
B23: Jun | C23: ='DADOS DASH'!B10 | D23: ='DADOS DASH'!C10 | E23: ='DADOS DASH'!D10 | F23: ='DADOS DASH'!E10 | G23: ='DADOS DASH'!F10 | H23: ='DADOS DASH'!G10 | I23: ='DADOS DASH'!I10
B24: Jul | C24: ='DADOS DASH'!B11 | D24: ='DADOS DASH'!C11 | E24: ='DADOS DASH'!D11 | F24: ='DADOS DASH'!E11 | G24: ='DADOS DASH'!F11 | H24: ='DADOS DASH'!G11 | I24: ='DADOS DASH'!I11
B25: Ago | C25: ='DADOS DASH'!B12 | D25: ='DADOS DASH'!C12 | E25: ='DADOS DASH'!D12 | F25: ='DADOS DASH'!E12 | G25: ='DADOS DASH'!F12 | H25: ='DADOS DASH'!G12 | I25: ='DADOS DASH'!I12
B26: Set | C26: ='DADOS DASH'!B13 | D26: ='DADOS DASH'!C13 | E26: ='DADOS DASH'!D13 | F26: ='DADOS DASH'!E13 | G26: ='DADOS DASH'!F13 | H26: ='DADOS DASH'!G13 | I26: ='DADOS DASH'!I13
B27: Out | C27: ='DADOS DASH'!B14 | D27: ='DADOS DASH'!C14 | E27: ='DADOS DASH'!D14 | F27: ='DADOS DASH'!E14 | G27: ='DADOS DASH'!F14 | H27: ='DADOS DASH'!G14 | I27: ='DADOS DASH'!I14
B28: Nov | C28: ='DADOS DASH'!B15 | D28: ='DADOS DASH'!C15 | E28: ='DADOS DASH'!D15 | F28: ='DADOS DASH'!E15 | G28: ='DADOS DASH'!F15 | H28: ='DADOS DASH'!G15 | I28: ='DADOS DASH'!I15
B29: Dez | C29: ='DADOS DASH'!B16 | D29: ='DADOS DASH'!C16 | E29: ='DADOS DASH'!D16 | F29: ='DADOS DASH'!E16 | G29: ='DADOS DASH'!F16 | H29: ='DADOS DASH'!G16 | I29: ='DADOS DASH'!I16

Sheet LEIA-ME
A1: Escala UTI HCB · 2026 — V3
A3: O que é
B4: O ano inteiro num arquivo: 12 abas mensais com a escala real, o painel comparativo do ano, a tradução pros códigos do Senior e o validador das regras que são lei. Tudo o que é contagem é fórmula — digitou o código na aba do mês, a cobertura, a carga horária, o saldo e os alertas se refazem sozinhos.
A6: Legenda dos códigos
A7: código | B7: turno | C7: horário | D7: horas | E7: Senior
A8: M | B8: manhã | C8: 07–13h | D8: 6 | E8: 2
A9: T | B9: tarde | C9: 13–19h | D9: 6 | E9: 239
A10: D | B10: dia 12h | C10: 07–19h | D10: 12 | E10: 40
A11: N | B11: noite 12h | C11: 19–07h | D11: 12 | E11: 41
A12: NT | B12: noitinha | C12: 19–01h | D12: 6 | E12: 349
A13: C | B13: 10h chefia | C13: 8–12 + 13–19h | D13: 10 | E13: 47
A14: A | B14: administrativo | C14: 8h diurno | D14: 8 | E14: 11
A15: J | B15: 5h Janaina | C15: 08–13h | D15: 5 | E15: 78
A16: CEP | B16: 4h CEP | C16: 08–12h | D16: 4 | E16: 6
A17: CP | B17: CP · cuidados paliativos | C17: 07–13h | D17: 6 | E17: —
A18: CRO | B18: CRO · ambulatório | C18: 13–19h | D18: 6 | E18: —
A19: M+ | B19: manhã BHP | C19: 07–13h · banco | D19: 6 | E19: —
... A24: Dt+ | B24: dia · tarde é BHP | C24: 07–19h | D24: 12 | E24: 2
A25: M- | B25: BHN da manhã | C25: dispensa | D25: — | E25: 2
A26: T- | B26: BHN da tarde | C26: dispensa | D26: — | E26: 239
A27: D- | B27: BHN do dia | C27: dispensa | D27: — | E27: 40
A28: N- | B28: BHN da noite | C28: dispensa | D28: — | E28: 41
A29: Tm- | B29: tarde · manhã é BHN | C29: 13–19h | D29: 6 | E29: 40
A30: Mt- | B30: manhã · tarde é BHN | C30: 07–13h | D30: 6 | E30: 40
A31: FE | B31: férias | C31: — | D31: — | E31: Férias
A32: LM | B32: licença | C32: — | D32: — | E32: LM
A33: AB | B33: abono niver | C33: — | D33: — | E33: —
A34: Antigos | B34: Até abril de 2026 os códigos eram outros: 110 = M (manhã) · 82 = D (dia 12h) · 83 = N (noite 12h) · 10 = J (5h, virou 78). A mudança de abril passou a usar 2/40/41.
A35: Banco | B35: Código com + é BHP: a pessoa trabalha a MAIS e a hora fica no banco — o Senior não recebe esse plantão. Código com − é BHN: dispensa paga pelo banco — a pessoa não vem, mas o Senior recebe o plantão normal. Dm+ é um dia inteiro em que só a manhã é BHP; Tm- é uma tarde trabalhada com a manhã dispensada.
A37: As abas
A38: CADASTRO | B38: Quem é quem: carga horária, restrições duras, sexta-noite e fds extra. É a fonte dos nomes de todas as abas mensais.
A39: CONFIG | B39: As regras como dado: cobertura mínima, cota de fds em mês com férias, tabela de códigos e as regras duras com o artigo da CLT. Mudou aqui, mudou na planilha toda.
A40: JAN a DEZ | B40: A escala: matriz médico × dia, com filtro no cabeçalho pra ordenar (veja “Ordenar” abaixo). A semana fecha NO DOMINGO, então todo mês aparece com as semanas completas: as primeiras colunas trazem o fim do mês anterior e as últimas trazem os dias do mês seguinte até o domingo que fecha a última semana. Esses dias vizinhos são fórmula da aba deles — pra editar, use a aba do mês dono do dia. À direita, por pessoa, PRIMEIRO as semanas: Sem 1..6 = horas de cada semana civil (o intervalo de datas está em cima) e, ao lado de cada uma, BH = horas − alvo semanal da pessoa (+ é BHP e fica areia, − é BHN/faltou e fica coral; zero é semana fechada). Depois: carga do mês, fds, sexta-noite, feriado, meta, saldo e os alertas de jornada. No rodapé, a lotação de cada turno e quanto falta pro mínimo.
A41: Ordenar | B41: Cada aba mensal tem um FILTRO no cabeçalho (ícone de funil): clique no funil de “Médico” e ordene de A a Z, ou no de “Grupo” para ver coordenação → rotina → staff. A coluna “Nº” volta à ordem original. A planilha foi preparada para isso: toda fórmula acha cada pessoa PELO NOME, em qualquer ordem — ordenar pelo funil não quebra nada. Só não use “Classificar intervalo” numa seleção parcial, que aí as linhas se separam das colunas.
A42: OUT · DIA A DIA | B42: O mês em formato calendário: por dia e por turno, quem está onde, e a cobertura. Abre na segunda-feira da semana do dia 1º e fecha no domingo da última semana — os dias dos meses vizinhos aparecem acinzentados, só para leitura. É fórmula da aba do mês — trocou um plantão no dropdown, o dia a dia se refaz. Bom pra bater o olho e perceber o que está esquisito.
A43: PAINEL ANO | B43: O comparativo do ano: saldo, fds, sexta-noite e feriado de cada pessoa mês a mês, com acumulado. Onde existe a contagem manual antiga, ela aparece ao lado pra conferência.
A44: SENIOR | B44: Escolha o mês em B1 e a matriz inteira sai traduzida nos códigos do RH, pronta pra lançar.
A45: VALIDADOR | B45: O que fere regra dura, separado em ESTRUTURAL (é a forma do contrato, decisão de política) e PONTUAL (erro daquele mês).
A46: CHECAGEM OUT | B46: A checagem de outubro feita por Marcos e Mari: as regras que ela revelou, cada célula que mudou (estava → ficou, por quê) e o que foi verificado sem mudar.
A48: De onde vem cada mês — leia antes de comparar
A49: JAN | B49: Grade do grupo (a escala que a equipe recebe) — a fonte de todos os meses desde 01/09/26. Do arquivo Senior entram só os códigos que a grade não distingue (47 chefia, 78 Janaina, 6 CEP, 11 administrativo) e as férias/licenças. Janeiro: 'ESCALA FINAL JANEIRO 2026', começa no dia 2; sem arquivo Senior.
A50: FEV | B50: Grade do grupo (a escala que a equipe recebe) — a fonte de todos os meses desde 01/09/26. Do arquivo Senior entram só os códigos que a grade não distingue (47 chefia, 78 Janaina, 6 CEP, 11 administrativo) e as férias/licenças. Fevereiro: 'Escala fevereiro UTI HCB 2026' (sem coluna de noitinha).
A51: MAR | B51: Grade do grupo (a escala que a equipe recebe) — a fonte de todos os meses desde 01/09/26. Do arquivo Senior entram só os códigos que a grade não distingue (47 chefia, 78 Janaina, 6 CEP, 11 administrativo) e as férias/licenças. Março: 'Escala UTI - março 2026' — traz também 01–05/04.
A52: ABR | B52: Grade do grupo (a escala que a equipe recebe) — a fonte de todos os meses desde 01/09/26. Do arquivo Senior entram só os códigos que a grade não distingue (47 chefia, 78 Janaina, 6 CEP, 11 administrativo) e as férias/licenças. Abril: 'Escala abril 2026 UTI HCB' começa no dia 4 (1–3 vêm do arquivo de março) e traz 01–03/05.
A53: MAI | B53: Grade do grupo (a escala que a equipe recebe) — a fonte de todos os meses desde 01/09/26. Do arquivo Senior entram só os códigos que a grade não distingue (47 chefia, 78 Janaina, 6 CEP, 11 administrativo) e as férias/licenças. Maio: 'Escala maio UTI - HCB - última revisão 09.04.26' (dias 1–3 vêm do arquivo de abril); sem arquivo Senior.
A54: JUN | B54: Grade do grupo (a escala que a equipe recebe) — a fonte de todos os meses desde 01/09/26. Do arquivo Senior entram só os códigos que a grade não distingue (47 chefia, 78 Janaina, 6 CEP, 11 administrativo) e as férias/licenças. Junho: 'Escala junho - UTI HCB' — traz também 01–05/07; sem arquivo Senior.
A55: JUL | B55: Grade do grupo (a escala que a equipe recebe) — a fonte de todos os meses desde 01/09/26. Do arquivo Senior entram só os códigos que a grade não distingue (47 chefia, 78 Janaina, 6 CEP, 11 administrativo) e as férias/licenças. Julho: 'Escala juLHO - UTI HCB - apos correcao de carga horaria' começa no dia 6 (1–5 vêm do arquivo de junho) e traz 01–02/08.
A56: AGO | B56: Grade do grupo (a escala que a equipe recebe) — a fonte de todos os meses desde 01/09/26. Do arquivo Senior entram só os códigos que a grade não distingue (47 chefia, 78 Janaina, 6 CEP, 11 administrativo) e as férias/licenças. Agosto: 'Escala agosto - UTI HCB' (1–2 vêm do arquivo de julho).
A57: SET | B57: Grade do grupo (a escala que a equipe recebe) — a fonte de todos os meses desde 01/09/26. Do arquivo Senior entram só os códigos que a grade não distingue (47 chefia, 78 Janaina, 6 CEP, 11 administrativo) e as férias/licenças. Setembro: 'Escala setembro - UTI HCB'. O arquivo Senior de setembro estava incompleto em 29–30/09 — mais um motivo pra grade ser a fonte. MAIS as nove correções que a escalista fez à mão em 28–30/09 (mari_set_dados.py): a versão dela é a fonte de verdade, e a grade não registra licença nem troca de última hora.
A58: OUT | B58: ESCALA DA MARI — a versão viva do Sheet, re-transcrita em 01/09/26 (mari_out_dados.py v2), mais as correções da checagem Marcos/Mari (checagem_out_v3.py — cada uma listada na aba CHECAGEM OUT). Buracos que ela deixou aparecem em vermelho na linha Falta
A59: NOV | B59: A montar
A60: DEZ | B60: A montar
A62: atenção | B62: A grade lista nomes por turno, não códigos: manhã + tarde no mesmo dia foi lido como 12h dia (D). Nos meses COM arquivo Senior (fev–abr, jul–set) os códigos 47/78/6/11 e as férias vêm dele; em janeiro, maio e junho não há arquivo Senior e a chefia entra como manhã de 6h (carga subestimada pra Fred/Milena). As anotações BHP/BHN/CEP/CP/CRO da grade viram os códigos + e −, CEP, CP e CRO. O Senior NÃO é fonte de escala: nem sempre condiz com a realidade (Marcos, 02/09/26).
A64: O que ainda falta
A65: · | B65: Janeiro começa no dia 2: a grade recebida não tem o dia 1º.
A66: · | B66: Toda a escala de janeiro a setembro vem das GRADES do grupo. O arquivo Senior só empresta os códigos 47/78/6/11 e as férias — janeiro, maio e junho não têm Senior, então a chefia desses meses aparece como manhã de 6h.
A67: · | B67: Novembro e dezembro estão em branco, prontos pra montar (01/11 já tem o que a Mari lançou).
A68: · | B68: Os dias do CRO da LuAlice em outubro (02 e 09) e o domingo 18/10 à noite (ficou com 6/7 depois de desfazer as 24h emendadas do Moabe) estão marcados pra decisão da Mari na aba CHECAGEM OUT.
A69: · | B69: Dois códigos órfãos no histórico: 23 (Isabella 23/08) e 3 (Laura 02/08) — não constam em nenhuma legenda; ficaram de fora.
A70: · | B70: A coluna 18h⚠ enxerga a virada de mês pelas colunas de véspera: a noite do fim do mês anterior emendando a manhã do dia 1º conta no mês NOVO (cada virada tem um dono só, nunca é contada duas vezes). A virada dez/26→jan/27 fica com a aba VALIDADOR, que olha o ano inteiro.
A71: · | B71: O seletor de mês da aba SENIOR usa INDIRECT, que só resolve com o arquivo aberto no Excel ou no Google Sheets — em pré-visualização de e-mail ou no Drive sem abrir, a matriz aparece vazia. Abrir e escolher o mês em B1 resolve.

Sheet CADASTRO
A1: Cadastro · Quem é quem
A2: 66 pessoas ativas
A3: Médico | B3: Nome completo | C3: CH | D3: Grupo | E3: Restrições duras | F3: Sexta-noite | G3: FDS extra | H3: Observações | I3: Alvo/sem
A4: Fred | B4: Frederico Pires | C4: 36 | D4: chefia | E4: coordenação: seg+ter 10h de chefia (47), qua+qui manhã | F4: não | G4: não | H4: o 47 é lançado pela coordenação · CH não entra nas contagens de plantão | I4: 36
A5: Milena | B5: Milena | C5: 36 | D5: chefia | E5: coordenação: seg/ter/qua manhã, qui 10h de chefia (47) | F5: não | G5: não | H5: o 47 é lançado pela coordenação | I5: 36
A6: Pabdo | B6: Paula Abdo | C6: 36 | D6: chefia | E6: manhãs seg–sex | F6: não | G6: não | H6: aniversário 29/10, sem folga | I6: 36
A7: MSalomão | B7: Marina Salomão | C7: 40 | D7: chefia | E7: manhãs seg–sex · D às quintas · N de domingo no rodízio de fds 15/15 com Vinicius · alvo 42h/semana com UMA semana de 36h no mês | F7: não | G7: não | H7: folga 12/10 (pedido individual) · NÃO sexta tarde | I7: 42
A8: DebAlves | B8: Deborah Alves | C8: 40 | D8: chefia | E8: manhãs e tardes seg–sex, D pra completar (cobre o gargalo das tardes) · alvo 42h/semana com UMA semana de 36h no mês | F8: não | G8: não | I8: 42
A9: Vinicius | B9: Vinicius Bezerra | C9: 36 | D9: chefia | E9: manhãs seg–sex · N de sábado no rodízio 15/15 com Murilo · fds 15/15 com MSalomão | F9: não | G9: sim | H9: FÉRIAS 12–26/10 — volta ter 27/10 (semana de retorno: alvo 30h) | I9: 36
A10: Amelio | B10: Fernanda Amelio | C10: 36 | D10: chefia | E10: manhãs seg–sex e D diurnos (inclusive fds) · SEM NOTURNOS (atestado) | F10: não | G10: não | H10: fora 24–31/10 (BHN) — compensa com BHP em 03 e 17/10 | I10: 36
A11: Murilo | B11: Murilo | C11: 36 | D11: rotina | E11: rotina onco: manhãs seg–sex · N de sábado no rodízio 15/15 com Vinicius | F11: não | G11: não | I11: 36
A12: Janaina | B12: Janaina Rabelo | C12: 30 | D12: 30h | E12: SÓ 8–13h (código 78); sem noturnos; seg–sáb | F12: não | G12: não | H12: é sempre a 10ª da manhã de sábado; NUNCA domingo | I12: 30
A13: Aline | B13: Aline Saliba | C13: 40 | D13: 36h | E13: CEP 4h toda semana: 1ª terça manhã do mês (reunião); demais semanas seg ou qui | F13: não | G13: sim | H13: 36 assist + 4 CEP (alvo semanal 40) · FÉRIAS 19/10–02/11 | I13: 40
A14: CaAbreu | B14: Camila Abreu | C14: 36 | D14: 36h | E14: fixa qua dia (+seg dia); NÃO qui noite | F14: não | G14: sim | I14: 36
A15: Danielle | B15: Danielle Tanajura | C15: 36 | D15: 36h | E15: fixa qua noite (+qui noite); só noites | F15: não | G15: não | H15: não lançar sexta-noite (já fez muitas) | I15: 36
A16: Fabiula | B16: Fabiula Czameski | C16: 36 | D16: 36h | E16: só noites; ter/qua/qui alternando com ter/qua/dom | F16: sim | G16: não | I16: 36
A17: Isabella | B17: Isabella Mazzaro | C17: 36 | D17: 36h | E17: fixo sex dia; NÃO qua noite, NÃO qui noite; evitar sáb noite | F17: sim | G17: não | H17: INVERTEU em out: não pode mais sextas | I17: 36
A18: JuBrito | B18: Julliana Brito | C18: 30 | D18: 30h | E18: fixa ter dia, qua manhã, qui dia, sex manhã; NÃO segundas (Sobradinho) | F18: não | G18: não | H18: CH 30h CONFIRMADO (era 36) · +6h fds a cada 2 meses · não quer o feriado 12/10 | I18: 30
A19: Kariny | B19: Fernanda Kariny | C19: 36 | D19: 36h | E19: fixa seg/ter/qui dia; NÃO quartas; 6h avulsa só de manhã | F19: não | G19: não | H19: repouso 09–12/10 (procedimento) | I19: 36
A20: Mayana | B20: Mayana Leal | C20: 36 | D20: 36h | E20: fixa ter dia, qui dia; NÃO seg/qua/sex tarde | F20: não | G20: não | I20: 36
A21: Neyde | B21: Neyde Brito | C21: 36 | D21: 36h | E21: fixa ter+qua noite + 1º/3º/4º dom noite; NÃO qui/sex/sáb noite (HMIB) | F21: não | G21: sim | H21: férias 19/10 + 15 dias | I21: 36
A22: Roberta | B22: Roberta Iglesias | C22: 36 | D22: 36h | E22: coringa | F22: não | G22: sim | I22: 36
A23: LuAlice | B23: Luciana Alice | C23: 36 | D23: 36h | E23: fixa ter+qui noite, sáb noite no fds; SÓ noturnos (+tardes CRO, código CRO) | F23: sim | G23: não | H23: NUNCA lançar banco de horas · 36h temporária, 12h/mês CRO (2 tardes) · não lançar sextas 02 e 30/10 N | I23: 36
A24: Amanda | B24: Amanda Braga | C24: 30 | D24: 30h | E24: alterna qui noite / qua dia | F24: sim | G24: sim | H24: férias até ~12/10 · NÃO escalar fds extra em outubro (fez horas a mais em set) | I24: 30
A25: Fernando | B25: Fernando Filardi | C25: 30 | D25: 30h | E25: fixo seg noite, qua+qui manhã, sáb manhã | F25: não | G25: não | H25: troca sáb 17/10 → dom 04/10 manhã; oferece sexta-noite 23/10 | I25: 30
A26: João | B26: João | C26: 30 | D26: 30h | E26: NÃO manhãs, NÃO segundas, NÃO sábados; ter/qui/sex tarde + qua noite | F26: não | G26: não | H26: extrapola fds · férias até ~06/10 | I26: 30
A27: JuCoutinho | B27: Juliana Coutinho | C27: 30 | D27: 30h | E27: fixa qua diurno, sextas manhãs; NÃO qui dia | F27: não | G27: não | H27: prefere 6h em vez de 12h | I27: 30
A28: LeLemos | B28: Leticia Lemos | C28: 30 | D28: 30h | E28: seg dia ↔ seg noite alternando | F28: 1/mês | G28: sim | H28: férias até 05/10 | I28: 30
A29: Leomara | B29: Leomara | C29: 24 | D29: 24h | E29: só seg/ter manhã, qua noite, sex dia/noite, fds; evitar 2 noturnos/semana | F29: não | G29: não | H29: 24h desde ago | I29: 24
A30: Marilia | B30: Marilia | C30: 30 | D30: 30h | E30: ter dia ↔ qua dia 15/15; sexta só manhã; NÃO segundas (Luzia) | F30: não | G30: não | H30: pediu a sexta-noite dela em out (16/10) em vez de nov | I30: 30
A31: Raylander | B31: Daniel Raylander | C31: 30 | D31: 30h | E31: NÃO seg tarde, qui manhã, sex dia (faculdade); aceita noturnos seguidos | F31: não | G31: SIM obrigatório | H31: casado com Ariadne — nunca no mesmo turno | I31: 30
A32: Ricardo | B32: Ricardo | C32: 30 | D32: 30h | E32: fixo ter noite (sai da fixa quando faz SN/fds) | F32: não | G32: sim | H32: escalar junto com Nishioka | I32: 30
A33: Rosana | B33: Rosana | C33: 30 | D33: 30h | E33: só manhãs e noites/noitinhas (mãe em quimio): SEM tardes, SEM 12h diurnas | F33: não | G33: não | H33: férias até ~12/10 | I33: 30
A34: AnaSeverino | B34: Ana Severino | C34: 24 | D34: 24h | E34: seg (M/dia/N) ou qui noite; NÃO tardes | F34: não | G34: sim | I34: 24
A35: Anna | B35: Anna Jorge | C35: 24 | D35: 24h | E35: NÃO seg manhã/noite, ter tarde, qui inteiro, sex tarde, dom noite | F35: não | G35: não | H35: habitual seg/qua tarde | I35: 24
A36: Ariadne | B36: Ariadne | C36: 24 | D36: 24h | E36: casada com Raylander — NUNCA no mesmo turno | F36: não | G36: não | H36: volta de licença 26/10, CH passa a 24h | I36: 24
A37: Beatriz | B37: Beatriz | C37: 24 | D37: 24h | E37: mora parte em SP; manda blocos de indisponibilidade | F37: sim | G37: não | I37: 24
A38: Bruna | B38: Bruna | C38: 24 | D38: 24h | E38: habitual terças (dia ou noite) | F38: não | G38: não | H38: férias a partir de 19/10 | I38: 24
A39: Constantino | B39: Fernanda Constantino | C39: 24 | D39: 24h | E39: seg noite OU ter noite, qui noite; NÃO quartas; evitar noites consecutivas | F39: não | G39: sim | H39: trabalhou 07/09 → folgar 12/10; não escalar fds 10–11 | I39: 24
A40: DebMatias | B40: Debora Matias | C40: 24 | D40: 24h | E40: ter/qua/sex dia (não toda sexta); noturno só ter noite | F40: não | G40: não | I40: 24
A41: Denise | B41: Denise | C41: 24 | D41: 24h | E41: fixa seg/ter/qui manhã; NÃO tardes; evitar 2 noturnos/semana | F41: não | G41: não | I41: 24
A42: Ernesto | B42: Carlos Ernesto | C42: 24 | D42: 24h | E42: qua diurno, sex noite 15/15, dom noite 15/15; seg/ter/qui NÃO | F42: sim estrutural | G42: não | H42: e-mail novo: dr.carlos.ernesto.pediatra@gmail.com | I42: 24
A43: Grayce | B43: Grayce Maya | C43: 24 | D43: 24h | E43: ter noite + qui dia; NÃO quartas; não lançar 6h avulsas (preferir 12h) | F43: não | G43: não | H43: aniversário 19/10, sem pedido de abono | I43: 24
A44: Heloa | B44: Heloa | C44: 24 | D44: 24h | E44: manhãs/tardes, quase sem noturno | F44: não | G44: não | H44: voltou de licença 29/07 | I44: 24
A45: Iggor | B45: Iggor Almeida | C45: 24 | D45: 24h | E45: fixo qua dia; NÃO qui tarde/noite | F45: não | G45: não | H45: reivindica a sexta-noite 23/10 | I45: 24
A46: IsaRibeiro | B46: Isabela Ribeiro | C46: 24 | D46: 24h | E46: coringa | F46: não | G46: não | I46: 24
A47: Jaqueline | B47: Jaqueline | C47: 24 | D47: 24h | F47: não | G47: não | H47: voltou de licença · CH 24h | I47: 24
A48: Joaquim | B48: Joaquim | C48: 24 | D48: 24h | E48: fixo seg noturno + qui/sáb noite; SÓ noturnos; NÃO ter/qua/dom noite | F48: 2/mês voluntário | G48: não | H48: cota fds 24h · sem sexta-noite este mês (excepcional) | I48: 24
A49: JuliaFig | B49: Julia Figueiredo | C49: 24 | D49: 24h | E49: seg/ter manhã OU noite (pref. noite); NÃO tarde, qua noite, qui, sex; sem 18h invertido | F49: sim | G49: não | I49: 24
A50: Kozak | B50: Ana Kozak | C50: 24 | D50: 24h | E50: fixa TODAS qui noite + sáb noite; NÃO manhãs úteis, NÃO sáb/dom dia (ICDF) | F50: só quando o marido não está de plantão | G50: não | H50: extrapola fds p/ fechar CH · FÉRIAS 05–19/10 · folga sáb 31/10 (niver da filha) | I50: 24
A51: Laura | B51: Laura Haydee | C51: 24 | D51: 24h | E51: praticamente só manhãs (inclusive fds); sem 12h, sem noturno | F51: não | G51: SIM obrigatório | H51: sem preferências enviadas em out — provisório | I51: 24
A52: Leticia | B52: Letícia Café | C52: 24 | D52: 24h | E52: fixa ter+qui dia; NÃO seg/qua/sex tarde; sem noturnos | F52: não | G52: não | H52: férias até ~06/10 | I52: 24
A53: LuCosta | B53: Luciana Costa | C53: 24 | D53: 24h | E53: NÃO diurnos em dia útil; noites de semana + fds dia; sem 2 noites seguidas | F53: não | G53: não | I53: 24
A54: Marcia | B54: Marcia | C54: 24 | D54: 24h | E54: sexta-noite fixa na 1ª semana; qua noite nas demais; completa com seg dia | F54: 1ª semana | G54: não | I54: 24
A55: MayWobido | B55: Mayara Wobido | C55: 24 | D55: 24h | E55: tardes e noites; NÃO seg noite, qua manhã; quer fixar qua noite | F55: sim | G55: obrigatório +6 fixo | H55: cota fds 30h · aniversário 31/10, quer o abono | I55: 24
A56: Melara | B56: Luciana Melara | C56: 24 | D56: 24h | E56: fixa TODOS os domingos (dia ou noite); NÃO 12h seguidas em dia útil | F56: ≥2/mês por preferência | G56: não | H56: semana: 2 tardes ou noitinha | I56: 24
A57: Moabe | B57: Moabe | C57: 24 | D57: 24h | E57: fixa seg dia; NÃO ter dia (ICDF — conferir se é ter ou qua); NÃO 1º fds do mês (pós) | F57: não | G57: não | H57: sem preferências enviadas em out — provisório | I57: 24
A58: Nishioka | B58: Laura Nishioka | C58: 24 | D58: 24h | E58: fixo ter noite (sai quando faz SN/fds) | F58: não | G58: não | H58: escalar junto com Ricardo | I58: 24
A59: Patricia | B59: Patricia Abreu | C59: 24 | D59: 24h | E59: diurnos, habitual qui dia | F59: sim | G59: não | I59: 24
A60: Pedro | B60: Pedro | C60: 24 | D60: 24h | E60: fixo seg noite, qua tarde, sex tarde; NÃO manhãs | F60: rodízio | G60: não | I60: 24
A61: Pjamile | B61: Paula Jamile | C61: 24 | D61: 24h | E61: fixa qua dia + sex dia; NÃO seg, ter tarde, qui tarde | F61: não | G61: não | I61: 24
A62: Raphael | B62: Raphael Costa | C62: 24 | D62: 24h | E62: NÃO manhãs seg–sex | F62: sim | G62: não | I62: 24
A63: Raquel | B63: Raquel Assis | C63: 24 | D63: 24h | E63: CP (cuidados paliativos, código CP) seg+qua manhã; NÃO tardes, NÃO quintas; máx 1 noturno/semana | F63: 1 | G63: não | H63: 12h CP + 12h plantão + 24h fds · férias 05–19/10 | I63: 24
A64: Thamyres | B64: Thamyres | C64: 24 | D64: 24h | E64: MÁX 1 NOTURNO/MÊS (relatório médico); NÃO seg/ter, qui dia, dom noite | F64: não | G64: não | H64: fds em 12h emendadas | I64: 24
A65: Vanessa | B65: Vanessa | C65: 24 | D65: 24h | E65: fixa qua dia; máx 1 noturno/semana | F65: não | G65: não | I65: 24
A66: Yuji | B66: Henrique Yuji | C66: 24 | D66: 24h | E66: NÃO seg e sex (dia+noite); ter/qua/qui ok; fds coringa de DOMINGOS (não pode sábados) | F66: não | G66: não | H66: licença-paternidade: DPP 09/10, 20 dias | I66: 24
A67: JuIsaac | B67: Julia Isaac | C67: 40 | D67: administrativo | E67: código 11 diário | F67: não | G67: não | H67: não pega plantão | I67: 40
A68: Stephanie | B68: Stephanie | C68: 40 | D68: administrativo | E68: código 11 | F68: não | G68: não | H68: não pega plantão | I68: 40
A69: MPinheiro | B69: Mariana Pinheiro | C69: 40 | D69: administrativo | F69: não | G69: não | H69: não pega plantão desde ago | I69: 40
A71: Fora do roster
A72: Dayana | B72: saiu do hospital (decisão registrada em 17/08/26)
A73: Kairala | B73: Andréa Kairala — aparece só de fev a abr/26 no histórico

Sheet CONFIG
A1: Config · As regras como dado
A2: Mudou aqui, muda na planilha toda
A3: Em vigor · de out/26 | B3: Manhã | C3: Tarde | D3: Noite
A4: útil | B4: 14 | C4: 10 | D4: 7 | F4: Regra da Mari de 13/08/26, vale da escala de outubro em diante. Substitui 11/8/7 e 9/7/6. A 10ª da manhã de sábado é sempre a Janaina (8–13h); ela nunca faz domingo. Feriado escala como o dia da semana em que cai.
A5: sábado | B5: 10 | C5: 8 | D5: 7
A6: domingo | B6: 9 | C6: 8 | D6: 7
A8: Até set/26 · histórico | B8: Manhã | C8: Tarde | D8: Noite
A9: útil | B9: 11 | C9: 8 | D9: 7 | F9: Os meses de janeiro a setembro são medidos por ESTA regra. Cobrar deles o mínimo novo seria exigir do passado uma regra que ainda não existia.
A10: sábado | B10: 9 | C10: 7 | D10: 6
A11: domingo | B11: 9 | C11: 7 | D11: 6
A13: Tabela de códigos
A14: Letra | B14: Senior | C14: Horas | D14: Conta manhã | E14: Conta tarde | F14: Conta noite | G14: Turno
A15: M | B15: 2 | C15: 6 | D15: 1 | E15: 0 | F15: 0 | G15: manhã · 07–13h
A16: T | B16: 239 | C16: 6 | D16: 0 | E16: 1 | F16: 0 | G16: tarde · 13–19h
A17: D | B17: 40 | C17: 12 | D17: 1 | E17: 1 | F17: 0 | G17: dia 12h · 07–19h
A18: N | B18: 41 | C18: 12 | D18: 0 | E18: 0 | F18: 1 | G18: noite 12h · 19–07h
A19: NT | B19: 349 | C19: 6 | D19: 0 | E19: 0 | F19: 1 | G19: noitinha · 19–01h
A20: C | B20: 47 | C20: 10 | D20: 1 | E20: 1 | F20: 0 | G20: 10h chefia · 8–12 + 13–19h
A21: A | B21: 11 | C21: 8 | D21: 0 | E21: 0 | F21: 0 | G21: administrativo · 8h diurno
A22: J | B22: 78 | C22: 5 | D22: 1 | E22: 0 | F22: 0 | G22: 5h Janaina · 08–13h
A23: CEP | B23: 6 | C23: 4 | D23: 1 | E23: 0 | F23: 0 | G23: 4h CEP · 08–12h
A24: CP | C24: 6 | D24: 0 | E24: 0 | F24: 0 | G24: CP · cuidados paliativos · 07–13h
A25: CRO | C25: 6 | D25: 0 | E25: 0 | F25: 0 | G25: CRO · ambulatório · 13–19h
A26: M+ | C26: 6 | D26: 1 | E26: 0 | F26: 0 | G26: manhã BHP · 07–13h · banco
A27: T+ | C27: 6 | D27: 0 | E27: 1 | F27: 0 | G27: tarde BHP · 13–19h · banco
A28: D+ | C28: 12 | D28: 1 | E28: 1 | F28: 0 | G28: dia BHP · 07–19h · banco
A29: N+ | C29: 12 | D29: 0 | E29: 0 | F29: 1 | G29: noite BHP · 19–07h · banco
A30: Dm+ | B30: 239 | C30: 12 | D30: 1 | E30: 1 | F30: 0 | G30: dia · manhã é BHP · 07–19h
A31: Dt+ | B31: 2 | C31: 12 | D31: 1 | E31: 1 | F31: 0 | G31: dia · tarde é BHP · 07–19h
A32: M- | B32: 2 | C32: 0 | D32: 0 | E32: 0 | F32: 0 | G32: BHN da manhã · dispensa
A33: T- | B33: 239 | C33: 0 | D33: 0 | E33: 0 | F33: 0 | G33: BHN da tarde · dispensa
A34: D- | B34: 40 | C34: 0 | D34: 0 | E34: 0 | F34: 0 | G34: BHN do dia · dispensa
A35: N- | B35: 41 | C35: 0 | D35: 0 | E35: 0 | F35: 0 | G35: BHN da noite · dispensa
A36: Tm- | B36: 40 | C36: 6 | D36: 0 | E36: 1 | F36: 0 | G36: tarde · manhã é BHN · 13–19h
A37: Mt- | B37: 40 | C37: 6 | D37: 1 | E37: 0 | F37: 0 | G37: manhã · tarde é BHN · 07–13h
A38: FE | B38: Férias | C38: 0 | D38: 0 | E38: 0 | F38: 0 | G38: férias · —
A39: LM | B39: LM | C39: 0 | D39: 0 | E39: 0 | F39: 0 | G39: licença · —
A40: AB | C40: 0 | D40: 0 | E40: 0 | F40: 0 | G40: abono niver · —
A42: Cota de FDS em mês com férias | F42: Em mês de 5 fins de semana a demanda de fds passa da soma das cotas do grupo e zerar o excesso é aritmeticamente impossível. Outubro/26: demanda 1704h contra 1494h de cota somada — 210h que não têm de onde sair. O alvo de cada pessoa passa a ser a cota vezes o fator abaixo, para que o excesso inevitável seja dividido em proporção e não despejado em quem tem menos veto.
A43: CH semanal | B43: Férias 2 sem | C43: Férias 1 sem | D43: Sem férias | E43: Fator do mês
A44: 36 | B44: 24 | C44: 30 | D44: 36 | E44: 1.141
A45: 30 | B45: 18 | C45: 24 | D45: 30
A46: 24 | B46: 12 | C46: 18 | D46: 24
A48: Alvo semanal e banco de horas | F48: Alvo semanal = carga contratada por semana civil (segunda a domingo), contando os dias do mês vizinho que fecham a semana. 40h → alvo 42 com UMA semana de 36 no mês (a que aparece com −6). Cada dia de férias/licença/abono na semana desconta 6h do alvo. O BH da semana é horas − alvo: positivo é BHP (fica no banco), negativo é BHN (faltou ou foi dispensa). Marque o BHP/BHN na própria célula com os códigos + e − para a conferência bater.
A49: Parâmetro | B49: Valor
A50: Desconto por dia de férias/licença/abono na semana (h) | B50: 6
A51: Alvo por pessoa: CADASTRO, coluna Alvo/sem
A53: Feriados de 2026 | E53: Feriado escala como o DIA DA SEMANA em que cai — não reduz a lotação exigida (doc de referência §2). Confirmado na prática: nos sete feriados de 2026 até setembro a manhã rodou com 15 a 20 pessoas, e a rotina/chefia trabalhou em todos eles (4 a 6 pessoas). O que muda no feriado é a contabilidade, que tem coluna própria e equalização anual.
A54: Data | B54: Sigla | C54: Feriado
A55: 01/01 (qui) | B55: 1ºjan | C55: Confraternização
A56: 16/02 (seg) | B56: carn | C56: Carnaval
A57: 17/02 (ter) | B57: carn | C57: Carnaval
A58: 03/04 (sex) | B58: paix | C58: Paixão
A59: 21/04 (ter) | B59: tira | C59: Tiradentes
A60: 01/05 (sex) | B60: trab | C60: Dia do Trabalhador
A61: 04/06 (qui) | B61: corp | C61: Corpus Christi
A62: 07/09 (seg) | B62: indep | C62: Independência
A63: 12/10 (seg) | B63: N.Sra | C63: N. Sra. Aparecida
A64: 02/11 (seg) | B64: finad | C64: Finados
A65: 15/11 (dom) | B65: repúb | C65: Proclamação da República
... A67: 25/12 (sex) | B67: natal | C67: Natal
A69: Regras duras
A70: Regra | B70: o que é | C70: Base | D70: Tratamento | E70: Nota
A71: rotina só manhã | B71: Fred, Milena, Pabdo, MSalomão, DebAlves, Vinicius, Amelio e Murilo: dias úteis apenas pela manhã, e nunca aos fins de semana | C71: decisão Marcos 18/08/26 | D71: ALERTA | E71: Revoga o rodízio 15/15 MSalomão↔Vinicius, o sábado noturno 15/15 do Murilo, o bloqueio 42/42/36 e as tardes de completude da DebAlves. O feriado segue a política própria (contagem anual). Janaina NÃO é rotina: seg–sáb 8–13h dela continua, e a 10ª manhã de sábado é dela por regra de cobertura.
A72: interjornada | B72: 11h entre o fim de uma jornada e o início da seguinte | C72: art. 66 CLT | D72: ALERTA | E72: Descanso abaixo de 11h gera hora extra indenizável e autuação do MTE.
A73: 18h no mesmo dia | B73: dia inteiro (07–19h) + noite (19–07h) = 24h seguidas | C73: art. 66 CLT | D73: ALERTA | E73: Nunca lançar.
A74: 18h invertido | B74: noite 19–07h emendando manhã 07–13h — zero descanso | C74: art. 66 CLT | D74: ALERTA | E74: Era 15 casos/mês no 1º trimestre/26 e caiu pra ~2 depois da mudança de abril. O alvo é zero; o validador segura a linha.
A75: noite + tarde seguinte | B75: noite 19–07h + tarde 13–19h = 18h com 6h de pausa | C75: art. 66 CLT | D75: REGISTRO | E75: Prática estabelecida do serviço (90 casos em 6 meses, 26 pessoas, sem queda no ano). Decisão de 17/08/26: continua, fica registrado sem alarme.
A76: DSR | B76: 24h consecutivas de folga por semana | C76: art. 67 CLT | D76: ALERTA | E76: Quem faz 6h de manhã todo dia tem folga de 18h (13h→07h) e nunca alcança as 24h — isso é ESTRUTURAL da rotina/chefia, sinalizado uma vez, não por dia.
A77: adicional noturno | B77: horas entre 22h e 05h; hora noturna vale 52min30s | C77: art. 73 CLT | D77: CÁLCULO | E77: Sai por pessoa/mês pra folha. Noite 19–07h cai integralmente na janela.
A78: aniversário | B78: 6h de folga na semana, só pra quem marcou SIM na ficha | C78: interno | D78: PREFERÊNCIA

Sheet JAN
A1: Janeiro · 2026 | O1: Legenda: M manhã 7–13 · T tarde 13–19 · D dia 7–19 · N noite 19–7 · NT noitinha · C chefia 10h · J Janaina 8–13 · CEP · CP · CRO · + = BHP (a mais, no banco) · − = BHN (dispensa) · FE férias · LM licença · AB abono
F2: 29/12 | G2: 30/12 | H2: 31/12 | I2: 1 | J2: 2 | K2: 3 | L2: 4 | M2: 5 | N2: 6 | O2: 7 | P2: 8 | Q2: 9 | R2: 10 | S2: 11 | T2: 12 | U2: 13 | V2: 14 | W2: 15 | X2: 16 | Y2: 17 | Z2: 18 | AA2: 19 | AB2: 20 | AC2: 21 | AD2: 22 | AE2: 23 | AF2: 24 | AG2: 25 | AH2: 26 | AI2: 27 | AJ2: 28 | AK2: 29 | AL2: 30 | AM2: 31 | AN2: 01/02 | AT2: 29/12–04/01 | AV2: 05/01–11/01 | AX2: 12/01–18/01 | AZ2: 19/01–25/01 | BB2: 26/01–01/02
F3: seg | G3: ter | H3: qua | I3: 1ºjan | J3: sex | K3: sáb | L3: dom | M3: seg | N3: ter | O3: qua | P3: qui | Q3: sex | R3: sáb | S3: dom | T3: seg | U3: ter | V3: qua | W3: qui | X3: sex | Y3: sáb | Z3: dom | AA3: seg | AB3: ter | AC3: qua | AD3: qui | AE3: sex | AF3: sáb | AG3: dom | AH3: seg | AI3: ter | AJ3: qua | AK3: qui | AL3: sex | AM3: sáb | AN3: dom | AT3: semana civil | AV3: semana civil | AX3: semana civil | AZ3: semana civil | BB3: semana civil
A4: máscara fds | C4: 0 | D4: 0 | E4: 0 | F4: 0 | G4: 0 | H4: 0 | I4: 0 | J4: 0 | K4: 1 | L4: 1 | M4: 0 | N4: 0 | O4: 0 | P4: 0 | Q4: 0 | R4: 1 | S4: 1 | T4: 0 | U4: 0 | V4: 0 | W4: 0 | X4: 0 | Y4: 1 | Z4: 1 | AA4: 0 | AB4: 0 | AC4: 0 | AD4: 0 | AE4: 0 | AF4: 1 | AG4: 1 | AH4: 0 | AI4: 0 | AJ4: 0 | AK4: 0 | AL4: 0 | AM4: 1 | AN4: 0 | AO4: 0 | AP4: 0 | AQ4: 0 | AR4: 0 | AS4: 0
A5: máscara sexta | C5: 0 | D5: 0 | E5: 0 | F5: 0 | G5: 0 | H5: 0 | I5: 0 | J5: 1 | K5: 0 | L5: 0 | M5: 0 | N5: 0 | O5: 0 | P5: 0 | Q5: 1 | R5: 0 | S5: 0 | T5: 0 | U5: 0 | V5: 0 | W5: 0 | X5: 1 | Y5: 0 | Z5: 0 | AA5: 0 | AB5: 0 | AC5: 0 | AD5: 0 | AE5: 1 | AF5: 0 | AG5: 0 | AH5: 0 | AI5: 0 | AJ5: 0 | AK5: 0 | AL5: 1 | AM5: 0 | AN5: 0 | AO5: 0 | AP5: 0 | AQ5: 0 | AR5: 0 | AS5: 0
A6: máscara feriado | C6: 0 | D6: 0 | E6: 0 | F6: 0 | G6: 0 | H6: 0 | I6: 1 | J6: 0 | K6: 0 | L6: 0 | M6: 0 | N6: 0 | O6: 0 | P6: 0 | Q6: 0 | R6: 0 | S6: 0 | T6: 0 | U6: 0 | V6: 0 | W6: 0 | X6: 0 | Y6: 0 | Z6: 0 | AA6: 0 | AB6: 0 | AC6: 0 | AD6: 0 | AE6: 0 | AF6: 0 | AG6: 0 | AH6: 0 | AI6: 0 | AJ6: 0 | AK6: 0 | AL6: 0 | AM6: 0 | AN6: 0 | AO6: 0 | AP6: 0 | AQ6: 0 | AR6: 0 | AS6: 0
A7: Médico | B7: CH | AT7: Sem 1 | AU7: BH 1 | AV7: Sem 2 | AW7: BH 2 | AX7: Sem 3 | AY7: BH 3 | AZ7: Sem 4 | BA7: BH 4 | BB7: Sem 5 | BC7: BH 5 | BD7: Sem 6 | BE7: BH 6 | BF7: CH mês | BG7: FDS | BH7: SxN | BI7: Feriado | BJ7: Meta | BK7: Saldo | BL7: 18h⚠ | BM7: N→T | BN7: Cota FDS | BO7: FDS⚠ | BP7: Sem⚠ | BQ7: Grupo | BR7: Nº
A8: Fred | B8: 36 | J8: M | M8: M | N8: M | O8: M | P8: M | Q8: M | T8: M | U8: M | V8: M | W8: M | X8: M | AA8: M | AB8: M | AC8: M | AD8: M | AE8: M | AN8: =IFERROR(INDEX(FEV!I$8:I$73,MATCH($A8,FEV!$A$8:$A$73,0))&"","") | AT8: =SUMPRODUCT(($F8:$L8="M")*6+($F8:$L8="T")*6+($F8:$L8="D")*12+($F8:$L8="N")*12+($F8:$L8="NT")*6+($F8:$L8="C")*10+($F8:$L8="A")*8+($F8:$L8="J")*5+($F8:$L8="CEP")*4+($F8:$L8="CP")*6+($F8:$L8="CRO")*6+($F8:$L8="M+")*6+($F8:$L8="T+")*6+($F8:$L8="D+")*12+($F8:$L8="N+")*12+($F8:$L8="Dm+")*12+($F8:$L8="Dt+")*12+($F8:$L8="Tm-")*6+($F8:$L8="Mt-")*6) | AU8: =AT8-MAX(0,IFERROR(INDEX(CADASTRO!$I$4:$I$80,MATCH($A8,CADASTRO!$A$4:$A$80,0)),$B8)-CONFIG!$B$50*(COUNTIF($F8:$L8,"AB")+COUNTIF($F8:$L8,"FE")+COUNTIF($F8:$L8,"LM"))) | AV8: =SUMPRODUCT(($M8:$S8="M")*6+($M8:$S8="T")*6+($M8:$S8="D")*12+($M8:$S8="N")*12+($M8:$S8="NT")*6+($M8:$S8="C")*10+($M8:$S8="A")*8+($M8:$S8="J")*5+($M8:$S8="CEP")*4+($M8:$S8="CP")*6+($M8:$S8="CRO")*6+($M8:$S8="M+")*6+($M8:$S8="T+")*6+($M8:$S8="D+")*12+($M8:$S8="N+")*12+($M8:$S8="Dm+")*12+($M8:$S8="Dt+")*12+($M8:$S8="Tm-")*6+($M8:$S8="Mt-")*6) | AW8: =AV8-MAX(0,IFERROR(INDEX(CADASTRO!$I$4:$I$80,MATCH($A8,CADASTRO!$A$4:$A$80,0)),$B8)-CONFIG!$B$50*(COUNTIF($M8:$S8,"AB")+COUNTIF($M8:$S8,"FE")+COUNTIF($M8:$S8,"LM"))) | AX8: =SUMPRODUCT(($T8:$Z8="M")*6+($T8:$Z8="T")*6+($T8:$Z8="D")*12+($T8:$Z8="N")*12+($T8:$Z8="NT")*6+($T8:$Z8="C")*10+($T8:$Z8="A")*8+($T8:$Z8="J")*5+($T8:$Z8="CEP")*4+($T8:$Z8="CP")*6+($T8:$Z8="CRO")*6+($T8:$Z8="M+")*6+($T8:$Z8="T+")*6+($T8:$Z8="D+")*12+($T8:$Z8="N+")*12+($T8:$Z8="Dm+")*12+($T8:$Z8="Dt+")*12+($T8:$Z8="Tm-")*6+($T8:$Z8="Mt-")*6) | AY8: =AX8-MAX(0,IFERROR(INDEX(CADASTRO!$I$4:$I$80,MATCH($A8,CADASTRO!$A$4:$A$80,0)),$B8)-CONFIG!$B$50*(COUNTIF($T8:$Z8,"AB")+COUNTIF($T8:$Z8,"FE")+COUNTIF($T8:$Z8,"LM"))) | AZ8: =SUMPRODUCT(($AA8:$AG8="M")*6+($AA8:$AG8="T")*6+($AA8:$AG8="D")*12+($AA8:$AG8="N")*12+($AA8:$AG8="NT")*6+($AA8:$AG8="C")*10+($AA8:$AG8="A")*8+($AA8:$AG8="J")*5+($AA8:$AG8="CEP")*4+($AA8:$AG8="CP")*6+($AA8:$AG8="CRO")*6+($AA8:$AG8="M+")*6+($AA8:$AG8="T+")*6+($AA8:$AG8="D+")*12+($AA8:$AG8="N+")*12+($AA8:$AG8="Dm+")*12+($AA8:$AG8="Dt+")*12+($AA8:$AG8="Tm-")*6+($AA8:$AG8="Mt-")*6) | BA8: =AZ8-MAX(0,IFERROR(INDEX(CADASTRO!$I$4:$I$80,MATCH($A8,CADASTRO!$A$4:$A$80,0)),$B8)-CONFIG!$B$50*(COUNTIF($AA8:$AG8,"AB")+COUNTIF($AA8:$AG8,"FE")+COUNTIF($AA8:$AG8,"LM"))) | BB8: =SUMPRODUCT(($AH8:$AM8="M")*6+($AH8:$AM8="T")*6+($AH8:$AM8="D")*12+($AH8:$AM8="N")*12+($AH8:$AM8="NT")*6+($AH8:$AM8="C")*10+($AH8:$AM8="A")*8+($AH8:$AM8="J")*5+($AH8:$AM8="CEP")*4+($AH8:$AM8="CP")*6+($AH8:$AM8="CRO")*6+($AH8:$AM8="M+")*6+($AH8:$AM8="T+")*6+($AH8:$AM8="D+")*12+($AH8:$AM8="N+")*12+($AH8:$AM8="Dm+")*12+($AH8:$AM8="Dt+")*12+($AH8:$AM8="Tm-")*6+($AH8:$AM8="Mt-")*6)+SUMPRODUCT(($AN8:$AN8="M")*6+($AN8:$AN8="T")*6+($AN8:$AN8="D")*12+($AN8:$AN8="N")*12+($AN8:$AN8="NT")*6+($AN8:$AN8="C")*10+($AN8:$AN8="A")*8+($AN8:$AN8="J")*5+($AN8:$AN8="CEP")*4+($AN8:$AN8="CP")*6+($AN8:$AN8="CRO")*6+($AN8:$AN8="M+")*6+($AN8:$AN8="T+")*6+($AN8:$AN8="D+")*12+($AN8:$AN8="N+")*12+($AN8:$AN8="Dm+")*12+($AN8:$AN8="Dt+")*12+($AN8:$AN8="Tm-")*6+($AN8:$AN8="Mt-")*6) | BC8: =BB8-MAX(0,IFERROR(INDEX(CADASTRO!$I$4:$I$80,MATCH($A8,CADASTRO!$A$4:$A$80,0)),$B8)-CONFIG!$B$50*(COUNTIF($AH8:$AM8,"AB")+COUNTIF($AH8:$AM8,"FE")+COUNTIF($AH8:$AM8,"LM")+COUNTIF($AN8:$AN8,"AB")+COUNTIF($AN8:$AN8,"FE")+COUNTIF($AN8:$AN8,"LM"))) | BF8: =SUMPRODUCT(($I8:$AM8="M")*6+($I8:$AM8="T")*6+($I8:$AM8="D")*12+($I8:$AM8="N")*12+($I8:$AM8="NT")*6+($I8:$AM8="C")*10+($I8:$AM8="A")*8+($I8:$AM8="J")*5+($I8:$AM8="CEP")*4+($I8:$AM8="CP")*6+($I8:$AM8="CRO")*6+($I8:$AM8="M+")*6+($I8:$AM8="T+")*6+($I8:$AM8="D+")*12+($I8:$AM8="N+")*12+($I8:$AM8="Dm+")*12+($I8:$AM8="Dt+")*12+($I8:$AM8="Tm-")*6+($I8:$AM8="Mt-")*6) | BG8: =SUMPRODUCT($I$4:$AM$4,($I8:$AM8="M")*6+($I8:$AM8="T")*6+($I8:$AM8="D")*12+($I8:$AM8="N")*12+($I8:$AM8="NT")*6+($I8:$AM8="C")*10+($I8:$AM8="A")*8+($I8:$AM8="J")*5+($I8:$AM8="CEP")*4+($I8:$AM8="CP")*6+($I8:$AM8="CRO")*6+($I8:$AM8="M+")*6+($I8:$AM8="T+")*6+($I8:$AM8="D+")*12+($I8:$AM8="N+")*12+($I8:$AM8="Dm+")*12+($I8:$AM8="Dt+")*12+($I8:$AM8="Tm-")*6+($I8:$AM8="Mt-")*6) | BH8: =SUMPRODUCT($I$5:$AM$5,(($I8:$AM8="N")+($I8:$AM8="N+"))) | BI8: =SUMPRODUCT($I$6:$AM$6,($I8:$AM8="M")*6+($I8:$AM8="T")*6+($I8:$AM8="D")*12+($I8:$AM8="N")*12+($I8:$AM8="NT")*6+($I8:$AM8="C")*10+($I8:$AM8="A")*8+($I8:$AM8="J")*5+($I8:$AM8="CEP")*4+($I8:$AM8="CP")*6+($I8:$AM8="CRO")*6+($I8:$AM8="M+")*6+($I8:$AM8="T+")*6+($I8:$AM8="D+")*12+($I8:$AM8="N+")*12+($I8:$AM8="Dm+")*12+($I8:$AM8="Dt+")*12+($I8:$AM8="Tm-")*6+($I8:$AM8="Mt-")*6) | BJ8: =ROUND(B8*4.43,0) | BK8: =BF8-BJ8 | BL8: =SUMPRODUCT((($C8:$AL8="N")+($C8:$AL8="N+"))*(($D8:$AM8="M")+($D8:$AM8="D")+($D8:$AM8="C")+($D8:$AM8="CEP")+($D8:$AM8="M+")+($D8:$AM8="D+")+($D8:$AM8="Dm+")+($D8:$AM8="Dt+")+($D8:$AM8="Mt-"))) | BM8: =SUMPRODUCT((($C8:$AL8="N")+($C8:$AL8="N+"))*(($D8:$AM8="T")+($D8:$AM8="T+")+($D8:$AM8="Tm-"))) | BN8: =IFERROR(INDEX(CONFIG!$B$44:$D$46,MATCH($B8,CONFIG!$A$44:$A$46,0),IF(COUNTIF($I8:$AM8,"FE")>=10,1,IF(COUNTIF($I8:$AM8,"FE")>=1,2,3))),"") | BO8: =IF(BN8="","",MAX(0,BG8-BN8*CONFIG!$E$44)) | BP8: =MAX(AT8,AV8,AX8,AZ8,BB8,BD8) | BQ8: 1 · coordenação | BR8: 7
A9: Milena | B9: 36 | J9: M | M9: M | N9: M | O9: M | P9: M | Q9: M | T9: M | U9: M | V9: M | W9: M | X9: M | AA9: M | AB9: M | AC9: M | AD9: M | AE9: M | AH9: M | AI9: M | AJ9: M | AK9: M | AL9: M | AN9: =IFERROR(INDEX(FEV!I$8:I$73,MATCH($A9,FEV!$A$8:$A$73,0))&"","") | AT9: =SUMPRODUCT(($F9:$L9="M")*6+($F9:$L9="T")*6+($F9:$L9="D")*12+($F9:$L9="N")*12+($F9:$L9="NT")*6+($F9:$L9="C")*10+($F9:$L9="A")*8+($F9:$L9="J")*5+($F9:$L9="CEP")*4+($F9:$L9="CP")*6+($F9:$L9="CRO")*6+($F9:$L9="M+")*6+($F9:$L9="T+")*6+($F9:$L9="D+")*12+($F9:$L9="N+")*12+($F9:$L9="Dm+")*12+($F9:$L9="Dt+")*12+($F9:$L9="Tm-")*6+($F9:$L9="Mt-")*6) | AU9: =AT9-MAX(0,IFERROR(INDEX(CADASTRO!$I$4:$I$80,MATCH($A9,CADASTRO!$A$4:$A$80,0)),$B9)-CONFIG!$B$50*(COUNTIF($F9:$L9,"AB")+COUNTIF($F9:$L9,"FE")+COUNTIF($F9:$L9,"LM"))) | AV9: =SUMPRODUCT(($M9:$S9="M")*6+($M9:$S9="T")*6+($M9:$S9="D")*12+($M9:$S9="N")*12+($M9:$S9="NT")*6+($M9:$S9="C")*10+($M9:$S9="A")*8+($M9:$S9="J")*5+($M9:$S9="CEP")*4+($M9:$S9="CP")*6+($M9:$S9="CRO")*6+($M9:$S9="M+")*6+($M9:$S9="T+")*6+($M9:$S9="D+")*12+($M9:$S9="N+")*12+($M9:$S9="Dm+")*12+($M9:$S9="Dt+")*12+($M9:$S9="Tm-")*6+($M9:$S9="Mt-")*6) | AW9: =AV9-MAX(0,IFERROR(INDEX(CADASTRO!$I$4:$I$80,MATCH($A9,CADASTRO!$A$4:$A$80,0)),$B9)-CONFIG!$B$50*(COUNTIF($M9:$S9,"AB")+COUNTIF($M9:$S9,"FE")+COUNTIF($M9:$S9,"LM"))) | AX9: =SUMPRODUCT(($T9:$Z9="M")*6+($T9:$Z9="T")*6+($T9:$Z9="D")*12+($T9:$Z9="N")*12+($T9:$Z9="NT")*6+($T9:$Z9="C")*10+($T9:$Z9="A")*8+($T9:$Z9="J")*5+($T9:$Z9="CEP")*4+($T9:$Z9="CP")*6+($T9:$Z9="CRO")*6+($T9:$Z9="M+")*6+($T9:$Z9="T+")*6+($T9:$Z9="D+")*12+($T9:$Z9="N+")*12+($T9:$Z9="Dm+")*12+($T9:$Z9="Dt+")*12+($T9:$Z9="Tm-")*6+($T9:$Z9="Mt-")*6) | AY9: =AX9-MAX(0,IFERROR(INDEX(CADASTRO!$I$4:$I$80,MATCH($A9,CADASTRO!$A$4:$A$80,0)),$B9)-CONFIG!$B$50*(COUNTIF($T9:$Z9,"AB")+COUNTIF($T9:$Z9,"FE")+COUNTIF($T9:$Z9,"LM"))) | AZ9: =SUMPRODUCT(($AA9:$AG9="M")*6+($AA9:$AG9="T")*6+($AA9:$AG9="D")*12+($AA9:$AG9="N")*12+($AA9:$AG9="NT")*6+($AA9:$AG9="C")*10+($AA9:$AG9="A")*8+($AA9:$AG9="J")*5+($AA9:$AG9="CEP")*4+($AA9:$AG9="CP")*6+($AA9:$AG9="CRO")*6+($AA9:$AG9="M+")*6+($AA9:$AG9="T+")*6+($AA9:$AG9="D+")*12+($AA9:$AG9="N+")*12+($AA9:$AG9="Dm+")*12+($AA9:$AG9="Dt+")*12+($AA9:$AG9="Tm-")*6+($AA9:$AG9="Mt-")*6) | BA9: =AZ9-MAX(0,IFERROR(INDEX(CADASTRO!$I$4:$I$80,MATCH($A9,CADASTRO!$A$4:$A$80,0)),$B9)-CONFIG!$B$50*(COUNTIF($AA9:$AG9,"AB")+COUNTIF($AA9:$AG9,"FE")+COUNTIF($AA9:$AG9,"LM"))) | BB9: =SUMPRODUCT(($AH9:$AM9="M")*6+($AH9:$AM9="T")*6+($AH9:$AM9="D")*12+($AH9:$AM9="N")*12+($AH9:$AM9="NT")*6+($AH9:$AM9="C")*10+($AH9:$AM9="A")*8+($AH9:$AM9="J")*5+($AH9:$AM9="CEP")*4+($AH9:$AM9="CP")*6+($AH9:$AM9="CRO")*6+($AH9:$AM9="M+")*6+($AH9:$AM9="T+")*6+($AH9:$AM9="D+")*12+($AH9:$AM9="N+")*12+($AH9:$AM9="Dm+")*12+($AH9:$AM9="Dt+")*12+($AH9:$AM9="Tm-")*6+($AH9:$AM9="Mt-")*6)+SUMPRODUCT(($AN9:$AN9="M")*6+($AN9:$AN9="T")*6+($AN9:$AN9="D")*12+($AN9:$AN9="N")*12+($AN9:$AN9="NT")*6+($AN9:$AN9="C")*10+($AN9:$AN9="A")*8+($AN9:$AN9="J")*5+($AN9:$AN9="CEP")*4+($AN9:$AN9="CP")*6+($AN9:$AN9="CRO")*6+($AN9:$AN9="M+")*6+($AN9:$AN9="T+")*6+($AN9:$AN9="D+")*12+($AN9:$AN9="N+")*12+($AN9:$AN9="Dm+")*12+($AN9:$AN9="Dt+")*12+($AN9:$AN9="Tm-")*6+($AN9:$AN9="Mt-")*6) | BC9: =BB9-MAX(0,IFERROR(INDEX(CADASTRO!$I$4:$I$80,MATCH($A9,CADASTRO!$A$4:$A$80,0)),$B9)-CONFIG!$B$50*(COUNTIF($AH9:$AM9,"AB")+COUNTIF($AH9:$AM9,"FE")+COUNTIF($AH9:$AM9,"LM")+COUNTIF($AN9:$AN9,"AB")+COUNTIF($AN9:$AN9,"FE")+COUNTIF($AN9:$AN9,"LM"))) | BF9: =SUMPRODUCT(($I9:$AM9="M")*6+($I9:$AM9="T")*6+($I9:$AM9="D")*12+($I9:$AM9="N")*12+($I9:$AM9="NT")*6+($I9:$AM9="C")*10+($I9:$AM9="A")*8+($I9:$AM9="J")*5+($I9:$AM9="CEP")*4+($I9:$AM9="CP")*6+($I9:$AM9="CRO")*6+($I9:$AM9="M+")*6+($I9:$AM9="T+")*6+($I9:$AM9="D+")*12+($I9:$AM9="N+")*12+($I9:$AM9="Dm+")*12+($I9:$AM9="Dt+")*12+($I9:$AM9="Tm-")*6+($I9:$AM9="Mt-")*6) | BG9: =SUMPRODUCT($I$4:$AM$4,($I9:$AM9="M")*6+($I9:$AM9="T")*6+($I9:$AM9="D")*12+($I9:$AM9="N")*12+($I9:$AM9="NT")*6+($I9:$AM9="C")*10+($I9:$AM9="A")*8+($I9:$AM9="J")*5+($I9:$AM9="CEP")*4+($I9:$AM9="CP")*6+($I9:$AM9="CRO")*6+($I9:$AM9="M+")*6+($I9:$AM9="T+")*6+($I9:$AM9="D+")*12+($I9:$AM9="N+")*12+($I9:$AM9="Dm+")*12+($I9:$AM9="Dt+")*12+($I9:$AM9="Tm-")*6+($I9:$AM9="Mt-")*6) | BH9: =SUMPRODUCT($I$5:$AM$5,(($I9:$AM9="N")+($I9:$AM9="N+"))) | BI9: =SUMPRODUCT($I$6:$AM$6,($I9:$AM9="M")*6+($I9:$AM9="T")*6+($I9:$AM9="D")*12+($I9:$AM9="N")*12+($I9:$AM9="NT")*6+($I9:$AM9="C")*10+($I9:$AM9="A")*8+($I9:$AM9="J")*5+($I9:$AM9="CEP")*4+($I9:$AM9="CP")*6+($I9:$AM9="CRO")*6+($I9:$AM9="M+")*6+($I9:$AM9="T+")*6+($I9:$AM9="D+")*12+($I9:$AM9="N+")*12+($I9:$AM9="Dm+")*12+($I9:$AM9="Dt+")*12+($I9:$AM9="Tm-")*6+($I9:$AM9="Mt-")*6) | BJ9: =ROUND(B9*4.43,0) | BK9: =BF9-BJ9 | BL9: =SUMPRODUCT((($C9:$AL9="N")+($C9:$AL9="N+"))*(($D9:$AM9="M")+($D9:$AM9="D")+($D9:$AM9="C")+($D9:$AM9="CEP")+($D9:$AM9="M+")+($D9:$AM9="D+")+($D9:$AM9="Dm+")+($D9:$AM9="Dt+")+($D9:$AM9="Mt-"))) | BM9: =SUMPRODUCT((($C9:$AL9="N")+($C9:$AL9="N+"))*(($D9:$AM9="T")+($D9:$AM9="T+")+($D9:$AM9="Tm-"))) | BN9: =IFERROR(INDEX(CONFIG!$B$44:$D$46,MATCH($B9,CONFIG!$A$44:$A$46,0),IF(COUNTIF($I9:$AM9,"FE")>=10,1,IF(COUNTIF($I9:$AM9,"FE")>=1,2,3))),"") | BO9: =IF(BN9="","",MAX(0,BG9-BN9*CONFIG!$E$44)) | BP9: =MAX(AT9,AV9,AX9,AZ9,BB9,BD9) | BQ9: 1 · coordenação | BR9: 7
A10: Pabdo | B10: 36 | AN10: =IFERROR(INDEX(FEV!I$8:I$73,MATCH($A10,FEV!$A$8:$A$73,0))&"","") | AT10: =SUMPRODUCT(($F10:$L10="M")*6+($F10:$L10="T")*6+($F10:$L10="D")*12+($F10:$L10="N")*12+($F10:$L10="NT")*6+($F10:$L10="C")*10+($F10:$L10="A")*8+($F10:$L10="J")*5+($F10:$L10="CEP")*4+($F10:$L10="CP")*6+($F10:$L10="CRO")*6+($F10:$L10="M+")*6+($F10:$L10="T+")*6+($F10:$L10="D+")*12+($F10:$L10="N+")*12+($F10:$L10="Dm+")*12+($F10:$L10="Dt+")*12+($F10:$L10="Tm-")*6+($F10:$L10="Mt-")*6) | AU10: =AT10-MAX(0,IFERROR(INDEX(CADASTRO!$I$4:$I$80,MATCH($A10,CADASTRO!$A$4:$A$80,0)),$B10)-CONFIG!$B$50*(COUNTIF($F10:$L10,"AB")+COUNTIF($F10:$L10,"FE")+COUNTIF($F10:$L10,"LM"))) | AV10: =SUMPRODUCT(($M10:$S10="M")*6+($M10:$S10="T")*6+($M10:$S10="D")*12+($M10:$S10="N")*12+($M10:$S10="NT")*6+($M10:$S10="C")*10+($M10:$S10="A")*8+($M10:$S10="J")*5+($M10:$S10="CEP")*4+($M10:$S10="CP")*6+($M10:$S10="CRO")*6+($M10:$S10="M+")*6+($M10:$S10="T+")*6+($M10:$S10="D+")*12+($M10:$S10="N+")*12+($M10:$S10="Dm+")*12+($M10:$S10="Dt+")*12+($M10:$S10="Tm-")*6+($M10:$S10="Mt-")*6) | AW10: =AV10-MAX(0,IFERROR(INDEX(CADASTRO!$I$4:$I$80,MATCH($A10,CADASTRO!$A$4:$A$80,0)),$B10)-CONFIG!$B$50*(COUNTIF($M10:$S10,"AB")+COUNTIF($M10:$S10,"FE")+COUNTIF($M10:$S10,"LM"))) | AX10: =SUMPRODUCT(($T10:$Z10="M")*6+($T10:$Z10="T")*6+($T10:$Z10="D")*12+($T10:$Z10="N")*12+($T10:$Z10="NT")*6+($T10:$Z10="C")*10+($T10:$Z10="A")*8+($T10:$Z10="J")*5+($T10:$Z10="CEP")*4+($T10:$Z10="CP")*6+($T10:$Z10="CRO")*6+($T10:$Z10="M+")*6+($T10:$Z10="T+")*6+($T10:$Z10="D+")*12+($T10:$Z10="N+")*12+($T10:$Z10="Dm+")*12+($T10:$Z10="Dt+")*12+($T10:$Z10="Tm-")*6+($T10:$Z10="Mt-")*6) | AY10: =AX10-MAX(0,IFERROR(INDEX(CADASTRO!$I$4:$I$80,MATCH($A10,CADASTRO!$A$4:$A$80,0)),$B10)-CONFIG!$B$50*(COUNTIF($T10:$Z10,"AB")+COUNTIF($T10:$Z10,"FE")+COUNTIF($T10:$Z10,"LM"))) | AZ10: =SUMPRODUCT(($AA10:$AG10="M")*6+($AA10:$AG10="T")*6+($AA10:$AG10="D")*12+($AA10:$AG10="N")*12+($AA10:$AG10="NT")*6+($AA10:$AG10="C")*10+($AA10:$AG10="A")*8+($AA10:$AG10="J")*5+($AA10:$AG10="CEP")*4+($AA10:$AG10="CP")*6+($AA10:$AG10="CRO")*6+($AA10:$AG10="M+")*6+($AA10:$AG10="T+")*6+($AA10:$AG10="D+")*12+($AA10:$AG10="N+")*12+($AA10:$AG10="Dm+")*12+($AA10:$AG10="Dt+")*12+($AA10:$AG10="Tm-")*6+($AA10:$AG10="Mt-")*6) | BA10: =AZ10-MAX(0,IFERROR(INDEX(CADASTRO!$I$4:$I$80,MATCH($A10,CADASTRO!$A$4:$A$80,0)),$B10)-CONFIG!$B$50*(COUNTIF($AA10:$AG10,"AB")+COUNTIF($AA10:$AG10,"FE")+COUNTIF($AA10:$AG10,"LM"))) | BB10: =SUMPRODUCT(($AH10:$AM10="M")*6+($AH10:$AM10="T")*6+($AH10:$AM10="D")*12+($AH10:$AM10="N")*12+($AH10:$AM10="NT")*6+($AH10:$AM10="C")*10+($AH10:$AM10="A")*8+($AH10:$AM10="J")*5+($AH10:$AM10="CEP")*4+($AH10:$AM10="CP")*6+($AH10:$AM10="CRO")*6+($AH10:$AM10="M+")*6+($AH10:$AM10="T+")*6+($AH10:$AM10="D+")*12+($AH10:$AM10="N+")*12+($AH10:$AM10="Dm+")*12+($AH10:$AM10="Dt+")*12+($AH10:$AM10="Tm-")*6+($AH10:$AM10="Mt-")*6)+SUMPRODUCT(($AN10:$AN10="M")*6+($AN10:$AN10="T")*6+($AN10:$AN10="D")*12+($AN10:$AN10="N")*12+($AN10:$AN10="NT")*6+($AN10:$AN10="C")*10+($AN10:$AN10="A")*8+($AN10:$AN10="J")*5+($AN10:$AN10="CEP")*4+($AN10:$AN10="CP")*6+($AN10:$AN10="CRO")*6+($AN10:$AN10="M+")*6+($AN10:$AN10="T+")*6+($AN10:$AN10="D+")*12+($AN10:$AN10="N+")*12+($AN10:$AN10="Dm+")*12+($AN10:$AN10="Dt+")*12+($AN10:$AN10="Tm-")*6+($AN10:$AN10="Mt-")*6) | BC10: =BB10-MAX(0,IFERROR(INDEX(CADASTRO!$I$4:$I$80,MATCH($A10,CADASTRO!$A$4:$A$80,0)),$B10)-CONFIG!$B$50*(COUNTIF($AH10:$AM10,"AB")+COUNTIF($AH10:$AM10,"FE")+COUNTIF($AH10:$AM10,"LM")+COUNTIF($AN10:$AN10,"AB")+COUNTIF($AN10:$AN10,"FE")+COUNTIF($AN10:$AN10,"LM"))) | BF10: =SUMPRODUCT(($I10:$AM10="M")*6+($I10:$AM10="T")*6+($I10:$AM10="D")*12+($I10:$AM10="N")*12+($I10:$AM10="NT")*6+($I10:$AM10="C")*10+($I10:$AM10="A")*8+($I10:$AM10="J")*5+($I10:$AM10="CEP")*4+($I10:$AM10="CP")*6+($I10:$AM10="CRO")*6+($I10:$AM10="M+")*6+($I10:$AM10="T+")*6+($I10:$AM10="D+")*12+($I10:$AM10="N+")*12+($I10:$AM10="Dm+")*12+($I10:$AM10="Dt+")*12+($I10:$AM10="Tm-")*6+($I10:$AM10="Mt-")*6) | BG10: =SUMPRODUCT($I$4:$AM$4,($I10:$AM10="M")*6+($I10:$AM10="T")*6+($I10:$AM10="D")*12+($I10:$AM10="N")*12+($I10:$AM10="NT")*6+($I10:$AM10="C")*10+($I10:$AM10="A")*8+($I10:$AM10="J")*5+($I10:$AM10="CEP")*4+($I10:$AM10="CP")*6+($I10:$AM10="CRO")*6+($I10:$AM10="M+")*6+($I10:$AM10="T+")*6+($I10:$AM10="D+")*12+($I10:$AM10="N+")*12+($I10:$AM10="Dm+")*12+($I10:$AM10="Dt+")*12+($I10:$AM10="Tm-")*6+($I10:$AM10="Mt-")*6) | BH10: =SUMPRODUCT($I$5:$AM$5,(($I10:$AM10="N")+($I10:$AM10="N+"))) | BI10: =SUMPRODUCT($I$6:$AM$6,($I10:$AM10="M")*6+($I10:$AM10="T")*6+($I10:$AM10="D")*12+($I10:$AM10="N")*12+($I10:$AM10="NT")*6+($I10:$AM10="C")*10+($I10:$AM10="A")*8+($I10:$AM10="J")*5+($I10:$AM10="CEP")*4+($I10:$AM10="CP")*6+($I10:$AM10="CRO")*6+($I10:$AM10="M+")*6+($I10:$AM10="T+")*6+($I10:$AM10="D+")*12+($I10:$AM10="N+")*12+($I10:$AM10="Dm+")*12+($I10:$AM10="Dt+")*12+($I10:$AM10="Tm-")*6+($I10:$AM10="Mt-")*6) | BJ10: =ROUND(B10*4.43,0) | BK10: =BF10-BJ10 | BL10: =SUMPRODUCT((($C10:$AL10="N")+($C10:$AL10="N+"))*(($D10:$AM10="M")+($D10:$AM10="D")+($D10:$AM10="C")+($D10:$AM10="CEP")+($D10:$AM10="M+")+($D10:$AM10="D+")+($D10:$AM10="Dm+")+($D10:$AM10="Dt+")+($D10:$AM10="Mt-"))) | BM10: =SUMPRODUCT((($C10:$AL10="N")+($C10:$AL10="N+"))*(($D10:$AM10="T")+($D10:$AM10="T+")+($D10:$AM10="Tm-"))) | BN10: =IFERROR(INDEX(CONFIG!$B$44:$D$46,MATCH($B10,CONFIG!$A$44:$A$46,0),IF(COUNTIF($I10:$AM10,"FE")>=10,1,IF(COUNTIF($I10:$AM10,"FE")>=1,2,3))),"") | BO10: =IF(BN10="","",MAX(0,BG10-BN10*CONFIG!$E$44)) | BP10: =MAX(AT10,AV10,AX10,AZ10,BB10,BD10) | BQ10: 2 · rotina | BR10: 7
A11: MSalomão | B11: 40 | J11: Dm+ | L11: M | M11: M | N11: D | O11: M | P11: M | Q11: M | T11: M | U11: M | V11: M | W11: M | X11: M | Z11: N | AA11: M | AB11: D | AC11: M | AD11: D | AE11: M | AH11: M | AI11: M | AJ11: M | AK11: M | AL11: M | AM11: N | AN11: =IFERROR(INDEX(FEV!I$8:I$73,MATCH($A11,FEV!$A$8:$A$73,0))&"","") | AT11: =SUMPRODUCT(($F11:$L11="M")*6+($F11:$L11="T")*6+($F11:$L11="D")*12+($F11:$L11="N")*12+($F11:$L11="NT")*6+($F11:$L11="C")*10+($F11:$L11="A")*8+($F11:$L11="J")*5+($F11:$L11="CEP")*4+($F11:$L11="CP")*6+($F11:$L11="CRO")*6+($F11:$L11="M+")*6+($F11:$L11="T+")*6+($F11:$L11="D+")*12+($F11:$L11="N+")*12+($F11:$L11="Dm+")*12+($F11:$L11="Dt+")*12+($F11:$L11="Tm-")*6+($F11:$L11="Mt-")*6) | AU11: =AT11-MAX(0,IFERROR(INDEX(CADASTRO!$I$4:$I$80,MATCH($A11,CADASTRO!$A$4:$A$80,0)),$B11)-CONFIG!$B$50*(COUNTIF($F11:$L11,"AB")+COUNTIF($F11:$L11,"FE")+COUNTIF($F11:$L11,"LM"))) | AV11: =SUMPRODUCT(($M11:$S11="M")*6+($M11:$S11="T")*6+($M11:$S11="D")*12+($M11:$S11="N")*12+($M11:$S11="NT")*6+($M11:$S11="C")*10+($M11:$S11="A")*8+($M11:$S11="J")*5+($M11:$S11="CEP")*4+($M11:$S11="CP")*6+($M11:$S11="CRO")*6+($M11:$S11="M+")*6+($M11:$S11="T+")*6+($M11:$S11="D+")*12+($M11:$S11="N+")*12+($M11:$S11="Dm+")*12+($M11:$S11="Dt+")*12+($M11:$S11="Tm-")*6+($M11:$S11="Mt-")*6) | AW11: =AV11-MAX(0,IFERROR(INDEX(CADASTRO!$I$4:$I$80,MATCH($A11,CADASTRO!$A$4:$A$80,0)),$B11)-CONFIG!$B$50*(COUNTIF($M11:$S11,"AB")+COUNTIF($M11:$S11,"FE")+COUNTIF($M11:$S11,"LM"))) | AX11: =SUMPRODUCT(($T11:$Z11="M")*6+($T11:$Z11="T")*6+($T11:$Z11="D")*12+($T11:$Z11="N")*12+($T11:$Z11="NT")*6+($T11:$Z11="C")*10+($T11:$Z11="A")*8+($T11:$Z11="J")*5+($T11:$Z11="CEP")*4+($T11:$Z11="CP")*6+($T11:$Z11="CRO")*6+($T11:$Z11="M+")*6+($T11:$Z11="T+")*6+($T11:$Z11="D+")*12+($T11:$Z11="N+")*12+($T11:$Z11="Dm+")*12+($T11:$Z11="Dt+")*12+($T11:$Z11="Tm-")*6+($T11:$Z11="Mt-")*6) | AY11: =AX11-MAX(0,IFERROR(INDEX(CADASTRO!$I$4:$I$80,MATCH($A11,CADASTRO!$A$4:$A$80,0)),$B11)-CONFIG!$B$50*(COUNTIF($T11:$Z11,"AB")+COUNTIF($T11:$Z11,"FE")+COUNTIF($T11:$Z11,"LM"))) | AZ11: =SUMPRODUCT(($AA11:$AG11="M")*6+($AA11:$AG11="T")*6+($AA11:$AG11="D")*12+($AA11:$AG11="N")*12+($AA11:$AG11="NT")*6+($AA11:$AG11="C")*10+($AA11:$AG11="A")*8+($AA11:$AG11="J")*5+($AA11:$AG11="CEP")*4+($AA11:$AG11="CP")*6+($AA11:$AG11="CRO")*6+($AA11:$AG11="M+")*6+($AA11:$AG11="T+")*6+($AA11:$AG11="D+")*12+($AA11:$AG11="N+")*12+($AA11:$AG11="Dm+")*12+($AA11:$AG11="Dt+")*12+($AA11:$AG11="Tm-")*6+($AA11:$AG11="Mt-")*6) | BA11: =AZ11-MAX(0,IFERROR(INDEX(CADASTRO!$I$4:$I$80,MATCH($A11,CADASTRO!$A$4:$A$80,0)),$B11)-CONFIG!$B$50*(COUNTIF($AA11:$AG11,"AB")+COUNTIF($AA11:$AG11,"FE")+COUNTIF($AA11:$AG11,"LM"))) | BB11: =SUMPRODUCT(($AH11:$AM11="M")*6+($AH11:$AM11="T")*6+($AH11:$AM11="D")*12+($AH11:$AM11="N")*12+($AH11:$AM11="NT")*6+($AH11:$AM11="C")*10+($AH11:$AM11="A")*8+($AH11:$AM11="J")*5+($AH11:$AM11="CEP")*4+($AH11:$AM11="CP")*6+($AH11:$AM11="CRO")*6+($AH11:$AM11="M+")*6+($AH11:$AM11="T+")*6+($AH11:$AM11="D+")*12+($AH11:$AM11="N+")*12+($AH11:$AM11="Dm+")*12+($AH11:$AM11="Dt+")*12+($AH11:$AM11="Tm-")*6+($AH11:$AM11="Mt-")*6)+SUMPRODUCT(($AN11:$AN11="M")*6+($AN11:$AN11="T")*6+($AN11:$AN11="D")*12+($AN11:$AN11="N")*12+($AN11:$AN11="NT")*6+($AN11:$AN11="C")*10+($AN11:$AN11="A")*8+($AN11:$AN11="J")*5+($AN11:$AN11="CEP")*4+($AN11:$AN11="CP")*6+($AN11:$AN11="CRO")*6+($AN11:$AN11="M+")*6+($AN11:$AN11="T+")*6+($AN11:$AN11="D+")*12+($AN11:$AN11="N+")*12+($AN11:$AN11="Dm+")*12+($AN11:$AN11="Dt+")*12+($AN11:$AN11="Tm-")*6+($AN11:$AN11="Mt-")*6) | BC11: =BB11-MAX(0,IFERROR(INDEX(CADASTRO!$I$4:$I$80,MATCH($A11,CADASTRO!$A$4:$A$80,0)),$B11)-CONFIG!$B$50*(COUNTIF($AH11:$AM11,"AB")+COUNTIF($AH11:$AM11,"FE")+COUNTIF($AH11:$AM11,"LM")+COUNTIF($AN11:$AN11,"AB")+COUNTIF($AN11:$AN11,"FE")+COUNTIF($AN11:$AN11,"LM"))) | BF11: =SUMPRODUCT(($I11:$AM11="M")*6+($I11:$AM11="T")*6+($I11:$AM11="D")*12+($I11:$AM11="N")*12+($I11:$AM11="NT")*6+($I11:$AM11="C")*10+($I11:$AM11="A")*8+($I11:$AM11="J")*5+($I11:$AM11="CEP")*4+($I11:$AM11="CP")*6+($I11:$AM11="CRO")*6+($I11:$AM11="M+")*6+($I11:$AM11="T+")*6+($I11:$AM11="D+")*12+($I11:$AM11="N+")*12+($I11:$AM11="Dm+")*12+($I11:$AM11="Dt+")*12+($I11:$AM11="Tm-")*6+($I11:$AM11="Mt-")*6) | BG11: =SUMPRODUCT($I$4:$AM$4,($I11:$AM11="M")*6+($I11:$AM11="T")*6+($I11:$AM11="D")*12+($I11:$AM11="N")*12+($I11:$AM11="NT")*6+($I11:$AM11="C")*10+($I11:$AM11="A")*8+($I11:$AM11="J")*5+($I11:$AM11="CEP")*4+($I11:$AM11="CP")*6+($I11:$AM11="CRO")*6+($I11:$AM11="M+")*6+($I11:$AM11="T+")*6+($I11:$AM11="D+")*12+($I11:$AM11="N+")*12+($I11:$AM11="Dm+")*12+($I11:$AM11="Dt+")*12+($I11:$AM11="Tm-")*6+($I11:$AM11="Mt-")*6) | BH11: =SUMPRODUCT($I$5:$AM$5,(($I11:$AM11="N")+($I11:$AM11="N+"))) | BI11: =SUMPRODUCT($I$6:$AM$6,($I11:$AM11="M")*6+($I11:$AM11="T")*6+($I11:$AM11="D")*12+($I11:$AM11="N")*12+($I11:$AM11="NT")*6+($I11:$AM11="C")*10+($I11:$AM11="A")*8+($I11:$AM11="J")*5+($I11:$AM11="CEP")*4+($I11:$AM11="CP")*6+($I11:$AM11="CRO")*6+($I11:$AM11="M+")*6+($I11:$AM11="T+")*6+($I11:$AM11="D+")*12+($I11:$AM11="N+")*12+($I11:$AM11="Dm+")*12+($I11:$AM11="Dt+")*12+($I11:$AM11="Tm-")*6+($I11:$AM11="Mt-")*6) | BJ11: =ROUND(B11*4.43,0) | BK11: =BF11-BJ11 | BL11: =SUMPRODUCT((($C11:$AL11="N")+($C11:$AL11="N+"))*(($D11:$AM11="M")+($D11:$AM11="D")+($D11:$AM11="C")+($D11:$AM11="CEP")+($D11:$AM11="M+")+($D11:$AM11="D+")+($D11:$AM11="Dm+")+($D11:$AM11="Dt+")+($D11:$AM11="Mt-"))) | BM11: =SUMPRODUCT((($C11:$AL11="N")+($C11:$AL11="N+"))*(($D11:$AM11="T")+($D11:$AM11="T+")+($D11:$AM11="Tm-"))) | BN11: =IFERROR(INDEX(CONFIG!$B$44:$D$46,MATCH($B11,CONFIG!$A$44:$A$46,0),IF(COUNTIF($I11:$AM11,"FE")>=10,1,IF(COUNTIF($I11:$AM11,"FE")>=1,2,3))),"") | BO11: =IF(BN11="","",MAX(0,BG11-BN11*CONFIG!$E$44)) | BP11: =MAX(AT11,AV11,AX11,AZ11,BB11,BD11) | BQ11: 2 · rotina | BR11: 7
A12: DebAlves | B12: 40 | U12: M | V12: M | W12: D | X12: M | Y12: T | AA12: M | AB12: M | AC12: M | AD12: M | AE12: M | AG12: D | AH12: M | AI12: D | AJ12: M | AK12: D | AL12: M | AN12: =IFERROR(INDEX(FEV!I$8:I$73,MATCH($A12,FEV!$A$8:$A$73,0))&"","") | AT12: =SUMPRODUCT(($F12:$L12="M")*6+($F12:$L12="T")*6+($F12:$L12="D")*12+($F12:$L12="N")*12+($F12:$L12="NT")*6+($F12:$L12="C")*10+($F12:$L12="A")*8+($F12:$L12="J")*5+($F12:$L12="CEP")*4+($F12:$L12="CP")*6+($F12:$L12="CRO")*6+($F12:$L12="M+")*6+($F12:$L12="T+")*6+($F12:$L12="D+")*12+($F12:$L12="N+")*12+($F12:$L12="Dm+")*12+($F12:$L12="Dt+")*12+($F12:$L12="Tm-")*6+($F12:$L12="Mt-")*6) | AU12: =AT12-MAX(0,IFERROR(INDEX(CADASTRO!$I$4:$I$80,MATCH($A12,CADASTRO!$A$4:$A$80,0)),$B12)-CONFIG!$B$50*(COUNTIF($F12:$L12,"AB")+COUNTIF($F12:$L12,"FE")+COUNTIF($F12:$L12,"LM"))) | AV12: =SUMPRODUCT(($M12:$S12="M")*6+($M12:$S12="T")*6+($M12:$S12="D")*12+($M12:$S12="N")*12+($M12:$S12="NT")*6+($M12:$S12="C")*10+($M12:$S12="A")*8+($M12:$S12="J")*5+($M12:$S12="CEP")*4+($M12:$S12="CP")*6+($M12:$S12="CRO")*6+($M12:$S12="M+")*6+($M12:$S12="T+")*6+($M12:$S12="D+")*12+($M12:$S12="N+")*12+($M12:$S12="Dm+")*12+($M12:$S12="Dt+")*12+($M12:$S12="Tm-")*6+($M12:$S12="Mt-")*6) | AW12: =AV12-MAX(0,IFERROR(INDEX(CADASTRO!$I$4:$I$80,MATCH($A12,CADASTRO!$A$4:$A$80,0)),$B12)-CONFIG!$B$50*(COUNTIF($M12:$S12,"AB")+COUNTIF($M12:$S12,"FE")+COUNTIF($M12:$S12,"LM"))) | AX12: =SUMPRODUCT(($T12:$Z12="M")*6+($T12:$Z12="T")*6+($T12:$Z12="D")*12+($T12:$Z12="N")*12+($T12:$Z12="NT")*6+($T12:$Z12="C")*10+($T12:$Z12="A")*8+($T12:$Z12="J")*5+($T12:$Z12="CEP")*4+($T12:$Z12="CP")*6+($T12:$Z12="CRO")*6+($T12:$Z12="M+")*6+($T12:$Z12="T+")*6+($T12:$Z12="D+")*12+($T12:$Z12="N+")*12+($T12:$Z12="Dm+")*12+($T12:$Z12="Dt+")*12+($T12:$Z12="Tm-")*6+($T12:$Z12="Mt-")*6) | AY12: =AX12-MAX(0,IFERROR(INDEX(CADASTRO!$I$4:$I$80,MATCH($A12,CADASTRO!$A$4:$A$80,0)),$B12)-CONFIG!$B$50*(COUNTIF($T12:$Z12,"AB")+COUNTIF($T12:$Z12,"FE")+COUNTIF($T12:$Z12,"LM"))) | AZ12: =SUMPRODUCT(($AA12:$AG12="M")*6+($AA12:$AG12="T")*6+($AA12:$AG12="D")*12+($AA12:$AG12="N")*12+($AA12:$AG12="NT")*6+($AA12:$AG12="C")*10+($AA12:$AG12="A")*8+($AA12:$AG12="J")*5+($AA12:$AG12="CEP")*4+($AA12:$AG12="CP")*6+($AA12:$AG12="CRO")*6+($AA12:$AG12="M+")*6+($AA12:$AG12="T+")*6+($AA12:$AG12="D+")*12+($AA12:$AG12="N+")*12+($AA12:$AG12="Dm+")*12+($AA12:$AG12="Dt+")*12+($AA12:$AG12="Tm-")*6+($AA12:$AG12="Mt-")*6) | BA12: =AZ12-MAX(0,IFERROR(INDEX(CADASTRO!$I$4:$I$80,MATCH($A12,CADASTRO!$A$4:$A$80,0)),$B12)-CONFIG!$B$50*(COUNTIF($AA12:$AG12,"AB")+COUNTIF($AA12:$AG12,"FE")+COUNTIF($AA12:$AG12,"LM"))) | BB12: =SUMPRODUCT(($AH12:$AM12="M")*6+($AH12:$AM12="T")*6+($AH12:$AM12="D")*12+($AH12:$AM12="N")*12+($AH12:$AM12="NT")*6+($AH12:$AM12="C")*10+($AH12:$AM12="A")*8+($AH12:$AM12="J")*5+($AH12:$AM12="CEP")*4+($AH12:$AM12="CP")*6+($AH12:$AM12="CRO")*6+($AH12:$AM12="M+")*6+($AH12:$AM12="T+")*6+($AH12:$AM12="D+")*12+($AH12:$AM12="N+")*12+($AH12:$AM12="Dm+")*12+($AH12:$AM12="Dt+")*12+($AH12:$AM12="Tm-")*6+($AH12:$AM12="Mt-")*6)+SUMPRODUCT(($AN12:$AN12="M")*6+($AN12:$AN12="T")*6+($AN12:$AN12="D")*12+($AN12:$AN12="N")*12+($AN12:$AN12="NT")*6+($AN12:$AN12="C")*10+($AN12:$AN12="A")*8+($AN12:$AN12="J")*5+($AN12:$AN12="CEP")*4+($AN12:$AN12="CP")*6+($AN12:$AN12="CRO")*6+($AN12:$AN12="M+")*6+($AN12:$AN12="T+")*6+($AN12:$AN12="D+")*12+($AN12:$AN12="N+")*12+($AN12:$AN12="Dm+")*12+($AN12:$AN12="Dt+")*12+($AN12:$AN12="Tm-")*6+($AN12:$AN12="Mt-")*6) | BC12: =BB12-MAX(0,IFERROR(INDEX(CADASTRO!$I$4:$I$80,MATCH($A12,CADASTRO!$A$4:$A$80,0)),$B12)-CONFIG!$B$50*(COUNTIF($AH12:$AM12,"AB")+COUNTIF($AH12:$AM12,"FE")+COUNTIF($AH12:$AM12,"LM")+COUNTIF($AN12:$AN12,"AB")+COUNTIF($AN12:$AN12,"FE")+COUNTIF($AN12:$AN12,"LM"))) | BF12: =SUMPRODUCT(($I12:$AM12="M")*6+($I12:$AM12="T")*6+($I12:$AM12="D")*12+($I12:$AM12="N")*12+($I12:$AM12="NT")*6+($I12:$AM12="C")*10+($I12:$AM12="A")*8+($I12:$AM12="J")*5+($I12:$AM12="CEP")*4+($I12:$AM12="CP")*6+($I12:$AM12="CRO")*6+($I12:$AM12="M+")*6+($I12:$AM12="T+")*6+($I12:$AM12="D+")*12+($I12:$AM12="N+")*12+($I12:$AM12="Dm+")*12+($I12:$AM12="Dt+")*12+($I12:$AM12="Tm-")*6+($I12:$AM12="Mt-")*6) | BG12: =SUMPRODUCT($I$4:$AM$4,($I12:$AM12="M")*6+($I12:$AM12="T")*6+($I12:$AM12="D")*12+($I12:$AM12="N")*12+($I12:$AM12="NT")*6+($I12:$AM12="C")*10+($I12:$AM12="A")*8+($I12:$AM12="J")*5+($I12:$AM12="CEP")*4+($I12:$AM12="CP")*6+($I12:$AM12="CRO")*6+($I12:$AM12="M+")*6+($I12:$AM12="T+")*6+($I12:$AM12="D+")*12+($I12:$AM12="N+")*12+($I12:$AM12="Dm+")*12+($I12:$AM12="Dt+")*12+($I12:$AM12="Tm-")*6+($I12:$AM12="Mt-")*6) | BH12: =SUMPRODUCT($I$5:$AM$5,(($I12:$AM12="N")+($I12:$AM12="N+"))) | BI12: =SUMPRODUCT($I$6:$AM$6,($I12:$AM12="M")*6+($I12:$AM12="T")*6+($I12:$AM12="D")*12+($I12:$AM12="N")*12+($I12:$AM12="NT")*6+($I12:$AM12="C")*10+($I12:$AM12="A")*8+($I12:$AM12="J")*5+($I12:$AM12="CEP")*4+($I12:$AM12="CP")*6+($I12:$AM12="CRO")*6+($I12:$AM12="M+")*6+($I12:$AM12="T+")*6+($I12:$AM12="D+")*12+($I12:$AM12="N+")*12+($I12:$AM12="Dm+")*12+($I12:$AM12="Dt+")*12+($I12:$AM12="Tm-")*6+($I12:$AM12="Mt-")*6) | BJ12: =ROUND(B12*4.43,0) | BK12: =BF12-BJ12 | BL12: =SUMPRODUCT((($C12:$AL12="N")+($C12:$AL12="N+"))*(($D12:$AM12="M")+($D12:$AM12="D")+($D12:$AM12="C")+($D12:$AM12="CEP")+($D12:$AM12="M+")+($D12:$AM12="D+")+($D12:$AM12="Dm+")+($D12:$AM12="Dt+")+($D12:$AM12="Mt-"))) | BM12: =SUMPRODUCT((($C12:$AL12="N")+($C12:$AL12="N+"))*(($D12:$AM12="T")+($D12:$AM12="T+")+($D12:$AM12="Tm-"))) | BN12: =IFERROR(INDEX(CONFIG!$B$44:$D$46,MATCH($B12,CONFIG!$A$44:$A$46,0),IF(COUNTIF($I12:$AM12,"FE")>=10,1,IF(COUNTIF($I12:$AM12,"FE")>=1,2,3))),"") | BO12: =IF(BN12="","",MAX(0,BG12-BN12*CONFIG!$E$44)) | BP12: =MAX(AT12,AV12,AX12,AZ12,BB12,BD12) | BQ12: 2 · rotina | BR12: 7
A13: Vinicius | B13: 36 | L13: M | M13: M | N13: M | O13: M | P13: M | Q13: M | S13: N | T13: M | U13: M | V13: M | W13: M | X13: M | AA13: M | AB13: M | AC13: M | AD13: M | AE13: M | AF13: N | AH13: M | AI13: M | AJ13: M | AK13: M | AL13: M | AN13: =IFERROR(INDEX(FEV!I$8:I$73,MATCH($A13,FEV!$A$8:$A$73,0))&"","") | AT13: =SUMPRODUCT(($F13:$L13="M")*6+($F13:$L13="T")*6+($F13:$L13="D")*12+($F13:$L13="N")*12+($F13:$L13="NT")*6+($F13:$L13="C")*10+($F13:$L13="A")*8+($F13:$L13="J")*5+($F13:$L13="CEP")*4+($F13:$L13="CP")*6+($F13:$L13="CRO")*6+($F13:$L13="M+")*6+($F13:$L13="T+")*6+($F13:$L13="D+")*12+($F13:$L13="N+")*12+($F13:$L13="Dm+")*12+($F13:$L13="Dt+")*12+($F13:$L13="Tm-")*6+($F13:$L13="Mt-")*6) | AU13: =AT13-MAX(0,IFERROR(INDEX(CADASTRO!$I$4:$I$80,MATCH($A13,CADASTRO!$A$4:$A$80,0)),$B13)-CONFIG!$B$50*(COUNTIF($F13:$L13,"AB")+COUNTIF($F13:$L13,"FE")+COUNTIF($F13:$L13,"LM"))) | AV13: =SUMPRODUCT(($M13:$S13="M")*6+($M13:$S13="T")*6+($M13:$S13="D")*12+($M13:$S13="N")*12+($M13:$S13="NT")*6+($M13:$S13="C")*10+($M13:$S13="A")*8+($M13:$S13="J")*5+($M13:$S13="CEP")*4+($M13:$S13="CP")*6+($M13:$S13="CRO")*6+($M13:$S13="M+")*6+($M13:$S13="T+")*6+($M13:$S13="D+")*12+($M13:$S13="N+")*12+($M13:$S13="Dm+")*12+($M13:$S13="Dt+")*12+($M13:$S13="Tm-")*6+($M13:$S13="Mt-")*6) | AW13: =AV13-MAX(0,IFERROR(INDEX(CADASTRO!$I$4:$I$80,MATCH($A13,CADASTRO!$A$4:$A$80,0)),$B13)-CONFIG!$B$50*(COUNTIF($M13:$S13,"AB")+COUNTIF($M13:$S13,"FE")+COUNTIF($M13:$S13,"LM"))) | AX13: =SUMPRODUCT(($T13:$Z13="M")*6+($T13:$Z13="T")*6+($T13:$Z13="D")*12+($T13:$Z13="N")*12+($T13:$Z13="NT")*6+($T13:$Z13="C")*10+($T13:$Z13="A")*8+($T13:$Z13="J")*5+($T13:$Z13="CEP")*4+($T13:$Z13="CP")*6+($T13:$Z13="CRO")*6+($T13:$Z13="M+")*6+($T13:$Z13="T+")*6+($T13:$Z13="D+")*12+($T13:$Z13="N+")*12+($T13:$Z13="Dm+")*12+($T13:$Z13="Dt+")*12+($T13:$Z13="Tm-")*6+($T13:$Z13="Mt-")*6) | AY13: =AX13-MAX(0,IFERROR(INDEX(CADASTRO!$I$4:$I$80,MATCH($A13,CADASTRO!$A$4:$A$80,0)),$B13)-CONFIG!$B$50*(COUNTIF($T13:$Z13,"AB")+COUNTIF($T13:$Z13,"FE")+COUNTIF($T13:$Z13,"LM"))) | AZ13: =SUMPRODUCT(($AA13:$AG13="M")*6+($AA13:$AG13="T")*6+($AA13:$AG13="D")*12+($AA13:$AG13="N")*12+($AA13:$AG13="NT")*6+($AA13:$AG13="C")*10+($AA13:$AG13="A")*8+($AA13:$AG13="J")*5+($AA13:$AG13="CEP")*4+($AA13:$AG13="CP")*6+($AA13:$AG13="CRO")*6+($AA13:$AG13="M+")*6+($AA13:$AG13="T+")*6+($AA13:$AG13="D+")*12+($AA13:$AG13="N+")*12+($AA13:$AG13="Dm+")*12+($AA13:$AG13="Dt+")*12+($AA13:$AG13="Tm-")*6+($AA13:$AG13="Mt-")*6) | BA13: =AZ13-MAX(0,IFERROR(INDEX(CADASTRO!$I$4:$I$80,MATCH($A13,CADASTRO!$A$4:$A$80,0)),$B13)-CONFIG!$B$50*(COUNTIF($AA13:$AG13,"AB")+COUNTIF($AA13:$AG13,"FE")+COUNTIF($AA13:$AG13,"LM"))) | BB13: =SUMPRODUCT(($AH13:$AM13="M")*6+($AH13:$AM13="T")*6+($AH13:$AM13="D")*12+($AH13:$AM13="N")*12+($AH13:$AM13="NT")*6+($AH13:$AM13="C")*10+($AH13:$AM13="A")*8+($AH13:$AM13="J")*5+($AH13:$AM13="CEP")*4+($AH13:$AM13="CP")*6+($AH13:$AM13="CRO")*6+($AH13:$AM13="M+")*6+($AH13:$AM13="T+")*6+($AH13:$AM13="D+")*12+($AH13:$AM13="N+")*12+($AH13:$AM13="Dm+")*12+($AH13:$AM13="Dt+")*12+($AH13:$AM13="Tm-")*6+($AH13:$AM13="Mt-")*6)+SUMPRODUCT(($AN13:$AN13="M")*6+($AN13:$AN13="T")*6+($AN13:$AN13="D")*12+($AN13:$AN13="N")*12+($AN13:$AN13="NT")*6+($AN13:$AN13="C")*10+($AN13:$AN13="A")*8+($AN13:$AN13="J")*5+($AN13:$AN13="CEP")*4+($AN13:$AN13="CP")*6+($AN13:$AN13="CRO")*6+($AN13:$AN13="M+")*6+($AN13:$AN13="T+")*6+($AN13:$AN13="D+")*12+($AN13:$AN13="N+")*12+($AN13:$AN13="Dm+")*12+($AN13:$AN13="Dt+")*12+($AN13:$AN13="Tm-")*6+($AN13:$AN13="Mt-")*6) | BC13: =BB13-MAX(0,IFERROR(INDEX(CADASTRO!$I$4:$I$80,MATCH($A13,CADASTRO!$A$4:$A$80,0)),$B13)-CONFIG!$B$50*(COUNTIF($AH13:$AM13,"AB")+COUNTIF($AH13:$AM13,"FE")+COUNTIF($AH13:$AM13,"LM")+COUNTIF($AN13:$AN13,"AB")+COUNTIF($AN13:$AN13,"FE")+COUNTIF($AN13:$AN13,"LM"))) | BF13: =SUMPRODUCT(($I13:$AM13="M")*6+($I13:$AM13="T")*6+($I13:$AM13="D")*12+($I13:$AM13="N")*12+($I13:$AM13="NT")*6+($I13:$AM13="C")*10+($I13:$AM13="A")*8+($I13:$AM13="J")*5+($I13:$AM13="CEP")*4+($I13:$AM13="CP")*6+($I13:$AM13="CRO")*6+($I13:$AM13="M+")*6+($I13:$AM13="T+")*6+($I13:$AM13="D+")*12+($I13:$AM13="N+")*12+($I13:$AM13="Dm+")*12+($I13:$AM13="Dt+")*12+($I13:$AM13="Tm-")*6+($I13:$AM13="Mt-")*6) | BG13: =SUMPRODUCT($I$4:$AM$4,($I13:$AM13="M")*6+($I13:$AM13="T")*6+($I13:$AM13="D")*12+($I13:$AM13="N")*12+($I13:$AM13="NT")*6+($I13:$AM13="C")*10+($I13:$AM13="A")*8+($I13:$AM13="J")*5+($I13:$AM13="CEP")*4+($I13:$AM13="CP")*6+($I13:$AM13="CRO")*6+($I13:$AM13="M+")*6+($I13:$AM13="T+")*6+($I13:$AM13="D+")*12+($I13:$AM13="N+")*12+($I13:$AM13="Dm+")*12+($I13:$AM13="Dt+")*12+($I13:$AM13="Tm-")*6+($I13:$AM13="Mt-")*6) | BH13: =SUMPRODUCT($I$5:$AM$5,(($I13:$AM13="N")+($I13:$AM13="N+"))) | BI13: =SUMPRODUCT($I$6:$AM$6,($I13:$AM13="M")*6+($I13:$AM13="T")*6+($I13:$AM13="D")*12+($I13:$AM13="N")*12+($I13:$AM13="NT")*6+($I13:$AM13="C")*10+($I13:$AM13="A")*8+($I13:$AM13="J")*5+($I13:$AM13="CEP")*4+($I13:$AM13="CP")*6+($I13:$AM13="CRO")*6+($I13:$AM13="M+")*6+($I13:$AM13="T+")*6+($I13:$AM13="D+")*12+($I13:$AM13="N+")*12+($I13:$AM13="Dm+")*12+($I13:$AM13="Dt+")*12+($I13:$AM13="Tm-")*6+($I13:$AM13="Mt-")*6) | BJ13: =ROUND(B13*4.43,0) | BK13: =BF13-BJ13 | BL13: =SUMPRODUCT((($C13:$AL13="N")+($C13:$AL13="N+"))*(($D13:$AM13="M")+($D13:$AM13="D")+($D13:$AM13="C")+($D13:$AM13="CEP")+($D13:$AM13="M+")+($D13:$AM13="D+")+($D13:$AM13="Dm+")+($D13:$AM13="Dt+")+($D13:$AM13="Mt-"))) | BM13: =SUMPRODUCT((($C13:$AL13="N")+($C13:$AL13="N+"))*(($D13:$AM13="T")+($D13:$AM13="T+")+($D13:$AM13="Tm-"))) | BN13: =IFERROR(INDEX(CONFIG!$B$44:$D$46,MATCH($B13,CONFIG!$A$44:$A$46,0),IF(COUNTIF($I13:$AM13,"FE")>=10,1,IF(COUNTIF($I13:$AM13,"FE")>=1,2,3))),"") | BO13: =IF(BN13="","",MAX(0,BG13-BN13*CONFIG!$E$44)) | BP13: =MAX(AT13,AV13,AX13,AZ13,BB13,BD13) | BQ13: 2 · rotina | BR13: 7
A14: Amelio | B14: 36 | J14: D | M14: T | O14: T | P14: D | R14: N | T14: T | V14: T | W14: N | X14: T | AA14: T | AD14: D | AE14: T | AF14: N | AG14: T | AK14: D | AL14: N | AM14: T | AN14: =IFERROR(INDEX(FEV!I$8:I$73,MATCH($A14,FEV!$A$8:$A$73,0))&"","") | AT14: =SUMPRODUCT(($F14:$L14="M")*6+($F14:$L14="T")*6+($F14:$L14="D")*12+($F14:$L14="N")*12+($F14:$L14="NT")*6+($F14:$L14="C")*10+($F14:$L14="A")*8+($F14:$L14="J")*5+($F14:$L14="CEP")*4+($F14:$L14="CP")*6+($F14:$L14="CRO")*6+($F14:$L14="M+")*6+($F14:$L14="T+")*6+($F14:$L14="D+")*12+($F14:$L14="N+")*12+($F14:$L14="Dm+")*12+($F14:$L14="Dt+")*12+($F14:$L14="Tm-")*6+($F14:$L14="Mt-")*6) | AU14: =AT14-MAX(0,IFERROR(INDEX(CADASTRO!$I$4:$I$80,MATCH($A14,CADASTRO!$A$4:$A$80,0)),$B14)-CONFIG!$B$50*(COUNTIF($F14:$L14,"AB")+COUNTIF($F14:$L14,"FE")+COUNTIF($F14:$L14,"LM"))) | AV14: =SUMPRODUCT(($M14:$S14="M")*6+($M14:$S14="T")*6+($M14:$S14="D")*12+($M14:$S14="N")*12+($M14:$S14="NT")*6+($M14:$S14="C")*10+($M14:$S14="A")*8+($M14:$S14="J")*5+($M14:$S14="CEP")*4+($M14:$S14="CP")*6+($M14:$S14="CRO")*6+($M14:$S14="M+")*6+($M14:$S14="T+")*6+($M14:$S14="D+")*12+($M14:$S14="N+")*12+($M14:$S14="Dm+")*12+($M14:$S14="Dt+")*12+($M14:$S14="Tm-")*6+($M14:$S14="Mt-")*6) | AW14: =AV14-MAX(0,IFERROR(INDEX(CADASTRO!$I$4:$I$80,MATCH($A14,CADASTRO!$A$4:$A$80,0)),$B14)-CONFIG!$B$50*(COUNTIF($M14:$S14,"AB")+COUNTIF($M14:$S14,"FE")+COUNTIF($M14:$S14,"LM"))) | AX14: =SUMPRODUCT(($T14:$Z14="M")*6+($T14:$Z14="T")*6+($T14:$Z14="D")*12+($T14:$Z14="N")*12+($T14:$Z14="NT")*6+($T14:$Z14="C")*10+($T14:$Z14="A")*8+($T14:$Z14="J")*5+($T14:$Z14="CEP")*4+($T14:$Z14="CP")*6+($T14:$Z14="CRO")*6+($T14:$Z14="M+")*6+($T14:$Z14="T+")*6+($T14:$Z14="D+")*12+($T14:$Z14="N+")*12+($T14:$Z14="Dm+")*12+($T14:$Z14="Dt+")*12+($T14:$Z14="Tm-")*6+($T14:$Z14="Mt-")*6) | AY14: =AX14-MAX(0,IFERROR(INDEX(CADASTRO!$I$4:$I$80,MATCH($A14,CADASTRO!$A$4:$A$80,0)),$B14)-CONFIG!$B$50*(COUNTIF($T14:$Z14,"AB")+COUNTIF($T14:$Z14,"FE")+COUNTIF($T14:$Z14,"LM"))) | AZ14: =SUMPRODUCT(($AA14:$AG14="M")*6+($AA14:$AG14="T")*6+($AA14:$AG14="D")*12+($AA14:$AG14="N")*12+($AA14:$AG14="NT")*6+($AA14:$AG14="C")*10+($AA14:$AG14="A")*8+($AA14:$AG14="J")*5+($AA14:$AG14="CEP")*4+($AA14:$AG14="CP")*6+($AA14:$AG14="CRO")*6+($AA14:$AG14="M+")*6+($AA14:$AG14="T+")*6+($AA14:$AG14="D+")*12+($AA14:$AG14="N+")*12+($AA14:$AG14="Dm+")*12+($AA14:$AG14="Dt+")*12+($AA14:$AG14="Tm-")*6+($AA14:$AG14="Mt-")*6) | BA14: =AZ14-MAX(0,IFERROR(INDEX(CADASTRO!$I$4:$I$80,MATCH($A14,CADASTRO!$A$4:$A$80,0)),$B14)-CONFIG!$B$50*(COUNTIF($AA14:$AG14,"AB")+COUNTIF($AA14:$AG14,"FE")+COUNTIF($AA14:$AG14,"LM"))) | BB14: =SUMPRODUCT(($AH14:$AM14="M")*6+($AH14:$AM14="T")*6+($AH14:$AM14="D")*12+($AH14:$AM14="N")*12+($AH14:$AM14="NT")*6+($AH14:$AM14="C")*10+($AH14:$AM14="A")*8+($AH14:$AM14="J")*5+($AH14:$AM14="CEP")*4+($AH14:$AM14="CP")*6+($AH14:$AM14="CRO")*6+($AH14:$AM14="M+")*6+($AH14:$AM14="T+")*6+($AH14:$AM14="D+")*12+($AH14:$AM14="N+")*12+($AH14:$AM14="Dm+")*12+($AH14:$AM14="Dt+")*12+($AH14:$AM14="Tm-")*6+($AH14:$AM14="Mt-")*6)+SUMPRODUCT(($AN14:$AN14="M")*6+($AN14:$AN14="T")*6+($AN14:$AN14="D")*12+($AN14:$AN14="N")*12+($AN14:$AN14="NT")*6+($AN14:$AN14="C")*10+($AN14:$AN14="A")*8+($AN14:$AN14="J")*5+($AN14:$AN14="CEP")*4+($AN14:$AN14="CP")*6+($AN14:$AN14="CRO")*6+($AN14:$AN14="M+")*6+($AN14:$AN14="T+")*6+($AN14:$AN14="D+")*12+($AN14:$AN14="N+")*12+($AN14:$AN14="Dm+")*12+($AN14:$AN14="Dt+")*12+($AN14:$AN14="Tm-")*6+($AN14:$AN14="Mt-")*6) | BC14: =BB14-MAX(0,IFERROR(INDEX(CADASTRO!$I$4:$I$80,MATCH($A14,CADASTRO!$A$4:$A$80,0)),$B14)-CONFIG!$B$50*(COUNTIF($AH14:$AM14,"AB")+COUNTIF($AH14:$AM14,"FE")+COUNTIF($AH14:$AM14,"LM")+COUNTIF($AN14:$AN14,"AB")+COUNTIF($AN14:$AN14,"FE")+COUNTIF($AN14:$AN14,"LM"))) | BF14: =SUMPRODUCT(($I14:$AM14="M")*6+($I14:$AM14="T")*6+($I14:$AM14="D")*12+($I14:$AM14="N")*12+($I14:$AM14="NT")*6+($I14:$AM14="C")*10+($I14:$AM14="A")*8+($I14:$AM14="J")*5+($I14:$AM14="CEP")*4+($I14:$AM14="CP")*6+($I14:$AM14="CRO")*6+($I14:$AM14="M+")*6+($I14:$AM14="T+")*6+($I14:$AM14="D+")*12+($I14:$AM14="N+")*12+($I14:$AM14="Dm+")*12+($I14:$AM14="Dt+")*12+($I14:$AM14="Tm-")*6+($I14:$AM14="Mt-")*6) | BG14: =SUMPRODUCT($I$4:$AM$4,($I14:$AM14="M")*6+($I14:$AM14="T")*6+($I14:$AM14="D")*12+($I14:$AM14="N")*12+($I14:$AM14="NT")*6+($I14:$AM14="C")*10+($I14:$AM14="A")*8+($I14:$AM14="J")*5+($I14:$AM14="CEP")*4+($I14:$AM14="CP")*6+($I14:$AM14="CRO")*6+($I14:$AM14="M+")*6+($I14:$AM14="T+")*6+($I14:$AM14="D+")*12+($I14:$AM14="N+")*12+($I14:$AM14="Dm+")*12+($I14:$AM14="Dt+")*12+($I14:$AM14="Tm-")*6+($I14:$AM14="Mt-")*6) | BH14: =SUMPRODUCT($I$5:$AM$5,(($I14:$AM14="N")+($I14:$AM14="N+"))) | BI14: =SUMPRODUCT($I$6:$AM$6,($I14:$AM14="M")*6+($I14:$AM14="T")*6+($I14:$AM14="D")*12+($I14:$AM14="N")*12+($I14:$AM14="NT")*6+($I14:$AM14="C")*10+($I14:$AM14="A")*8+($I14:$AM14="J")*5+($I14:$AM14="CEP")*4+($I14:$AM14="CP")*6+($I14:$AM14="CRO")*6+($I14:$AM14="M+")*6+($I14:$AM14="T+")*6+($I14:$AM14="D+")*12+($I14:$AM14="N+")*12+($I14:$AM14="Dm+")*12+($I14:$AM14="Dt+")*12+($I14:$AM14="Tm-")*6+($I14:$AM14="Mt-")*6) | BJ14: =ROUND(B14*4.43,0) | BK14: =BF14-BJ14 | BL14: =SUMPRODUCT((($C14:$AL14="N")+($C14:$AL14="N+"))*(($D14:$AM14="M")+($D14:$AM14="D")+($D14:$AM14="C")+($D14:$AM14="CEP")+($D14:$AM14="M+")+($D14:$AM14="D+")+($D14:$AM14="Dm+")+($D14:$AM14="Dt+")+($D14:$AM14="Mt-"))) | BM14: =SUMPRODUCT((($C14:$AL14="N")+($C14:$AL14="N+"))*(($D14:$AM14="T")+($D14:$AM14="T+")+($D14:$AM14="Tm-"))) | BN14: =IFERROR(INDEX(CONFIG!$B$44:$D$46,MATCH($B14,CONFIG!$A$44:$A$46,0),IF(COUNTIF($I14:$AM14,"FE")>=10,1,IF(COUNTIF($I14:$AM14,"FE")>=1,2,3))),"") | BO14: =IF(BN14="","",MAX(0,BG14-BN14*CONFIG!$E$44)) | BP14: =MAX(AT14,AV14,AX14,AZ14,BB14,BD14) | BQ14: 2 · rotina | BR14: 7
A15: Murilo | B15: 36 | J15: Mt- | M15: M | N15: M | O15: M | P15: M | Q15: M | R15: N | T15: M | U15: M | V15: M | W15: M | X15: M | Y15: NT | AA15: M | AB15: M | AC15: M | AD15: M | AE15: M | AF15: N | AH15: M | AI15: M | AJ15: M | AK15: D | AL15: M | AN15: =IFERROR(INDEX(FEV!I$8:I$73,MATCH($A15,FEV!$A$8:$A$73,0))&"","") | AT15: =SUMPRODUCT(($F15:$L15="M")*6+($F15:$L15="T")*6+($F15:$L15="D")*12+($F15:$L15="N")*12+($F15:$L15="NT")*6+($F15:$L15="C")*10+($F15:$L15="A")*8+($F15:$L15="J")*5+($F15:$L15="CEP")*4+($F15:$L15="CP")*6+($F15:$L15="CRO")*6+($F15:$L15="M+")*6+($F15:$L15="T+")*6+($F15:$L15="D+")*12+($F15:$L15="N+")*12+($F15:$L15="Dm+")*12+($F15:$L15="Dt+")*12+($F15:$L15="Tm-")*6+($F15:$L15="Mt-")*6) | AU15: =AT15-MAX(0,IFERROR(INDEX(CADASTRO!$I$4:$I$80,MATCH($A15,CADASTRO!$A$4:$A$80,0)),$B15)-CONFIG!$B$50*(COUNTIF($F15:$L15,"AB")+COUNTIF($F15:$L15,"FE")+COUNTIF($F15:$L15,"LM"))) | AV15: =SUMPRODUCT(($M15:$S15="M")*6+($M15:$S15="T")*6+($M15:$S15="D")*12+($M15:$S15="N")*12+($M15:$S15="NT")*6+($M15:$S15="C")*10+($M15:$S15="A")*8+($M15:$S15="J")*5+($M15:$S15="CEP")*4+($M15:$S15="CP")*6+($M15:$S15="CRO")*6+($M15:$S15="M+")*6+($M15:$S15="T+")*6+($M15:$S15="D+")*12+($M15:$S15="N+")*12+($M15:$S15="Dm+")*12+($M15:$S15="Dt+")*12+($M15:$S15="Tm-")*6+($M15:$S15="Mt-")*6) | AW15: =AV15-MAX(0,IFERROR(INDEX(CADASTRO!$I$4:$I$80,MATCH($A15,CADASTRO!$A$4:$A$80,0)),$B15)-CONFIG!$B$50*(COUNTIF($M15:$S15,"AB")+COUNTIF($M15:$S15,"FE")+COUNTIF($M15:$S15,"LM"))) | AX15: =SUMPRODUCT(($T15:$Z15="M")*6+($T15:$Z15="T")*6+($T15:$Z15="D")*12+($T15:$Z15="N")*12+($T15:$Z15="NT")*6+($T15:$Z15="C")*10+($T15:$Z15="A")*8+($T15:$Z15="J")*5+($T15:$Z15="CEP")*4+($T15:$Z15="CP")*6+($T15:$Z15="CRO")*6+($T15:$Z15="M+")*6+($T15:$Z15="T+")*6+($T15:$Z15="D+")*12+($T15:$Z15="N+")*12+($T15:$Z15="Dm+")*12+($T15:$Z15="Dt+")*12+($T15:$Z15="Tm-")*6+($T15:$Z15="Mt-")*6) | AY15: =AX15-MAX(0,IFERROR(INDEX(CADASTRO!$I$4:$I$80,MATCH($A15,CADASTRO!$A$4:$A$80,0)),$B15)-CONFIG!$B$50*(COUNTIF($T15:$Z15,"AB")+COUNTIF($T15:$Z15,"FE")+COUNTIF($T15:$Z15,"LM"))) | AZ15: =SUMPRODUCT(($AA15:$AG15="M")*6+($AA15:$AG15="T")*6+($AA15:$AG15="D")*12+($AA15:$AG15="N")*12+($AA15:$AG15="NT")*6+($AA15:$AG15="C")*10+($AA15:$AG15="A")*8+($AA15:$AG15="J")*5+($AA15:$AG15="CEP")*4+($AA15:$AG15="CP")*6+($AA15:$AG15="CRO")*6+($AA15:$AG15="M+")*6+($AA15:$AG15="T+")*6+($AA15:$AG15="D+")*12+($AA15:$AG15="N+")*12+($AA15:$AG15="Dm+")*12+($AA15:$AG15="Dt+")*12+($AA15:$AG15="Tm-")*6+($AA15:$AG15="Mt-")*6) | BA15: =AZ15-MAX(0,IFERROR(INDEX(CADASTRO!$I$4:$I$80,MATCH($A15,CADASTRO!$A$4:$A$80,0)),$B15)-CONFIG!$B$50*(COUNTIF($AA15:$AG15,"AB")+COUNTIF($AA15:$AG15,"FE")+COUNTIF($AA15:$AG15,"LM"))) | BB15: =SUMPRODUCT(($AH15:$AM15="M")*6+($AH15:$AM15="T")*6+($AH15:$AM15="D")*12+($AH15:$AM15="N")*12+($AH15:$AM15="NT")*6+($AH15:$AM15="C")*10+($AH15:$AM15="A")*8+($AH15:$AM15="J")*5+($AH15:$AM15="CEP")*4+($AH15:$AM15="CP")*6+($AH15:$AM15="CRO")*6+($AH15:$AM15="M+")*6+($AH15:$AM15="T+")*6+($AH15:$AM15="D+")*12+($AH15:$AM15="N+")*12+($AH15:$AM15="Dm+")*12+($AH15:$AM15="Dt+")*12+($AH15:$AM15="Tm-")*6+($AH15:$AM15="Mt-")*6)+SUMPRODUCT(($AN15:$AN15="M")*6+($AN15:$AN15="T")*6+($AN15:$AN15="D")*12+($AN15:$AN15="N")*12+($AN15:$AN15="NT")*6+($AN15:$AN15="C")*10+($AN15:$AN15="A")*8+($AN15:$AN15="J")*5+($AN15:$AN15="CEP")*4+($AN15:$AN15="CP")*6+($AN15:$AN15="CRO")*6+($AN15:$AN15="M+")*6+($AN15:$AN15="T+")*6+($AN15:$AN15="D+")*12+($AN15:$AN15="N+")*12+($AN15:$AN15="Dm+")*12+($AN15:$AN15="Dt+")*12+($AN15:$AN15="Tm-")*6+($AN15:$AN15="Mt-")*6) | BC15: =BB15-MAX(0,IFERROR(INDEX(CADASTRO!$I$4:$I$80,MATCH($A15,CADASTRO!$A$4:$A$80,0)),$B15)-CONFIG!$B$50*(COUNTIF($AH15:$AM15,"AB")+COUNTIF($AH15:$AM15,"FE")+COUNTIF($AH15:$AM15,"LM")+COUNTIF($AN15:$AN15,"AB")+COUNTIF($AN15:$AN15,"FE")+COUNTIF($AN15:$AN15,"LM"))) | BF15: =SUMPRODUCT(($I15:$AM15="M")*6+($I15:$AM15="T")*6+($I15:$AM15="D")*12+($I15:$AM15="N")*12+($I15:$AM15="NT")*6+($I15:$AM15="C")*10+($I15:$AM15="A")*8+($I15:$AM15="J")*5+($I15:$AM15="CEP")*4+($I15:$AM15="CP")*6+($I15:$AM15="CRO")*6+($I15:$AM15="M+")*6+($I15:$AM15="T+")*6+($I15:$AM15="D+")*12+($I15:$AM15="N+")*12+($I15:$AM15="Dm+")*12+($I15:$AM15="Dt+")*12+($I15:$AM15="Tm-")*6+($I15:$AM15="Mt-")*6) | BG15: =SUMPRODUCT($I$4:$AM$4,($I15:$AM15="M")*6+($I15:$AM15="T")*6+($I15:$AM15="D")*12+($I15:$AM15="N")*12+($I15:$AM15="NT")*6+($I15:$AM15="C")*10+($I15:$AM15="A")*8+($I15:$AM15="J")*5+($I15:$AM15="CEP")*4+($I15:$AM15="CP")*6+($I15:$AM15="CRO")*6+($I15:$AM15="M+")*6+($I15:$AM15="T+")*6+($I15:$AM15="D+")*12+($I15:$AM15="N+")*12+($I15:$AM15="Dm+")*12+($I15:$AM15="Dt+")*12+($I15:$AM15="Tm-")*6+($I15:$AM15="Mt-")*6) | BH15: =SUMPRODUCT($I$5:$AM$5,(($I15:$AM15="N")+($I15:$AM15="N+"))) | BI15: =SUMPRODUCT($I$6:$AM$6,($I15:$AM15="M")*6+($I15:$AM15="T")*6+($I15:$AM15="D")*12+($I15:$AM15="N")*12+($I15:$AM15="NT")*6+($I15:$AM15="C")*10+($I15:$AM15="A")*8+($I15:$AM15="J")*5+($I15:$AM15="CEP")*4+($I15:$AM15="CP")*6+($I15:$AM15="CRO")*6+($I15:$AM15="M+")*6+($I15:$AM15="T+")*6+($I15:$AM15="D+")*12+($I15:$AM15="N+")*12+($I15:$AM15="Dm+")*12+($I15:$AM15="Dt+")*12+($I15:$AM15="Tm-")*6+($I15:$AM15="Mt-")*6) | BJ15: =ROUND(B15*4.43,0) | BK15: =BF15-BJ15 | BL15: =SUMPRODUCT((($C15:$AL15="N")+($C15:$AL15="N+"))*(($D15:$AM15="M")+($D15:$AM15="D")+($D15:$AM15="C")+($D15:$AM15="CEP")+($D15:$AM15="M+")+($D15:$AM15="D+")+($D15:$AM15="Dm+")+($D15:$AM15="Dt+")+($D15:$AM15="Mt-"))) | BM15: =SUMPRODUCT((($C15:$AL15="N")+($C15:$AL15="N+"))*(($D15:$AM15="T")+($D15:$AM15="T+")+($D15:$AM15="Tm-"))) | BN15: =IFERROR(INDEX(CONFIG!$B$44:$D$46,MATCH($B15,CONFIG!$A$44:$A$46,0),IF(COUNTIF($I15:$AM15,"FE")>=10,1,IF(COUNTIF($I15:$AM15,"FE")>=1,2,3))),"") | BO15: =IF(BN15="","",MAX(0,BG15-BN15*CONFIG!$E$44)) | BP15: =MAX(AT15,AV15,AX15,AZ15,BB15,BD15) | BQ15: 2 · rotina | BR15: 7
A16: Janaina | B16: 30 | AN16: =IFERROR(INDEX(FEV!I$8:I$73,MATCH($A16,FEV!$A$8:$A$73,0))&"","") | AT16: =SUMPRODUCT(($F16:$L16="M")*6+($F16:$L16="T")*6+($F16:$L16="D")*12+($F16:$L16="N")*12+($F16:$L16="NT")*6+($F16:$L16="C")*10+($F16:$L16="A")*8+($F16:$L16="J")*5+($F16:$L16="CEP")*4+($F16:$L16="CP")*6+($F16:$L16="CRO")*6+($F16:$L16="M+")*6+($F16:$L16="T+")*6+($F16:$L16="D+")*12+($F16:$L16="N+")*12+($F16:$L16="Dm+")*12+($F16:$L16="Dt+")*12+($F16:$L16="Tm-")*6+($F16:$L16="Mt-")*6) | AU16: =AT16-MAX(0,IFERROR(INDEX(CADASTRO!$I$4:$I$80,MATCH($A16,CADASTRO!$A$4:$A$80,0)),$B16)-CONFIG!$B$50*(COUNTIF($F16:$L16,"AB")+COUNTIF($F16:$L16,"FE")+COUNTIF($F16:$L16,"LM"))) | AV16: =SUMPRODUCT(($M16:$S16="M")*6+($M16:$S16="T")*6+($M16:$S16="D")*12+($M16:$S16="N")*12+($M16:$S16="NT")*6+($M16:$S16="C")*10+($M16:$S16="A")*8+($M16:$S16="J")*5+($M16:$S16="CEP")*4+($M16:$S16="CP")*6+($M16:$S16="CRO")*6+($M16:$S16="M+")*6+($M16:$S16="T+")*6+($M16:$S16="D+")*12+($M16:$S16="N+")*12+($M16:$S16="Dm+")*12+($M16:$S16="Dt+")*12+($M16:$S16="Tm-")*6+($M16:$S16="Mt-")*6) | AW16: =AV16-MAX(0,IFERROR(INDEX(CADASTRO!$I$4:$I$80,MATCH($A16,CADASTRO!$A$4:$A$80,0)),$B16)-CONFIG!$B$50*(COUNTIF($M16:$S16,"AB")+COUNTIF($M16:$S16,"FE")+COUNTIF($M16:$S16,"LM"))) | AX16: =SUMPRODUCT(($T16:$Z16="M")*6+($T16:$Z16="T")*6+($T16:$Z16="D")*12+($T16:$Z16="N")*12+($T16:$Z16="NT")*6+($T16:$Z16="C")*10+($T16:$Z16="A")*8+($T16:$Z16="J")*5+($T16:$Z16="CEP")*4+($T16:$Z16="CP")*6+($T16:$Z16="CRO")*6+($T16:$Z16="M+")*6+($T16:$Z16="T+")*6+($T16:$Z16="D+")*12+($T16:$Z16="N+")*12+($T16:$Z16="Dm+")*12+($T16:$Z16="Dt+")*12+($T16:$Z16="Tm-")*6+($T16:$Z16="Mt-")*6) | AY16: =AX16-MAX(0,IFERROR(INDEX(CADASTRO!$I$4:$I$80,MATCH($A16,CADASTRO!$A$4:$A$80,0)),$B16)-CONFIG!$B$50*(COUNTIF($T16:$Z16,"AB")+COUNTIF($T16:$Z16,"FE")+COUNTIF($T16:$Z16,"LM"))) | AZ16: =SUMPRODUCT(($AA16:$AG16="M")*6+($AA16:$AG16="T")*6+($AA16:$AG16="D")*12+($AA16:$AG16="N")*12+($AA16:$AG16="NT")*6+($AA16:$AG16="C")*10+($AA16:$AG16="A")*8+($AA16:$AG16="J")*5+($AA16:$AG16="CEP")*4+($AA16:$AG16="CP")*6+($AA16:$AG16="CRO")*6+($AA16:$AG16="M+")*6+($AA16:$AG16="T+")*6+($AA16:$AG16="D+")*12+($AA16:$AG16="N+")*12+($AA16:$AG16="Dm+")*12+($AA16:$AG16="Dt+")*12+($AA16:$AG16="Tm-")*6+($AA16:$AG16="Mt-")*6) | BA16: =AZ16-MAX(0,IFERROR(INDEX(CADASTRO!$I$4:$I$80,MATCH($A16,CADASTRO!$A$4:$A$80,0)),$B16)-CONFIG!$B$50*(COUNTIF($AA16:$AG16,"AB")+COUNTIF($AA16:$AG16,"FE")+COUNTIF($AA16:$AG16,"LM"))) | BB16: =SUMPRODUCT(($AH16:$AM16="M")*6+($AH16:$AM16="T")*6+($AH16:$AM16="D")*12+($AH16:$AM16="N")*12+($AH16:$AM16="NT")*6+($AH16:$AM16="C")*10+($AH16:$AM16="A")*8+($AH16:$AM16="J")*5+($AH16:$AM16="CEP")*4+($AH16:$AM16="CP")*6+($AH16:$AM16="CRO")*6+($AH16:$AM16="M+")*6+($AH16:$AM16="T+")*6+($AH16:$AM16="D+")*12+($AH16:$AM16="N+")*12+($AH16:$AM16="Dm+")*12+($AH16:$AM16="Dt+")*12+($AH16:$AM16="Tm-")*6+($AH16:$AM16="Mt-")*6)+SUMPRODUCT(($AN16:$AN16="M")*6+($AN16:$AN16="T")*6+($AN16:$AN16="D")*12+($AN16:$AN16="N")*12+($AN16:$AN16="NT")*6+($AN16:$AN16="C")*10+($AN16:$AN16="A")*8+($AN16:$AN16="J")*5+($AN16:$AN16="CEP")*4+($AN16:$AN16="CP")*6+($AN16:$AN16="CRO")*6+($AN16:$AN16="M+")*6+($AN16:$AN16="T+")*6+($AN16:$AN16="D+")*12+($AN16:$AN16="N+")*12+($AN16:$AN16="Dm+")*12+($AN16:$AN16="Dt+")*12+($AN16:$AN16="Tm-")*6+($AN16:$AN16="Mt-")*6) | BC16: =BB16-MAX(0,IFERROR(INDEX(CADASTRO!$I$4:$I$80,MATCH($A16,CADASTRO!$A$4:$A$80,0)),$B16)-CONFIG!$B$50*(COUNTIF($AH16:$AM16,"AB")+COUNTIF($AH16:$AM16,"FE")+COUNTIF($AH16:$AM16,"LM")+COUNTIF($AN16:$AN16,"AB")+COUNTIF($AN16:$AN16,"FE")+COUNTIF($AN16:$AN16,"LM"))) | BF16: =SUMPRODUCT(($I16:$AM16="M")*6+($I16:$AM16="T")*6+($I16:$AM16="D")*12+($I16:$AM16="N")*12+($I16:$AM16="NT")*6+($I16:$AM16="C")*10+($I16:$AM16="A")*8+($I16:$AM16="J")*5+($I16:$AM16="CEP")*4+($I16:$AM16="CP")*6+($I16:$AM16="CRO")*6+($I16:$AM16="M+")*6+($I16:$AM16="T+")*6+($I16:$AM16="D+")*12+($I16:$AM16="N+")*12+($I16:$AM16="Dm+")*12+($I16:$AM16="Dt+")*12+($I16:$AM16="Tm-")*6+($I16:$AM16="Mt-")*6) | BG16: =SUMPRODUCT($I$4:$AM$4,($I16:$AM16="M")*6+($I16:$AM16="T")*6+($I16:$AM16="D")*12+($I16:$AM16="N")*12+($I16:$AM16="NT")*6+($I16:$AM16="C")*10+($I16:$AM16="A")*8+($I16:$AM16="J")*5+($I16:$AM16="CEP")*4+($I16:$AM16="CP")*6+($I16:$AM16="CRO")*6+($I16:$AM16="M+")*6+($I16:$AM16="T+")*6+($I16:$AM16="D+")*12+($I16:$AM16="N+")*12+($I16:$AM16="Dm+")*12+($I16:$AM16="Dt+")*12+($I16:$AM16="Tm-")*6+($I16:$AM16="Mt-")*6) | BH16: =SUMPRODUCT($I$5:$AM$5,(($I16:$AM16="N")+($I16:$AM16="N+"))) | BI16: =SUMPRODUCT($I$6:$AM$6,($I16:$AM16="M")*6+($I16:$AM16="T")*6+($I16:$AM16="D")*12+($I16:$AM16="N")*12+($I16:$AM16="NT")*6+($I16:$AM16="C")*10+($I16:$AM16="A")*8+($I16:$AM16="J")*5+($I16:$AM16="CEP")*4+($I16:$AM16="CP")*6+($I16:$AM16="CRO")*6+($I16:$AM16="M+")*6+($I16:$AM16="T+")*6+($I16:$AM16="D+")*12+($I16:$AM16="N+")*12+($I16:$AM16="Dm+")*12+($I16:$AM16="Dt+")*12+($I16:$AM16="Tm-")*6+($I16:$AM16="Mt-")*6) | BJ16: =ROUND(B16*4.43,0) | BK16: =BF16-BJ16 | BL16: =SUMPRODUCT((($C16:$AL16="N")+($C16:$AL16="N+"))*(($D16:$AM16="M")+($D16:$AM16="D")+($D16:$AM16="C")+($D16:$AM16="CEP")+($D16:$AM16="M+")+($D16:$AM16="D+")+($D16:$AM16="Dm+")+($D16:$AM16="Dt+")+($D16:$AM16="Mt-"))) | BM16: =SUMPRODUCT((($C16:$AL16="N")+($C16:$AL16="N+"))*(($D16:$AM16="T")+($D16:$AM16="T+")+($D16:$AM16="Tm-"))) | BN16: =IFERROR(INDEX(CONFIG!$B$44:$D$46,MATCH($B16,CONFIG!$A$44:$A$46,0),IF(COUNTIF($I16:$AM16,"FE")>=10,1,IF(COUNTIF($I16:$AM16,"FE")>=1,2,3))),"") | BO16: =IF(BN16="","",MAX(0,BG16-BN16*CONFIG!$E$44)) | BP16: =MAX(AT16,AV16,AX16,AZ16,BB16,BD16) | BQ16: 3 · staff | BR16: 7
A17: Aline | B17: 40 | J17: CEP | K17: T | M17: T | N17: CEP | O17: T | P17: T | Q17: N | T17: N | U17: CEP | V17: T | W17: N | AA17: T | AB17: N | AC17: CEP | AF17: M | AG17: N | AH17: CEP | AI17: N | AJ17: T | AK17: N | AN17: =IFERROR(INDEX(FEV!I$8:I$73,MATCH($A17,FEV!$A$8:$A$73,0))&"","") | AT17: =SUMPRODUCT(($F17:$L17="M")*6+($F17:$L17="T")*6+($F17:$L17="D")*12+($F17:$L17="N")*12+($F17:$L17="NT")*6+($F17:$L17="C")*10+($F17:$L17="A")*8+($F17:$L17="J")*5+($F17:$L17="CEP")*4+($F17:$L17="CP")*6+($F17:$L17="CRO")*6+($F17:$L17="M+")*6+($F17:$L17="T+")*6+($F17:$L17="D+")*12+($F17:$L17="N+")*12+($F17:$L17="Dm+")*12+($F17:$L17="Dt+")*12+($F17:$L17="Tm-")*6+($F17:$L17="Mt-")*6) | AU17: =AT17-MAX(0,IFERROR(INDEX(CADASTRO!$I$4:$I$80,MATCH($A17,CADASTRO!$A$4:$A$80,0)),$B17)-CONFIG!$B$50*(COUNTIF($F17:$L17,"AB")+COUNTIF($F17:$L17,"FE")+COUNTIF($F17:$L17,"LM"))) | AV17: =SUMPRODUCT(($M17:$S17="M")*6+($M17:$S17="T")*6+($M17:$S17="D")*12+($M17:$S17="N")*12+($M17:$S17="NT")*6+($M17:$S17="C")*10+($M17:$S17="A")*8+($M17:$S17="J")*5+($M17:$S17="CEP")*4+($M17:$S17="CP")*6+($M17:$S17="CRO")*6+($M17:$S17="M+")*6+($M17:$S17="T+")*6+($M17:$S17="D+")*12+($M17:$S17="N+")*12+($M17:$S17="Dm+")*12+($M17:$S17="Dt+")*12+($M17:$S17="Tm-")*6+($M17:$S17="Mt-")*6) | AW17: =AV17-MAX(0,IFERROR(INDEX(CADASTRO!$I$4:$I$80,MATCH($A17,CADASTRO!$A$4:$A$80,0)),$B17)-CONFIG!$B$50*(COUNTIF($M17:$S17,"AB")+COUNTIF($M17:$S17,"FE")+COUNTIF($M17:$S17,"LM"))) | AX17: =SUMPRODUCT(($T17:$Z17="M")*6+($T17:$Z17="T")*6+($T17:$Z17="D")*12+($T17:$Z17="N")*12+($T17:$Z17="NT")*6+($T17:$Z17="C")*10+($T17:$Z17="A")*8+($T17:$Z17="J")*5+($T17:$Z17="CEP")*4+($T17:$Z17="CP")*6+($T17:$Z17="CRO")*6+($T17:$Z17="M+")*6+($T17:$Z17="T+")*6+($T17:$Z17="D+")*12+($T17:$Z17="N+")*12+($T17:$Z17="Dm+")*12+($T17:$Z17="Dt+")*12+($T17:$Z17="Tm-")*6+($T17:$Z17="Mt-")*6) | AY17: =AX17-MAX(0,IFERROR(INDEX(CADASTRO!$I$4:$I$80,MATCH($A17,CADASTRO!$A$4:$A$80,0)),$B17)-CONFIG!$B$50*(COUNTIF($T17:$Z17,"AB")+COUNTIF($T17:$Z17,"FE")+COUNTIF($T17:$Z17,"LM"))) | AZ17: =SUMPRODUCT(($AA17:$AG17="M")*6+($AA17:$AG17="T")*6+($AA17:$AG17="D")*12+($AA17:$AG17="N")*12+($AA17:$AG17="NT")*6+($AA17:$AG17="C")*10+($AA17:$AG17="A")*8+($AA17:$AG17="J")*5+($AA17:$AG17="CEP")*4+($AA17:$AG17="CP")*6+($AA17:$AG17="CRO")*6+($AA17:$AG17="M+")*6+($AA17:$AG17="T+")*6+($AA17:$AG17="D+")*12+($AA17:$AG17="N+")*12+($AA17:$AG17="Dm+")*12+($AA17:$AG17="Dt+")*12+($AA17:$AG17="Tm-")*6+($AA17:$AG17="Mt-")*6) | BA17: =AZ17-MAX(0,IFERROR(INDEX(CADASTRO!$I$4:$I$80,MATCH($A17,CADASTRO!$A$4:$A$80,0)),$B17)-CONFIG!$B$50*(COUNTIF($AA17:$AG17,"AB")+COUNTIF($AA17:$AG17,"FE")+COUNTIF($AA17:$AG17,"LM"))) | BB17: =SUMPRODUCT(($AH17:$AM17="M")*6+($AH17:$AM17="T")*6+($AH17:$AM17="D")*12+($AH17:$AM17="N")*12+($AH17:$AM17="NT")*6+($AH17:$AM17="C")*10+($AH17:$AM17="A")*8+($AH17:$AM17="J")*5+($AH17:$AM17="CEP")*4+($AH17:$AM17="CP")*6+($AH17:$AM17="CRO")*6+($AH17:$AM17="M+")*6+($AH17:$AM17="T+")*6+($AH17:$AM17="D+")*12+($AH17:$AM17="N+")*12+($AH17:$AM17="Dm+")*12+($AH17:$AM17="Dt+")*12+($AH17:$AM17="Tm-")*6+($AH17:$AM17="Mt-")*6)+SUMPRODUCT(($AN17:$AN17="M")*6+($AN17:$AN17="T")*6+($AN17:$AN17="D")*12+($AN17:$AN17="N")*12+($AN17:$AN17="NT")*6+($AN17:$AN17="C")*10+($AN17:$AN17="A")*8+($AN17:$AN17="J")*5+($AN17:$AN17="CEP")*4+($AN17:$AN17="CP")*6+($AN17:$AN17="CRO")*6+($AN17:$AN17="M+")*6+($AN17:$AN17="T+")*6+($AN17:$AN17="D+")*12+($AN17:$AN17="N+")*12+($AN17:$AN17="Dm+")*12+($AN17:$AN17="Dt+")*12+($AN17:$AN17="Tm-")*6+($AN17:$AN17="Mt-")*6) | BC17: =BB17-MAX(0,IFERROR(INDEX(CADASTRO!$I$4:$I$80,MATCH($A17,CADASTRO!$A$4:$A$80,0)),$B17)-CONFIG!$B$50*(COUNTIF($AH17:$AM17,"AB")+COUNTIF($AH17:$AM17,"FE")+COUNTIF($AH17:$AM17,"LM")+COUNTIF($AN17:$AN17,"AB")+COUNTIF($AN17:$AN17,"FE")+COUNTIF($AN17:$AN17,"LM"))) | BF17: =SUMPRODUCT(($I17:$AM17="M")*6+($I17:$AM17="T")*6+($I17:$AM17="D")*12+($I17:$AM17="N")*12+($I17:$AM17="NT")*6+($I17:$AM17="C")*10+($I17:$AM17="A")*8+($I17:$AM17="J")*5+($I17:$AM17="CEP")*4+($I17:$AM17="CP")*6+($I17:$AM17="CRO")*6+($I17:$AM17="M+")*6+($I17:$AM17="T+")*6+($I17:$AM17="D+")*12+($I17:$AM17="N+")*12+($I17:$AM17="Dm+")*12+($I17:$AM17="Dt+")*12+($I17:$AM17="Tm-")*6+($I17:$AM17="Mt-")*6) | BG17: =SUMPRODUCT($I$4:$AM$4,($I17:$AM17="M")*6+($I17:$AM17="T")*6+($I17:$AM17="D")*12+($I17:$AM17="N")*12+($I17:$AM17="NT")*6+($I17:$AM17="C")*10+($I17:$AM17="A")*8+($I17:$AM17="J")*5+($I17:$AM17="CEP")*4+($I17:$AM17="CP")*6+($I17:$AM17="CRO")*6+($I17:$AM17="M+")*6+($I17:$AM17="T+")*6+($I17:$AM17="D+")*12+($I17:$AM17="N+")*12+($I17:$AM17="Dm+")*12+($I17:$AM17="Dt+")*12+($I17:$AM17="Tm-")*6+($I17:$AM17="Mt-")*6) | BH17: =SUMPRODUCT($I$5:$AM$5,(($I17:$AM17="N")+($I17:$AM17="N+"))) | BI17: =SUMPRODUCT($I$6:$AM$6,($I17:$AM17="M")*6+($I17:$AM17="T")*6+($I17:$AM17="D")*12+($I17:$AM17="N")*12+($I17:$AM17="NT")*6+($I17:$AM17="C")*10+($I17:$AM17="A")*8+($I17:$AM17="J")*5+($I17:$AM17="CEP")*4+($I17:$AM17="CP")*6+($I17:$AM17="CRO")*6+($I17:$AM17="M+")*6+($I17:$AM17="T+")*6+($I17:$AM17="D+")*12+($I17:$AM17="N+")*12+($I17:$AM17="Dm+")*12+($I17:$AM17="Dt+")*12+($I17:$AM17="Tm-")*6+($I17:$AM17="Mt-")*6) | BJ17: =ROUND(B17*4.43,0) | BK17: =BF17-BJ17 | BL17: =SUMPRODUCT((($C17:$AL17="N")+($C17:$AL17="N+"))*(($D17:$AM17="M")+($D17:$AM17="D")+($D17:$AM17="C")+($D17:$AM17="CEP")+($D17:$AM17="M+")+($D17:$AM17="D+")+($D17:$AM17="Dm+")+($D17:$AM17="Dt+")+($D17:$AM17="Mt-"))) | BM17: =SUMPRODUCT((($C17:$AL17="N")+($C17:$AL17="N+"))*(($D17:$AM17="T")+($D17:$AM17="T+")+($D17:$AM17="Tm-"))) | BN17: =IFERROR(INDEX(CONFIG!$B$44:$D$46,MATCH($B17,CONFIG!$A$44:$A$46,0),IF(COUNTIF($I17:$AM17,"FE")>=10,1,IF(COUNTIF($I17:$AM17,"FE")>=1,2,3))),"") | BO17: =IF(BN17="","",MAX(0,BG17-BN17*CONFIG!$E$44)) | BP17: =MAX(AT17,AV17,AX17,AZ17,BB17,BD17) | BQ17: 3 · staff | BR17: 7
A18: CaAbreu | B18: 36 | J18: N | L18: D | M18: D | O18: D | Q18: N | T18: D | V18: D | Y18: D | AN18: =IFERROR(INDEX(FEV!I$8:I$73,MATCH($A18,FEV!$A$8:$A$73,0))&"","") | AT18: =SUMPRODUCT(($F18:$L18="M")*6+($F18:$L18="T")*6+($F18:$L18="D")*12+($F18:$L18="N")*12+($F18:$L18="NT")*6+($F18:$L18="C")*10+($F18:$L18="A")*8+($F18:$L18="J")*5+($F18:$L18="CEP")*4+($F18:$L18="CP")*6+($F18:$L18="CRO")*6+($F18:$L18="M+")*6+($F18:$L18="T+")*6+($F18:$L18="D+")*12+($F18:$L18="N+")*12+($F18:$L18="Dm+")*12+($F18:$L18="Dt+")*12+($F18:$L18="Tm-")*6+($F18:$L18="Mt-")*6) | AU18: =AT18-MAX(0,IFERROR(INDEX(CADASTRO!$I$4:$I$80,MATCH($A18,CADASTRO!$A$4:$A$80,0)),$B18)-CONFIG!$B$50*(COUNTIF($F18:$L18,"AB")+COUNTIF($F18:$L18,"FE")+COUNTIF($F18:$L18,"LM"))) | AV18: =SUMPRODUCT(($M18:$S18="M")*6+($M18:$S18="T")*6+($M18:$S18="D")*12+($M18:$S18="N")*12+($M18:$S18="NT")*6+($M18:$S18="C")*10+($M18:$S18="A")*8+($M18:$S18="J")*5+($M18:$S18="CEP")*4+($M18:$S18="CP")*6+($M18:$S18="CRO")*6+($M18:$S18="M+")*6+($M18:$S18="T+")*6+($M18:$S18="D+")*12+($M18:$S18="N+")*12+($M18:$S18="Dm+")*12+($M18:$S18="Dt+")*12+($M18:$S18="Tm-")*6+($M18:$S18="Mt-")*6) | AW18: =AV18-MAX(0,IFERROR(INDEX(CADASTRO!$I$4:$I$80,MATCH($A18,CADASTRO!$A$4:$A$80,0)),$B18)-CONFIG!$B$50*(COUNTIF($M18:$S18,"AB")+COUNTIF($M18:$S18,"FE")+COUNTIF($M18:$S18,"LM"))) | AX18: =SUMPRODUCT(($T18:$Z18="M")*6+($T18:$Z18="T")*6+($T18:$Z18="D")*12+($T18:$Z18="N")*12+($T18:$Z18="NT")*6+($T18:$Z18="C")*10+($T18:$Z18="A")*8+($T18:$Z18="J")*5+($T18:$Z18="CEP")*4+($T18:$Z18="CP")*6+($T18:$Z18="CRO")*6+($T18:$Z18="M+")*6+($T18:$Z18="T+")*6+($T18:$Z18="D+")*12+($T18:$Z18="N+")*12+($T18:$Z18="Dm+")*12+($T18:$Z18="Dt+")*12+($T18:$Z18="Tm-")*6+($T18:$Z18="Mt-")*6) | AY18: =AX18-MAX(0,IFERROR(INDEX(CADASTRO!$I$4:$I$80,MATCH($A18,CADASTRO!$A$4:$A$80,0)),$B18)-CONFIG!$B$50*(COUNTIF($T18:$Z18,"AB")+COUNTIF($T18:$Z18,"FE")+COUNTIF($T18:$Z18,"LM"))) | AZ18: =SUMPRODUCT(($AA18:$AG18="M")*6+($AA18:$AG18="T")*6+($AA18:$AG18="D")*12+($AA18:$AG18="N")*12+($AA18:$AG18="NT")*6+($AA18:$AG18="C")*10+($AA18:$AG18="A")*8+($AA18:$AG18="J")*5+($AA18:$AG18="CEP")*4+($AA18:$AG18="CP")*6+($AA18:$AG18="CRO")*6+($AA18:$AG18="M+")*6+($AA18:$AG18="T+")*6+($AA18:$AG18="D+")*12+($AA18:$AG18="N+")*12+($AA18:$AG18="Dm+")*12+($AA18:$AG18="Dt+")*12+($AA18:$AG18="Tm-")*6+($AA18:$AG18="Mt-")*6) | BA18: =AZ18-MAX(0,IFERROR(INDEX(CADASTRO!$I$4:$I$80,MATCH($A18,CADASTRO!$A$4:$A$80,0)),$B18)-CONFIG!$B$50*(COUNTIF($AA18:$AG18,"AB")+COUNTIF($AA18:$AG18,"FE")+COUNTIF($AA18:$AG18,"LM"))) | BB18: =SUMPRODUCT(($AH18:$AM18="M")*6+($AH18:$AM18="T")*6+($AH18:$AM18="D")*12+($AH18:$AM18="N")*12+($AH18:$AM18="NT")*6+($AH18:$AM18="C")*10+($AH18:$AM18="A")*8+($AH18:$AM18="J")*5+($AH18:$AM18="CEP")*4+($AH18:$AM18="CP")*6+($AH18:$AM18="CRO")*6+($AH18:$AM18="M+")*6+($AH18:$AM18="T+")*6+($AH18:$AM18="D+")*12+($AH18:$AM18="N+")*12+($AH18:$AM18="Dm+")*12+($AH18:$AM18="Dt+")*12+($AH18:$AM18="Tm-")*6+($AH18:$AM18="Mt-")*6)+SUMPRODUCT(($AN18:$AN18="M")*6+($AN18:$AN18="T")*6+($AN18:$AN18="D")*12+($AN18:$AN18="N")*12+($AN18:$AN18="NT")*6+($AN18:$AN18="C")*10+($AN18:$AN18="A")*8+($AN18:$AN18="J")*5+($AN18:$AN18="CEP")*4+($AN18:$AN18="CP")*6+($AN18:$AN18="CRO")*6+($AN18:$AN18="M+")*6+($AN18:$AN18="T+")*6+($AN18:$AN18="D+")*12+($AN18:$AN18="N+")*12+($AN18:$AN18="Dm+")*12+($AN18:$AN18="Dt+")*12+($AN18:$AN18="Tm-")*6+($AN18:$AN18="Mt-")*6) | BC18: =BB18-MAX(0,IFERROR(INDEX(CADASTRO!$I$4:$I$80,MATCH($A18,CADASTRO!$A$4:$A$80,0)),$B18)-CONFIG!$B$50*(COUNTIF($AH18:$AM18,"AB")+COUNTIF($AH18:$AM18,"FE")+COUNTIF($AH18:$AM18,"LM")+COUNTIF($AN18:$AN18,"AB")+COUNTIF($AN18:$AN18,"FE")+COUNTIF($AN18:$AN18,"LM"))) | BF18: =SUMPRODUCT(($I18:$AM18="M")*6+($I18:$AM18="T")*6+($I18:$AM18="D")*12+($I18:$AM18="N")*12+($I18:$AM18="NT")*6+($I18:$AM18="C")*10+($I18:$AM18="A")*8+($I18:$AM18="J")*5+($I18:$AM18="CEP")*4+($I18:$AM18="CP")*6+($I18:$AM18="CRO")*6+($I18:$AM18="M+")*6+($I18:$AM18="T+")*6+($I18:$AM18="D+")*12+($I18:$AM18="N+")*12+($I18:$AM18="Dm+")*12+($I18:$AM18="Dt+")*12+($I18:$AM18="Tm-")*6+($I18:$AM18="Mt-")*6) | BG18: =SUMPRODUCT($I$4:$AM$4,($I18:$AM18="M")*6+($I18:$AM18="T")*6+($I18:$AM18="D")*12+($I18:$AM18="N")*12+($I18:$AM18="NT")*6+($I18:$AM18="C")*10+($I18:$AM18="A")*8+($I18:$AM18="J")*5+($I18:$AM18="CEP")*4+($I18:$AM18="CP")*6+($I18:$AM18="CRO")*6+($I18:$AM18="M+")*6+($I18:$AM18="T+")*6+($I18:$AM18="D+")*12+($I18:$AM18="N+")*12+($I18:$AM18="Dm+")*12+($I18:$AM18="Dt+")*12+($I18:$AM18="Tm-")*6+($I18:$AM18="Mt-")*6) | BH18: =SUMPRODUCT($I$5:$AM$5,(($I18:$AM18="N")+($I18:$AM18="N+"))) | BI18: =SUMPRODUCT($I$6:$AM$6,($I18:$AM18="M")*6+($I18:$AM18="T")*6+($I18:$AM18="D")*12+($I18:$AM18="N")*12+($I18:$AM18="NT")*6+($I18:$AM18="C")*10+($I18:$AM18="A")*8+($I18:$AM18="J")*5+($I18:$AM18="CEP")*4+($I18:$AM18="CP")*6+($I18:$AM18="CRO")*6+($I18:$AM18="M+")*6+($I18:$AM18="T+")*6+($I18:$AM18="D+")*12+($I18:$AM18="N+")*12+($I18:$AM18="Dm+")*12+($I18:$AM18="Dt+")*12+($I18:$AM18="Tm-")*6+($I18:$AM18="Mt-")*6) | BJ18: =ROUND(B18*4.43,0) | BK18: =BF18-BJ18 | BL18: =SUMPRODUCT((($C18:$AL18="N")+($C18:$AL18="N+"))*(($D18:$AM18="M")+($D18:$AM18="D")+($D18:$AM18="C")+($D18:$AM18="CEP")+($D18:$AM18="M+")+($D18:$AM18="D+")+($D18:$AM18="Dm+")+($D18:$AM18="Dt+")+($D18:$AM18="Mt-"))) | BM18: =SUMPRODUCT((($C18:$AL18="N")+($C18:$AL18="N+"))*(($D18:$AM18="T")+($D18:$AM18="T+")+($D18:$AM18="Tm-"))) | BN18: =IFERROR(INDEX(CONFIG!$B$44:$D$46,MATCH($B18,CONFIG!$A$44:$A$46,0),IF(COUNTIF($I18:$AM18,"FE")>=10,1,IF(COUNTIF($I18:$AM18,"FE")>=1,2,3))),"") | BO18: =IF(BN18="","",MAX(0,BG18-BN18*CONFIG!$E$44)) | BP18: =MAX(AT18,AV18,AX18,AZ18,BB18,BD18) | BQ18: 3 · staff | BR18: 7
A19: Danielle | B19: 36 | M19: T | O19: NT | P19: N | S19: N | T19: N | V19: N | Y19: N | AC19: N | AE19: N | AG19: N | AJ19: N | AK19: N | AN19: =IFERROR(INDEX(FEV!I$8:I$73,MATCH($A19,FEV!$A$8:$A$73,0))&"","") | AT19: =SUMPRODUCT(($F19:$L19="M")*6+($F19:$L19="T")*6+($F19:$L19="D")*12+($F19:$L19="N")*12+($F19:$L19="NT")*6+($F19:$L19="C")*10+($F19:$L19="A")*8+($F19:$L19="J")*5+($F19:$L19="CEP")*4+($F19:$L19="CP")*6+($F19:$L19="CRO")*6+($F19:$L19="M+")*6+($F19:$L19="T+")*6+($F19:$L19="D+")*12+($F19:$L19="N+")*12+($F19:$L19="Dm+")*12+($F19:$L19="Dt+")*12+($F19:$L19="Tm-")*6+($F19:$L19="Mt-")*6) | AU19: =AT19-MAX(0,IFERROR(INDEX(CADASTRO!$I$4:$I$80,MATCH($A19,CADASTRO!$A$4:$A$80,0)),$B19)-CONFIG!$B$50*(COUNTIF($F19:$L19,"AB")+COUNTIF($F19:$L19,"FE")+COUNTIF($F19:$L19,"LM"))) | AV19: =SUMPRODUCT(($M19:$S19="M")*6+($M19:$S19="T")*6+($M19:$S19="D")*12+($M19:$S19="N")*12+($M19:$S19="NT")*6+($M19:$S19="C")*10+($M19:$S19="A")*8+($M19:$S19="J")*5+($M19:$S19="CEP")*4+($M19:$S19="CP")*6+($M19:$S19="CRO")*6+($M19:$S19="M+")*6+($M19:$S19="T+")*6+($M19:$S19="D+")*12+($M19:$S19="N+")*12+($M19:$S19="Dm+")*12+($M19:$S19="Dt+")*12+($M19:$S19="Tm-")*6+($M19:$S19="Mt-")*6) | AW19: =AV19-MAX(0,IFERROR(INDEX(CADASTRO!$I$4:$I$80,MATCH($A19,CADASTRO!$A$4:$A$80,0)),$B19)-CONFIG!$B$50*(COUNTIF($M19:$S19,"AB")+COUNTIF($M19:$S19,"FE")+COUNTIF($M19:$S19,"LM"))) | AX19: =SUMPRODUCT(($T19:$Z19="M")*6+($T19:$Z19="T")*6+($T19:$Z19="D")*12+($T19:$Z19="N")*12+($T19:$Z19="NT")*6+($T19:$Z19="C")*10+($T19:$Z19="A")*8+($T19:$Z19="J")*5+($T19:$Z19="CEP")*4+($T19:$Z19="CP")*6+($T19:$Z19="CRO")*6+($T19:$Z19="M+")*6+($T19:$Z19="T+")*6+($T19:$Z19="D+")*12+($T19:$Z19="N+")*12+($T19:$Z19="Dm+")*12+($T19:$Z19="Dt+")*12+($T19:$Z19="Tm-")*6+($T19:$Z19="Mt-")*6) | AY19: =AX19-MAX(0,IFERROR(INDEX(CADASTRO!$I$4:$I$80,MATCH($A19,CADASTRO!$A$4:$A$80,0)),$B19)-CONFIG!$B$50*(COUNTIF($T19:$Z19,"AB")+COUNTIF($T19:$Z19,"FE")+COUNTIF($T19:$Z19,"LM"))) | AZ19: =SUMPRODUCT(($AA19:$AG19="M")*6+($AA19:$AG19="T")*6+($AA19:$AG19="D")*12+($AA19:$AG19="N")*12+($AA19:$AG19="NT")*6+($AA19:$AG19="C")*10+($AA19:$AG19="A")*8+($AA19:$AG19="J")*5+($AA19:$AG19="CEP")*4+($AA19:$AG19="CP")*6+($AA19:$AG19="CRO")*6+($AA19:$AG19="M+")*6+($AA19:$AG19="T+")*6+($AA19:$AG19="D+")*12+($AA19:$AG19="N+")*12+($AA19:$AG19="Dm+")*12+($AA19:$AG19="Dt+")*12+($AA19:$AG19="Tm-")*6+($AA19:$AG19="Mt-")*6) | BA19: =AZ19-MAX(0,IFERROR(INDEX(CADASTRO!$I$4:$I$80,MATCH($A19,CADASTRO!$A$4:$A$80,0)),$B19)-CONFIG!$B$50*(COUNTIF($AA19:$AG19,"AB")+COUNTIF($AA19:$AG19,"FE")+COUNTIF($AA19:$AG19,"LM"))) | BB19: =SUMPRODUCT(($AH19:$AM19="M")*6+($AH19:$AM19="T")*6+($AH19:$AM19="D")*12+($AH19:$AM19="N")*12+($AH19:$AM19="NT")*6+($AH19:$AM19="C")*10+($AH19:$AM19="A")*8+($AH19:$AM19="J")*5+($AH19:$AM19="CEP")*4+($AH19:$AM19="CP")*6+($AH19:$AM19="CRO")*6+($AH19:$AM19="M+")*6+($AH19:$AM19="T+")*6+($AH19:$AM19="D+")*12+($AH19:$AM19="N+")*12+($AH19:$AM19="Dm+")*12+($AH19:$AM19="Dt+")*12+($AH19:$AM19="Tm-")*6+($AH19:$AM19="Mt-")*6)+SUMPRODUCT(($AN19:$AN19="M")*6+($AN19:$AN19="T")*6+($AN19:$AN19="D")*12+($AN19:$AN19="N")*12+($AN19:$AN19="NT")*6+($AN19:$AN19="C")*10+($AN19:$AN19="A")*8+($AN19:$AN19="J")*5+($AN19:$AN19="CEP")*4+($AN19:$AN19="CP")*6+($AN19:$AN19="CRO")*6+($AN19:$AN19="M+")*6+($AN19:$AN19="T+")*6+($AN19:$AN19="D+")*12+($AN19:$AN19="N+")*12+($AN19:$AN19="Dm+")*12+($AN19:$AN19="Dt+")*12+($AN19:$AN19="Tm-")*6+($AN19:$AN19="Mt-")*6) | BC19: =BB19-MAX(0,IFERROR(INDEX(CADASTRO!$I$4:$I$80,MATCH($A19,CADASTRO!$A$4:$A$80,0)),$B19)-CONFIG!$B$50*(COUNTIF($AH19:$AM19,"AB")+COUNTIF($AH19:$AM19,"FE")+COUNTIF($AH19:$AM19,"LM")+COUNTIF($AN19:$AN19,"AB")+COUNTIF($AN19:$AN19,"FE")+COUNTIF($AN19:$AN19,"LM"))) | BF19: =SUMPRODUCT(($I19:$AM19="M")*6+($I19:$AM19="T")*6+($I19:$AM19="D")*12+($I19:$AM19="N")*12+($I19:$AM19="NT")*6+($I19:$AM19="C")*10+($I19:$AM19="A")*8+($I19:$AM19="J")*5+($I19:$AM19="CEP")*4+($I19:$AM19="CP")*6+($I19:$AM19="CRO")*6+($I19:$AM19="M+")*6+($I19:$AM19="T+")*6+($I19:$AM19="D+")*12+($I19:$AM19="N+")*12+($I19:$AM19="Dm+")*12+($I19:$AM19="Dt+")*12+($I19:$AM19="Tm-")*6+($I19:$AM19="Mt-")*6) | BG19: =SUMPRODUCT($I$4:$AM$4,($I19:$AM19="M")*6+($I19:$AM19="T")*6+($I19:$AM19="D")*12+($I19:$AM19="N")*12+($I19:$AM19="NT")*6+($I19:$AM19="C")*10+($I19:$AM19="A")*8+($I19:$AM19="J")*5+($I19:$AM19="CEP")*4+($I19:$AM19="CP")*6+($I19:$AM19="CRO")*6+($I19:$AM19="M+")*6+($I19:$AM19="T+")*6+($I19:$AM19="D+")*12+($I19:$AM19="N+")*12+($I19:$AM19="Dm+")*12+($I19:$AM19="Dt+")*12+($I19:$AM19="Tm-")*6+($I19:$AM19="Mt-")*6) | BH19: =SUMPRODUCT($I$5:$AM$5,(($I19:$AM19="N")+($I19:$AM19="N+"))) | BI19: =SUMPRODUCT($I$6:$AM$6,($I19:$AM19="M")*6+($I19:$AM19="T")*6+($I19:$AM19="D")*12+($I19:$AM19="N")*12+($I19:$AM19="NT")*6+($I19:$AM19="C")*10+($I19:$AM19="A")*8+($I19:$AM19="J")*5+($I19:$AM19="CEP")*4+($I19:$AM19="CP")*6+($I19:$AM19="CRO")*6+($I19:$AM19="M+")*6+($I19:$AM19="T+")*6+($I19:$AM19="D+")*12+($I19:$AM19="N+")*12+($I19:$AM19="Dm+")*12+($I19:$AM19="Dt+")*12+($I19:$AM19="Tm-")*6+($I19:$AM19="Mt-")*6) | BJ19: =ROUND(B19*4.43,0) | BK19: =BF19-BJ19 | BL19: =SUMPRODUCT((($C19:$AL19="N")+($C19:$AL19="N+"))*(($D19:$AM19="M")+($D19:$AM19="D")+($D19:$AM19="C")+($D19:$AM19="CEP")+($D19:$AM19="M+")+($D19:$AM19="D+")+($D19:$AM19="Dm+")+($D19:$AM19="Dt+")+($D19:$AM19="Mt-"))) | BM19: =SUMPRODUCT((($C19:$AL19="N")+($C19:$AL19="N+"))*(($D19:$AM19="T")+($D19:$AM19="T+")+($D19:$AM19="Tm-"))) | BN19: =IFERROR(INDEX(CONFIG!$B$44:$D$46,MATCH($B19,CONFIG!$A$44:$A$46,0),IF(COUNTIF($I19:$AM19,"FE")>=10,1,IF(COUNTIF($I19:$AM19,"FE")>=1,2,3))),"") | BO19: =IF(BN19="","",MAX(0,BG19-BN19*CONFIG!$E$44)) | BP19: =MAX(AT19,AV19,AX19,AZ19,BB19,BD19) | BQ19: 3 · staff | BR19: 7
A20: Fabiula | B20: 36 | J20: N | O20: N | P20: N | R20: N | V20: N | W20: N | Z20: N | AC20: N | AD20: N | AE20: N | AJ20: N | AM20: N | AN20: =IFERROR(INDEX(FEV!I$8:I$73,MATCH($A20,FEV!$A$8:$A$73,0))&"","") | AT20: =SUMPRODUCT(($F20:$L20="M")*6+($F20:$L20="T")*6+($F20:$L20="D")*12+($F20:$L20="N")*12+($F20:$L20="NT")*6+($F20:$L20="C")*10+($F20:$L20="A")*8+($F20:$L20="J")*5+($F20:$L20="CEP")*4+($F20:$L20="CP")*6+($F20:$L20="CRO")*6+($F20:$L20="M+")*6+($F20:$L20="T+")*6+($F20:$L20="D+")*12+($F20:$L20="N+")*12+($F20:$L20="Dm+")*12+($F20:$L20="Dt+")*12+($F20:$L20="Tm-")*6+($F20:$L20="Mt-")*6) | AU20: =AT20-MAX(0,IFERROR(INDEX(CADASTRO!$I$4:$I$80,MATCH($A20,CADASTRO!$A$4:$A$80,0)),$B20)-CONFIG!$B$50*(COUNTIF($F20:$L20,"AB")+COUNTIF($F20:$L20,"FE")+COUNTIF($F20:$L20,"LM"))) | AV20: =SUMPRODUCT(($M20:$S20="M")*6+($M20:$S20="T")*6+($M20:$S20="D")*12+($M20:$S20="N")*12+($M20:$S20="NT")*6+($M20:$S20="C")*10+($M20:$S20="A")*8+($M20:$S20="J")*5+($M20:$S20="CEP")*4+($M20:$S20="CP")*6+($M20:$S20="CRO")*6+($M20:$S20="M+")*6+($M20:$S20="T+")*6+($M20:$S20="D+")*12+($M20:$S20="N+")*12+($M20:$S20="Dm+")*12+($M20:$S20="Dt+")*12+($M20:$S20="Tm-")*6+($M20:$S20="Mt-")*6) | AW20: =AV20-MAX(0,IFERROR(INDEX(CADASTRO!$I$4:$I$80,MATCH($A20,CADASTRO!$A$4:$A$80,0)),$B20)-CONFIG!$B$50*(COUNTIF($M20:$S20,"AB")+COUNTIF($M20:$S20,"FE")+COUNTIF($M20:$S20,"LM"))) | AX20: =SUMPRODUCT(($T20:$Z20="M")*6+($T20:$Z20="T")*6+($T20:$Z20="D")*12+($T20:$Z20="N")*12+($T20:$Z20="NT")*6+($T20:$Z20="C")*10+($T20:$Z20="A")*8+($T20:$Z20="J")*5+($T20:$Z20="CEP")*4+($T20:$Z20="CP")*6+($T20:$Z20="CRO")*6+($T20:$Z20="M+")*6+($T20:$Z20="T+")*6+($T20:$Z20="D+")*12+($T20:$Z20="N+")*12+($T20:$Z20="Dm+")*12+($T20:$Z20="Dt+")*12+($T20:$Z20="Tm-")*6+($T20:$Z20="Mt-")*6) | AY20: =AX20-MAX(0,IFERROR(INDEX(CADASTRO!$I$4:$I$80,MATCH($A20,CADASTRO!$A$4:$A$80,0)),$B20)-CONFIG!$B$50*(COUNTIF($T20:$Z20,"AB")+COUNTIF($T20:$Z20,"FE")+COUNTIF($T20:$Z20,"LM"))) | AZ20: =SUMPRODUCT(($AA20:$AG20="M")*6+($AA20:$AG20="T")*6+($AA20:$AG20="D")*12+($AA20:$AG20="N")*12+($AA20:$AG20="NT")*6+($AA20:$AG20="C")*10+($AA20:$AG20="A")*8+($AA20:$AG20="J")*5+($AA20:$AG20="CEP")*4+($AA20:$AG20="CP")*6+($AA20:$AG20="CRO")*6+($AA20:$AG20="M+")*6+($AA20:$AG20="T+")*6+($AA20:$AG20="D+")*12+($AA20:$AG20="N+")*12+($AA20:$AG20="Dm+")*12+($AA20:$AG20="Dt+")*12+($AA20:$AG20="Tm-")*6+($AA20:$AG20="Mt-")*6) | BA20: =AZ20-MAX(0,IFERROR(INDEX(CADASTRO!$I$4:$I$80,MATCH($A20,CADASTRO!$A$4:$A$80,0)),$B20)-CONFIG!$B$50*(COUNTIF($AA20:$AG20,"AB")+COUNTIF($AA20:$AG20,"FE")+COUNTIF($AA20:$AG20,"LM"))) | BB20: =SUMPRODUCT(($AH20:$AM20="M")*6+($AH20:$AM20="T")*6+($AH20:$AM20="D")*12+($AH20:$AM20="N")*12+($AH20:$AM20="NT")*6+($AH20:$AM20="C")*10+($AH20:$AM20="A")*8+($AH20:$AM20="J")*5+($AH20:$AM20="CEP")*4+($AH20:$AM20="CP")*6+($AH20:$AM20="CRO")*6+($AH20:$AM20="M+")*6+($AH20:$AM20="T+")*6+($AH20:$AM20="D+")*12+($AH20:$AM20="N+")*12+($AH20:$AM20="Dm+")*12+($AH20:$AM20="Dt+")*12+($AH20:$AM20="Tm-")*6+($AH20:$AM20="Mt-")*6)+SUMPRODUCT(($AN20:$AN20="M")*6+($AN20:$AN20="T")*6+($AN20:$AN20="D")*12+($AN20:$AN20="N")*12+($AN20:$AN20="NT")*6+($AN20:$AN20="C")*10+($AN20:$AN20="A")*8+($AN20:$AN20="J")*5+($AN20:$AN20="CEP")*4+($AN20:$AN20="CP")*6+($AN20:$AN20="CRO")*6+($AN20:$AN20="M+")*6+($AN20:$AN20="T+")*6+($AN20:$AN20="D+")*12+($AN20:$AN20="N+")*12+($AN20:$AN20="Dm+")*12+($AN20:$AN20="Dt+")*12+($AN20:$AN20="Tm-")*6+($AN20:$AN20="Mt-")*6) | BC20: =BB20-MAX(0,IFERROR(INDEX(CADASTRO!$I$4:$I$80,MATCH($A20,CADASTRO!$A$4:$A$80,0)),$B20)-CONFIG!$B$50*(COUNTIF($AH20:$AM20,"AB")+COUNTIF($AH20:$AM20,"FE")+COUNTIF($AH20:$AM20,"LM")+COUNTIF($AN20:$AN20,"AB")+COUNTIF($AN20:$AN20,"FE")+COUNTIF($AN20:$AN20,"LM"))) | BF20: =SUMPRODUCT(($I20:$AM20="M")*6+($I20:$AM20="T")*6+($I20:$AM20="D")*12+($I20:$AM20="N")*12+($I20:$AM20="NT")*6+($I20:$AM20="C")*10+($I20:$AM20="A")*8+($I20:$AM20="J")*5+($I20:$AM20="CEP")*4+($I20:$AM20="CP")*6+($I20:$AM20="CRO")*6+($I20:$AM20="M+")*6+($I20:$AM20="T+")*6+($I20:$AM20="D+")*12+($I20:$AM20="N+")*12+($I20:$AM20="Dm+")*12+($I20:$AM20="Dt+")*12+($I20:$AM20="Tm-")*6+($I20:$AM20="Mt-")*6) | BG20: =SUMPRODUCT($I$4:$AM$4,($I20:$AM20="M")*6+($I20:$AM20="T")*6+($I20:$AM20="D")*12+($I20:$AM20="N")*12+($I20:$AM20="NT")*6+($I20:$AM20="C")*10+($I20:$AM20="A")*8+($I20:$AM20="J")*5+($I20:$AM20="CEP")*4+($I20:$AM20="CP")*6+($I20:$AM20="CRO")*6+($I20:$AM20="M+")*6+($I20:$AM20="T+")*6+($I20:$AM20="D+")*12+($I20:$AM20="N+")*12+($I20:$AM20="Dm+")*12+($I20:$AM20="Dt+")*12+($I20:$AM20="Tm-")*6+($I20:$AM20="Mt-")*6) | BH20: =SUMPRODUCT($I$5:$AM$5,(($I20:$AM20="N")+($I20:$AM20="N+"))) | BI20: =SUMPRODUCT($I$6:$AM$6,($I20:$AM20="M")*6+($I20:$AM20="T")*6+($I20:$AM20="D")*12+($I20:$AM20="N")*12+($I20:$AM20="NT")*6+($I20:$AM20="C")*10+($I20:$AM20="A")*8+($I20:$AM20="J")*5+($I20:$AM20="CEP")*4+($I20:$AM20="CP")*6+($I20:$AM20="CRO")*6+($I20:$AM20="M+")*6+($I20:$AM20="T+")*6+($I20:$AM20="D+")*12+($I20:$AM20="N+")*12+($I20:$AM20="Dm+")*12+($I20:$AM20="Dt+")*12+($I20:$AM20="Tm-")*6+($I20:$AM20="Mt-")*6) | BJ20: =ROUND(B20*4.43,0) | BK20: =BF20-BJ20 | BL20: =SUMPRODUCT((($C20:$AL20="N")+($C20:$AL20="N+"))*(($D20:$AM20="M")+($D20:$AM20="D")+($D20:$AM20="C")+($D20:$AM20="CEP")+($D20:$AM20="M+")+($D20:$AM20="D+")+($D20:$AM20="Dm+")+($D20:$AM20="Dt+")+($D20:$AM20="Mt-"))) | BM20: =SUMPRODUCT((($C20:$AL20="N")+($C20:$AL20="N+"))*(($D20:$AM20="T")+($D20:$AM20="T+")+($D20:$AM20="Tm-"))) | BN20: =IFERROR(INDEX(CONFIG!$B$44:$D$46,MATCH($B20,CONFIG!$A$44:$A$46,0),IF(COUNTIF($I20:$AM20,"FE")>=10,1,IF(COUNTIF($I20:$AM20,"FE")>=1,2,3))),"") | BO20: =IF(BN20="","",MAX(0,BG20-BN20*CONFIG!$E$44)) | BP20: =MAX(AT20,AV20,AX20,AZ20,BB20,BD20) | BQ20: 3 · staff | BR20: 7
A21: Isabella | B21: 36 | J21: T+ | K21: D | L21: M | M21: T | O21: M | P21: M | R21: M | S21: N | T21: T | U21: N | W21: M | X21: D | AA21: T | AB21: D | AE21: D | AH21: T | AI21: D | AJ21: M | AK21: N | AN21: =IFERROR(INDEX(FEV!I$8:I$73,MATCH($A21,FEV!$A$8:$A$73,0))&"","") | AT21: =SUMPRODUCT(($F21:$L21="M")*6+($F21:$L21="T")*6+($F21:$L21="D")*12+($F21:$L21="N")*12+($F21:$L21="NT")*6+($F21:$L21="C")*10+($F21:$L21="A")*8+($F21:$L21="J")*5+($F21:$L21="CEP")*4+($F21:$L21="CP")*6+($F21:$L21="CRO")*6+($F21:$L21="M+")*6+($F21:$L21="T+")*6+($F21:$L21="D+")*12+($F21:$L21="N+")*12+($F21:$L21="Dm+")*12+($F21:$L21="Dt+")*12+($F21:$L21="Tm-")*6+($F21:$L21="Mt-")*6) | AU21: =AT21-MAX(0,IFERROR(INDEX(CADASTRO!$I$4:$I$80,MATCH($A21,CADASTRO!$A$4:$A$80,0)),$B21)-CONFIG!$B$50*(COUNTIF($F21:$L21,"AB")+COUNTIF($F21:$L21,"FE")+COUNTIF($F21:$L21,"LM"))) | AV21: =SUMPRODUCT(($M21:$S21="M")*6+($M21:$S21="T")*6+($M21:$S21="D")*12+($M21:$S21="N")*12+($M21:$S21="NT")*6+($M21:$S21="C")*10+($M21:$S21="A")*8+($M21:$S21="J")*5+($M21:$S21="CEP")*4+($M21:$S21="CP")*6+($M21:$S21="CRO")*6+($M21:$S21="M+")*6+($M21:$S21="T+")*6+($M21:$S21="D+")*12+($M21:$S21="N+")*12+($M21:$S21="Dm+")*12+($M21:$S21="Dt+")*12+($M21:$S21="Tm-")*6+($M21:$S21="Mt-")*6) | AW21: =AV21-MAX(0,IFERROR(INDEX(CADASTRO!$I$4:$I$80,MATCH($A21,CADASTRO!$A$4:$A$80,0)),$B21)-CONFIG!$B$50*(COUNTIF($M21:$S21,"AB")+COUNTIF($M21:$S21,"FE")+COUNTIF($M21:$S21,"LM"))) | AX21: =SUMPRODUCT(($T21:$Z21="M")*6+($T21:$Z21="T")*6+($T21:$Z21="D")*12+($T21:$Z21="N")*12+($T21:$Z21="NT")*6+($T21:$Z21="C")*10+($T21:$Z21="A")*8+($T21:$Z21="J")*5+($T21:$Z21="CEP")*4+($T21:$Z21="CP")*6+($T21:$Z21="CRO")*6+($T21:$Z21="M+")*6+($T21:$Z21="T+")*6+($T21:$Z21="D+")*12+($T21:$Z21="N+")*12+($T21:$Z21="Dm+")*12+($T21:$Z21="Dt+")*12+($T21:$Z21="Tm-")*6+($T21:$Z21="Mt-")*6) | AY21: =AX21-MAX(0,IFERROR(INDEX(CADASTRO!$I$4:$I$80,MATCH($A21,CADASTRO!$A$4:$A$80,0)),$B21)-CONFIG!$B$50*(COUNTIF($T21:$Z21,"AB")+COUNTIF($T21:$Z21,"FE")+COUNTIF($T21:$Z21,"LM"))) | AZ21: =SUMPRODUCT(($AA21:$AG21="M")*6+($AA21:$AG21="T")*6+($AA21:$AG21="D")*12+($AA21:$AG21="N")*12+($AA21:$AG21="NT")*6+($AA21:$AG21="C")*10+($AA21:$AG21="A")*8+($AA21:$AG21="J")*5+($AA21:$AG21="CEP")*4+($AA21:$AG21="CP")*6+($AA21:$AG21="CRO")*6+($AA21:$AG21="M+")*6+($AA21:$AG21="T+")*6+($AA21:$AG21="D+")*12+($AA21:$AG21="N+")*12+($AA21:$AG21="Dm+")*12+($AA21:$AG21="Dt+")*12+($AA21:$AG21="Tm-")*6+($AA21:$AG21="Mt-")*6) | BA21: =AZ21-MAX(0,IFERROR(INDEX(CADASTRO!$I$4:$I$80,MATCH($A21,CADASTRO!$A$4:$A$80,0)),$B21)-CONFIG!$B$50*(COUNTIF($AA21:$AG21,"AB")+COUNTIF($AA21:$AG21,"FE")+COUNTIF($AA21:$AG21,"LM"))) | BB21: =SUMPRODUCT(($AH21:$AM21="M")*6+($AH21:$AM21="T")*6+($AH21:$AM21="D")*12+($AH21:$AM21="N")*12+($AH21:$AM21="NT")*6+($AH21:$AM21="C")*10+($AH21:$AM21="A")*8+($AH21:$AM21="J")*5+($AH21:$AM21="CEP")*4+($AH21:$AM21="CP")*6+($AH21:$AM21="CRO")*6+($AH21:$AM21="M+")*6+($AH21:$AM21="T+")*6+($AH21:$AM21="D+")*12+($AH21:$AM21="N+")*12+($AH21:$AM21="Dm+")*12+($AH21:$AM21="Dt+")*12+($AH21:$AM21="Tm-")*6+($AH21:$AM21="Mt-")*6)+SUMPRODUCT(($AN21:$AN21="M")*6+($AN21:$AN21="T")*6+($AN21:$AN21="D")*12+($AN21:$AN21="N")*12+($AN21:$AN21="NT")*6+($AN21:$AN21="C")*10+($AN21:$AN21="A")*8+($AN21:$AN21="J")*5+($AN21:$AN21="CEP")*4+($AN21:$AN21="CP")*6+($AN21:$AN21="CRO")*6+($AN21:$AN21="M+")*6+($AN21:$AN21="T+")*6+($AN21:$AN21="D+")*12+($AN21:$AN21="N+")*12+($AN21:$AN21="Dm+")*12+($AN21:$AN21="Dt+")*12+($AN21:$AN21="Tm-")*6+($AN21:$AN21="Mt-")*6) | BC21: =BB21-MAX(0,IFERROR(INDEX(CADASTRO!$I$4:$I$80,MATCH($A21,CADASTRO!$A$4:$A$80,0)),$B21)-CONFIG!$B$50*(COUNTIF($AH21:$AM21,"AB")+COUNTIF($AH21:$AM21,"FE")+COUNTIF($AH21:$AM21,"LM")+COUNTIF($AN21:$AN21,"AB")+COUNTIF($AN21:$AN21,"FE")+COUNTIF($AN21:$AN21,"LM"))) | BF21: =SUMPRODUCT(($I21:$AM21="M")*6+($I21:$AM21="T")*6+($I21:$AM21="D")*12+($I21:$AM21="N")*12+($I21:$AM21="NT")*6+($I21:$AM21="C")*10+($I21:$AM21="A")*8+($I21:$AM21="J")*5+($I21:$AM21="CEP")*4+($I21:$AM21="CP")*6+($I21:$AM21="CRO")*6+($I21:$AM21="M+")*6+($I21:$AM21="T+")*6+($I21:$AM21="D+")*12+($I21:$AM21="N+")*12+($I21:$AM21="Dm+")*12+($I21:$AM21="Dt+")*12+($I21:$AM21="Tm-")*6+($I21:$AM21="Mt-")*6) | BG21: =SUMPRODUCT($I$4:$AM$4,($I21:$AM21="M")*6+($I21:$AM21="T")*6+($I21:$AM21="D")*12+($I21:$AM21="N")*12+($I21:$AM21="NT")*6+($I21:$AM21="C")*10+($I21:$AM21="A")*8+($I21:$AM21="J")*5+($I21:$AM21="CEP")*4+($I21:$AM21="CP")*6+($I21:$AM21="CRO")*6+($I21:$AM21="M+")*6+($I21:$AM21="T+")*6+($I21:$AM21="D+")*12+($I21:$AM21="N+")*12+($I21:$AM21="Dm+")*12+($I21:$AM21="Dt+")*12+($I21:$AM21="Tm-")*6+($I21:$AM21="Mt-")*6) | BH21: =SUMPRODUCT($I$5:$AM$5,(($I21:$AM21="N")+($I21:$AM21="N+"))) | BI21: =SUMPRODUCT($I$6:$AM$6,($I21:$AM21="M")*6+($I21:$AM21="T")*6+($I21:$AM21="D")*12+($I21:$AM21="N")*12+($I21:$AM21="NT")*6+($I21:$AM21="C")*10+($I21:$AM21="A")*8+($I21:$AM21="J")*5+($I21:$AM21="CEP")*4+($I21:$AM21="CP")*6+($I21:$AM21="CRO")*6+($I21:$AM21="M+")*6+($I21:$AM21="T+")*6+($I21:$AM21="D+")*12+($I21:$AM21="N+")*12+($I21:$AM21="Dm+")*12+($I21:$AM21="Dt+")*12+($I21:$AM21="Tm-")*6+($I21:$AM21="Mt-")*6) | BJ21: =ROUND(B21*4.43,0) | BK21: =BF21-BJ21 | BL21: =SUMPRODUCT((($C21:$AL21="N")+($C21:$AL21="N+"))*(($D21:$AM21="M")+($D21:$AM21="D")+($D21:$AM21="C")+($D21:$AM21="CEP")+($D21:$AM21="M+")+($D21:$AM21="D+")+($D21:$AM21="Dm+")+($D21:$AM21="Dt+")+($D21:$AM21="Mt-"))) | BM21: =SUMPRODUCT((($C21:$AL21="N")+($C21:$AL21="N+"))*(($D21:$AM21="T")+($D21:$AM21="T+")+($D21:$AM21="Tm-"))) | BN21: =IFERROR(INDEX(CONFIG!$B$44:$D$46,MATCH($B21,CONFIG!$A$44:$A$46,0),IF(COUNTIF($I21:$AM21,"FE")>=10,1,IF(COUNTIF($I21:$AM21,"FE")>=1,2,3))),"") | BO21: =IF(BN21="","",MAX(0,BG21-BN21*CONFIG!$E$44)) | BP21: =MAX(AT21,AV21,AX21,AZ21,BB21,BD21) | BQ21: 3 · staff | BR21: 7
A22: JuBrito | B22: 30 | J22: D | K22: T | L22: D | AB22: D | AD22: T | AE22: N | AI22: D | AJ22: D | AK22: M | AM22: M | AN22: =IFERROR(INDEX(FEV!I$8:I$73,MATCH($A22,FEV!$A$8:$A$73,0))&"","") | AT22: =SUMPRODUCT(($F22:$L22="M")*6+($F22:$L22="T")*6+($F22:$L22="D")*12+($F22:$L22="N")*12+($F22:$L22="NT")*6+($F22:$L22="C")*10+($F22:$L22="A")*8+($F22:$L22="J")*5+($F22:$L22="CEP")*4+($F22:$L22="CP")*6+($F22:$L22="CRO")*6+($F22:$L22="M+")*6+($F22:$L22="T+")*6+($F22:$L22="D+")*12+($F22:$L22="N+")*12+($F22:$L22="Dm+")*12+($F22:$L22="Dt+")*12+($F22:$L22="Tm-")*6+($F22:$L22="Mt-")*6) | AU22: =AT22-MAX(0,IFERROR(INDEX(CADASTRO!$I$4:$I$80,MATCH($A22,CADASTRO!$A$4:$A$80,0)),$B22)-CONFIG!$B$50*(COUNTIF($F22:$L22,"AB")+COUNTIF($F22:$L22,"FE")+COUNTIF($F22:$L22,"LM"))) | AV22: =SUMPRODUCT(($M22:$S22="M")*6+($M22:$S22="T")*6+($M22:$S22="D")*12+($M22:$S22="N")*12+($M22:$S22="NT")*6+($M22:$S22="C")*10+($M22:$S22="A")*8+($M22:$S22="J")*5+($M22:$S22="CEP")*4+($M22:$S22="CP")*6+($M22:$S22="CRO")*6+($M22:$S22="M+")*6+($M22:$S22="T+")*6+($M22:$S22="D+")*12+($M22:$S22="N+")*12+($M22:$S22="Dm+")*12+($M22:$S22="Dt+")*12+($M22:$S22="Tm-")*6+($M22:$S22="Mt-")*6) | AW22: =AV22-MAX(0,IFERROR(INDEX(CADASTRO!$I$4:$I$80,MATCH($A22,CADASTRO!$A$4:$A$80,0)),$B22)-CONFIG!$B$50*(COUNTIF($M22:$S22,"AB")+COUNTIF($M22:$S22,"FE")+COUNTIF($M22:$S22,"LM"))) | AX22: =SUMPRODUCT(($T22:$Z22="M")*6+($T22:$Z22="T")*6+($T22:$Z22="D")*12+($T22:$Z22="N")*12+($T22:$Z22="NT")*6+($T22:$Z22="C")*10+($T22:$Z22="A")*8+($T22:$Z22="J")*5+($T22:$Z22="CEP")*4+($T22:$Z22="CP")*6+($T22:$Z22="CRO")*6+($T22:$Z22="M+")*6+($T22:$Z22="T+")*6+($T22:$Z22="D+")*12+($T22:$Z22="N+")*12+($T22:$Z22="Dm+")*12+($T22:$Z22="Dt+")*12+($T22:$Z22="Tm-")*6+($T22:$Z22="Mt-")*6) | AY22: =AX22-MAX(0,IFERROR(INDEX(CADASTRO!$I$4:$I$80,MATCH($A22,CADASTRO!$A$4:$A$80,0)),$B22)-CONFIG!$B$50*(COUNTIF($T22:$Z22,"AB")+COUNTIF($T22:$Z22,"FE")+COUNTIF($T22:$Z22,"LM"))) | AZ22: =SUMPRODUCT(($AA22:$AG22="M")*6+($AA22:$AG22="T")*6+($AA22:$AG22="D")*12+($AA22:$AG22="N")*12+($AA22:$AG22="NT")*6+($AA22:$AG22="C")*10+($AA22:$AG22="A")*8+($AA22:$AG22="J")*5+($AA22:$AG22="CEP")*4+($AA22:$AG22="CP")*6+($AA22:$AG22="CRO")*6+($AA22:$AG22="M+")*6+($AA22:$AG22="T+")*6+($AA22:$AG22="D+")*12+($AA22:$AG22="N+")*12+($AA22:$AG22="Dm+")*12+($AA22:$AG22="Dt+")*12+($AA22:$AG22="Tm-")*6+($AA22:$AG22="Mt-")*6) | BA22: =AZ22-MAX(0,IFERROR(INDEX(CADASTRO!$I$4:$I$80,MATCH($A22,CADASTRO!$A$4:$A$80,0)),$B22)-CONFIG!$B$50*(COUNTIF($AA22:$AG22,"AB")+COUNTIF($AA22:$AG22,"FE")+COUNTIF($AA22:$AG22,"LM"))) | BB22: =SUMPRODUCT(($AH22:$AM22="M")*6+($AH22:$AM22="T")*6+($AH22:$AM22="D")*12+($AH22:$AM22="N")*12+($AH22:$AM22="NT")*6+($AH22:$AM22="C")*10+($AH22:$AM22="A")*8+($AH22:$AM22="J")*5+($AH22:$AM22="CEP")*4+($AH22:$AM22="CP")*6+($AH22:$AM22="CRO")*6+($AH22:$AM22="M+")*6+($AH22:$AM22="T+")*6+($AH22:$AM22="D+")*12+($AH22:$AM22="N+")*12+($AH22:$AM22="Dm+")*12+($AH22:$AM22="Dt+")*12+($AH22:$AM22="Tm-")*6+($AH22:$AM22="Mt-")*6)+SUMPRODUCT(($AN22:$AN22="M")*6+($AN22:$AN22="T")*6+($AN22:$AN22="D")*12+($AN22:$AN22="N")*12+($AN22:$AN22="NT")*6+($AN22:$AN22="C")*10+($AN22:$AN22="A")*8+($AN22:$AN22="J")*5+($AN22:$AN22="CEP")*4+($AN22:$AN22="CP")*6+($AN22:$AN22="CRO")*6+($AN22:$AN22="M+")*6+($AN22:$AN22="T+")*6+($AN22:$AN22="D+")*12+($AN22:$AN22="N+")*12+($AN22:$AN22="Dm+")*12+($AN22:$AN22="Dt+")*12+($AN22:$AN22="Tm-")*6+($AN22:$AN22="Mt-")*6) | BC22: =BB22-MAX(0,IFERROR(INDEX(CADASTRO!$I$4:$I$80,MATCH($A22,CADASTRO!$A$4:$A$80,0)),$B22)-CONFIG!$B$50*(COUNTIF($AH22:$AM22,"AB")+COUNTIF($AH22:$AM22,"FE")+COUNTIF($AH22:$AM22,"LM")+COUNTIF($AN22:$AN22,"AB")+COUNTIF($AN22:$AN22,"FE")+COUNTIF($AN22:$AN22,"LM"))) | BF22: =SUMPRODUCT(($I22:$AM22="M")*6+($I22:$AM22="T")*6+($I22:$AM22="D")*12+($I22:$AM22="N")*12+($I22:$AM22="NT")*6+($I22:$AM22="C")*10+($I22:$AM22="A")*8+($I22:$AM22="J")*5+($I22:$AM22="CEP")*4+($I22:$AM22="CP")*6+($I22:$AM22="CRO")*6+($I22:$AM22="M+")*6+($I22:$AM22="T+")*6+($I22:$AM22="D+")*12+($I22:$AM22="N+")*12+($I22:$AM22="Dm+")*12+($I22:$AM22="Dt+")*12+($I22:$AM22="Tm-")*6+($I22:$AM22="Mt-")*6) | BG22: =SUMPRODUCT($I$4:$AM$4,($I22:$AM22="M")*6+($I22:$AM22="T")*6+($I22:$AM22="D")*12+($I22:$AM22="N")*12+($I22:$AM22="NT")*6+($I22:$AM22="C")*10+($I22:$AM22="A")*8+($I22:$AM22="J")*5+($I22:$AM22="CEP")*4+($I22:$AM22="CP")*6+($I22:$AM22="CRO")*6+($I22:$AM22="M+")*6+($I22:$AM22="T+")*6+($I22:$AM22="D+")*12+($I22:$AM22="N+")*12+($I22:$AM22="Dm+")*12+($I22:$AM22="Dt+")*12+($I22:$AM22="Tm-")*6+($I22:$AM22="Mt-")*6) | BH22: =SUMPRODUCT($I$5:$AM$5,(($I22:$AM22="N")+($I22:$AM22="N+"))) | BI22: =SUMPRODUCT($I$6:$AM$6,($I22:$AM22="M")*6+($I22:$AM22="T")*6+($I22:$AM22="D")*12+($I22:$AM22="N")*12+($I22:$AM22="NT")*6+($I22:$AM22="C")*10+($I22:$AM22="A")*8+($I22:$AM22="J")*5+($I22:$AM22="CEP")*4+($I22:$AM22="CP")*6+($I22:$AM22="CRO")*6+($I22:$AM22="M+")*6+($I22:$AM22="T+")*6+($I22:$AM22="D+")*12+($I22:$AM22="N+")*12+($I22:$AM22="Dm+")*12+($I22:$AM22="Dt+")*12+($I22:$AM22="Tm-")*6+($I22:$AM22="Mt-")*6) | BJ22: =ROUND(B22*4.43,0) | BK22: =BF22-BJ22 | BL22: =SUMPRODUCT((($C22:$AL22="N")+($C22:$AL22="N+"))*(($D22:$AM22="M")+($D22:$AM22="D")+($D22:$AM22="C")+($D22:$AM22="CEP")+($D22:$AM22="M+")+($D22:$AM22="D+")+($D22:$AM22="Dm+")+($D22:$AM22="Dt+")+($D22:$AM22="Mt-"))) | BM22: =SUMPRODUCT((($C22:$AL22="N")+($C22:$AL22="N+"))*(($D22:$AM22="T")+($D22:$AM22="T+")+($D22:$AM22="Tm-"))) | BN22: =IFERROR(INDEX(CONFIG!$B$44:$D$46,MATCH($B22,CONFIG!$A$44:$A$46,0),IF(COUNTIF($I22:$AM22,"FE")>=10,1,IF(COUNTIF($I22:$AM22,"FE")>=1,2,3))),"") | BO22: =IF(BN22="","",MAX(0,BG22-BN22*CONFIG!$E$44)) | BP22: =MAX(AT22,AV22,AX22,AZ22,BB22,BD22) | BQ22: 3 · staff | BR22: 7
A23: Kariny | B23: 36 | J23: M | M23: D | N23: T | R23: D | S23: D | T23: T | U23: D | W23: D | AA23: D | AB23: D | AD23: D | AH23: D | AI23: D | AM23: D | AN23: =IFERROR(INDEX(FEV!I$8:I$73,MATCH($A23,FEV!$A$8:$A$73,0))&"","") | AT23: =SUMPRODUCT(($F23:$L23="M")*6+($F23:$L23="T")*6+($F23:$L23="D")*12+($F23:$L23="N")*12+($F23:$L23="NT")*6+($F23:$L23="C")*10+($F23:$L23="A")*8+($F23:$L23="J")*5+($F23:$L23="CEP")*4+($F23:$L23="CP")*6+($F23:$L23="CRO")*6+($F23:$L23="M+")*6+($F23:$L23="T+")*6+($F23:$L23="D+")*12+($F23:$L23="N+")*12+($F23:$L23="Dm+")*12+($F23:$L23="Dt+")*12+($F23:$L23="Tm-")*6+($F23:$L23="Mt-")*6) | AU23: =AT23-MAX(0,IFERROR(INDEX(CADASTRO!$I$4:$I$80,MATCH($A23,CADASTRO!$A$4:$A$80,0)),$B23)-CONFIG!$B$50*(COUNTIF($F23:$L23,"AB")+COUNTIF($F23:$L23,"FE")+COUNTIF($F23:$L23,"LM"))) | AV23: =SUMPRODUCT(($M23:$S23="M")*6+($M23:$S23="T")*6+($M23:$S23="D")*12+($M23:$S23="N")*12+($M23:$S23="NT")*6+($M23:$S23="C")*10+($M23:$S23="A")*8+($M23:$S23="J")*5+($M23:$S23="CEP")*4+($M23:$S23="CP")*6+($M23:$S23="CRO")*6+($M23:$S23="M+")*6+($M23:$S23="T+")*6+($M23:$S23="D+")*12+($M23:$S23="N+")*12+($M23:$S23="Dm+")*12+($M23:$S23="Dt+")*12+($M23:$S23="Tm-")*6+($M23:$S23="Mt-")*6) | AW23: =AV23-MAX(0,IFERROR(INDEX(CADASTRO!$I$4:$I$80,MATCH($A23,CADASTRO!$A$4:$A$80,0)),$B23)-CONFIG!$B$50*(COUNTIF($M23:$S23,"AB")+COUNTIF($M23:$S23,"FE")+COUNTIF($M23:$S23,"LM"))) | AX23: =SUMPRODUCT(($T23:$Z23="M")*6+($T23:$Z23="T")*6+($T23:$Z23="D")*12+($T23:$Z23="N")*12+($T23:$Z23="NT")*6+($T23:$Z23="C")*10+($T23:$Z23="A")*8+($T23:$Z23="J")*5+($T23:$Z23="CEP")*4+($T23:$Z23="CP")*6+($T23:$Z23="CRO")*6+($T23:$Z23="M+")*6+($T23:$Z23="T+")*6+($T23:$Z23="D+")*12+($T23:$Z23="N+")*12+($T23:$Z23="Dm+")*12+($T23:$Z23="Dt+")*12+($T23:$Z23="Tm-")*6+($T23:$Z23="Mt-")*6) | AY23: =AX23-MAX(0,IFERROR(INDEX(CADASTRO!$I$4:$I$80,MATCH($A23,CADASTRO!$A$4:$A$80,0)),$B23)-CONFIG!$B$50*(COUNTIF($T23:$Z23,"AB")+COUNTIF($T23:$Z23,"FE")+COUNTIF($T23:$Z23,"LM"))) | AZ23: =SUMPRODUCT(($AA23:$AG23="M")*6+($AA23:$AG23="T")*6+($AA23:$AG23="D")*12+($AA23:$AG23="N")*12+($AA23:$AG23="NT")*6+($AA23:$AG23="C")*10+($AA23:$AG23="A")*8+($AA23:$AG23="J")*5+($AA23:$AG23="CEP")*4+($AA23:$AG23="CP")*6+($AA23:$AG23="CRO")*6+($AA23:$AG23="M+")*6+($AA23:$AG23="T+")*6+($AA23:$AG23="D+")*12+($AA23:$AG23="N+")*12+($AA23:$AG23="Dm+")*12+($AA23:$AG23="Dt+")*12+($AA23:$AG23="Tm-")*6+($AA23:$AG23="Mt-")*6) | BA23: =AZ23-MAX(0,IFERROR(INDEX(CADASTRO!$I$4:$I$80,MATCH($A23,CADASTRO!$A$4:$A$80,0)),$B23)-CONFIG!$B$50*(COUNTIF($AA23:$AG23,"AB")+COUNTIF($AA23:$AG23,"FE")+COUNTIF($AA23:$AG23,"LM"))) | BB23: =SUMPRODUCT(($AH23:$AM23="M")*6+($AH23:$AM23="T")*6+($AH23:$AM23="D")*12+($AH23:$AM23="N")*12+($AH23:$AM23="NT")*6+($AH23:$AM23="C")*10+($AH23:$AM23="A")*8+($AH23:$AM23="J")*5+($AH23:$AM23="CEP")*4+($AH23:$AM23="CP")*6+($AH23:$AM23="CRO")*6+($AH23:$AM23="M+")*6+($AH23:$AM23="T+")*6+($AH23:$AM23="D+")*12+($AH23:$AM23="N+")*12+($AH23:$AM23="Dm+")*12+($AH23:$AM23="Dt+")*12+($AH23:$AM23="Tm-")*6+($AH23:$AM23="Mt-")*6)+SUMPRODUCT(($AN23:$AN23="M")*6+($AN23:$AN23="T")*6+($AN23:$AN23="D")*12+($AN23:$AN23="N")*12+($AN23:$AN23="NT")*6+($AN23:$AN23="C")*10+($AN23:$AN23="A")*8+($AN23:$AN23="J")*5+($AN23:$AN23="CEP")*4+($AN23:$AN23="CP")*6+($AN23:$AN23="CRO")*6+($AN23:$AN23="M+")*6+($AN23:$AN23="T+")*6+($AN23:$AN23="D+")*12+($AN23:$AN23="N+")*12+($AN23:$AN23="Dm+")*12+($AN23:$AN23="Dt+")*12+($AN23:$AN23="Tm-")*6+($AN23:$AN23="Mt-")*6) | BC23: =BB23-MAX(0,IFERROR(INDEX(CADASTRO!$I$4:$I$80,MATCH($A23,CADASTRO!$A$4:$A$80,0)),$B23)-CONFIG!$B$50*(COUNTIF($AH23:$AM23,"AB")+COUNTIF($AH23:$AM23,"FE")+COUNTIF($AH23:$AM23,"LM")+COUNTIF($AN23:$AN23,"AB")+COUNTIF($AN23:$AN23,"FE")+COUNTIF($AN23:$AN23,"LM"))) | BF23: =SUMPRODUCT(($I23:$AM23="M")*6+($I23:$AM23="T")*6+($I23:$AM23="D")*12+($I23:$AM23="N")*12+($I23:$AM23="NT")*6+($I23:$AM23="C")*10+($I23:$AM23="A")*8+($I23:$AM23="J")*5+($I23:$AM23="CEP")*4+($I23:$AM23="CP")*6+($I23:$AM23="CRO")*6+($I23:$AM23="M+")*6+($I23:$AM23="T+")*6+($I23:$AM23="D+")*12+($I23:$AM23="N+")*12+($I23:$AM23="Dm+")*12+($I23:$AM23="Dt+")*12+($I23:$AM23="Tm-")*6+($I23:$AM23="Mt-")*6) | BG23: =SUMPRODUCT($I$4:$AM$4,($I23:$AM23="M")*6+($I23:$AM23="T")*6+($I23:$AM23="D")*12+($I23:$AM23="N")*12+($I23:$AM23="NT")*6+($I23:$AM23="C")*10+($I23:$AM23="A")*8+($I23:$AM23="J")*5+($I23:$AM23="CEP")*4+($I23:$AM23="CP")*6+($I23:$AM23="CRO")*6+($I23:$AM23="M+")*6+($I23:$AM23="T+")*6+($I23:$AM23="D+")*12+($I23:$AM23="N+")*12+($I23:$AM23="Dm+")*12+($I23:$AM23="Dt+")*12+($I23:$AM23="Tm-")*6+($I23:$AM23="Mt-")*6) | BH23: =SUMPRODUCT($I$5:$AM$5,(($I23:$AM23="N")+($I23:$AM23="N+"))) | BI23: =SUMPRODUCT($I$6:$AM$6,($I23:$AM23="M")*6+($I23:$AM23="T")*6+($I23:$AM23="D")*12+($I23:$AM23="N")*12+($I23:$AM23="NT")*6+($I23:$AM23="C")*10+($I23:$AM23="A")*8+($I23:$AM23="J")*5+($I23:$AM23="CEP")*4+($I23:$AM23="CP")*6+($I23:$AM23="CRO")*6+($I23:$AM23="M+")*6+($I23:$AM23="T+")*6+($I23:$AM23="D+")*12+($I23:$AM23="N+")*12+($I23:$AM23="Dm+")*12+($I23:$AM23="Dt+")*12+($I23:$AM23="Tm-")*6+($I23:$AM23="Mt-")*6) | BJ23: =ROUND(B23*4.43,0) | BK23: =BF23-BJ23 | BL23: =SUMPRODUCT((($C23:$AL23="N")+($C23:$AL23="N+"))*(($D23:$AM23="M")+($D23:$AM23="D")+($D23:$AM23="C")+($D23:$AM23="CEP")+($D23:$AM23="M+")+($D23:$AM23="D+")+($D23:$AM23="Dm+")+($D23:$AM23="Dt+")+($D23:$AM23="Mt-"))) | BM23: =SUMPRODUCT((($C23:$AL23="N")+($C23:$AL23="N+"))*(($D23:$AM23="T")+($D23:$AM23="T+")+($D23:$AM23="Tm-"))) | BN23: =IFERROR(INDEX(CONFIG!$B$44:$D$46,MATCH($B23,CONFIG!$A$44:$A$46,0),IF(COUNTIF($I23:$AM23,"FE")>=10,1,IF(COUNTIF($I23:$AM23,"FE")>=1,2,3))),"") | BO23: =IF(BN23="","",MAX(0,BG23-BN23*CONFIG!$E$44)) | BP23: =MAX(AT23,AV23,AX23,AZ23,BB23,BD23) | BQ23: 3 · staff | BR23: 7
A24: Mayana | B24: 36 | K24: D | M24: D | O24: N | R24: N | T24: M | U24: D | V24: M | X24: N | AN24: =IFERROR(INDEX(FEV!I$8:I$73,MATCH($A24,FEV!$A$8:$A$73,0))&"","") | AT24: =SUMPRODUCT(($F24:$L24="M")*6+($F24:$L24="T")*6+($F24:$L24="D")*12+($F24:$L24="N")*12+($F24:$L24="NT")*6+($F24:$L24="C")*10+($F24:$L24="A")*8+($F24:$L24="J")*5+($F24:$L24="CEP")*4+($F24:$L24="CP")*6+($F24:$L24="CRO")*6+($F24:$L24="M+")*6+($F24:$L24="T+")*6+($F24:$L24="D+")*12+($F24:$L24="N+")*12+($F24:$L24="Dm+")*12+($F24:$L24="Dt+")*12+($F24:$L24="Tm-")*6+($F24:$L24="Mt-")*6) | AU24: =AT24-MAX(0,IFERROR(INDEX(CADASTRO!$I$4:$I$80,MATCH($A24,CADASTRO!$A$4:$A$80,0)),$B24)-CONFIG!$B$50*(COUNTIF($F24:$L24,"AB")+COUNTIF($F24:$L24,"FE")+COUNTIF($F24:$L24,"LM"))) | AV24: =SUMPRODUCT(($M24:$S24="M")*6+($M24:$S24="T")*6+($M24:$S24="D")*12+($M24:$S24="N")*12+($M24:$S24="NT")*6+($M24:$S24="C")*10+($M24:$S24="A")*8+($M24:$S24="J")*5+($M24:$S24="CEP")*4+($M24:$S24="CP")*6+($M24:$S24="CRO")*6+($M24:$S24="M+")*6+($M24:$S24="T+")*6+($M24:$S24="D+")*12+($M24:$S24="N+")*12+($M24:$S24="Dm+")*12+($M24:$S24="Dt+")*12+($M24:$S24="Tm-")*6+($M24:$S24="Mt-")*6) | AW24: =AV24-MAX(0,IFERROR(INDEX(CADASTRO!$I$4:$I$80,MATCH($A24,CADASTRO!$A$4:$A$80,0)),$B24)-CONFIG!$B$50*(COUNTIF($M24:$S24,"AB")+COUNTIF($M24:$S24,"FE")+COUNTIF($M24:$S24,"LM"))) | AX24: =SUMPRODUCT(($T24:$Z24="M")*6+($T24:$Z24="T")*6+($T24:$Z24="D")*12+($T24:$Z24="N")*12+($T24:$Z24="NT")*6+($T24:$Z24="C")*10+($T24:$Z24="A")*8+($T24:$Z24="J")*5+($T24:$Z24="CEP")*4+($T24:$Z24="CP")*6+($T24:$Z24="CRO")*6+($T24:$Z24="M+")*6+($T24:$Z24="T+")*6+($T24:$Z24="D+")*12+($T24:$Z24="N+")*12+($T24:$Z24="Dm+")*12+($T24:$Z24="Dt+")*12+($T24:$Z24="Tm-")*6+($T24:$Z24="Mt-")*6) | AY24: =AX24-MAX(0,IFERROR(INDEX(CADASTRO!$I$4:$I$80,MATCH($A24,CADASTRO!$A$4:$A$80,0)),$B24)-CONFIG!$B$50*(COUNTIF($T24:$Z24,"AB")+COUNTIF($T24:$Z24,"FE")+COUNTIF($T24:$Z24,"LM"))) | AZ24: =SUMPRODUCT(($AA24:$AG24="M")*6+($AA24:$AG24="T")*6+($AA24:$AG24="D")*12+($AA24:$AG24="N")*12+($AA24:$AG24="NT")*6+($AA24:$AG24="C")*10+($AA24:$AG24="A")*8+($AA24:$AG24="J")*5+($AA24:$AG24="CEP")*4+($AA24:$AG24="CP")*6+($AA24:$AG24="CRO")*6+($AA24:$AG24="M+")*6+($AA24:$AG24="T+")*6+($AA24:$AG24="D+")*12+($AA24:$AG24="N+")*12+($AA24:$AG24="Dm+")*12+($AA24:$AG24="Dt+")*12+($AA24:$AG24="Tm-")*6+($AA24:$AG24="Mt-")*6) | BA24: =AZ24-MAX(0,IFERROR(INDEX(CADASTRO!$I$4:$I$80,MATCH($A24,CADASTRO!$A$4:$A$80,0)),$B24)-CONFIG!$B$50*(COUNTIF($AA24:$AG24,"AB")+COUNTIF($AA24:$AG24,"FE")+COUNTIF($AA24:$AG24,"LM"))) | BB24: =SUMPRODUCT(($AH24:$AM24="M")*6+($AH24:$AM24="T")*6+($AH24:$AM24="D")*12+($AH24:$AM24="N")*12+($AH24:$AM24="NT")*6+($AH24:$AM24="C")*10+($AH24:$AM24="A")*8+($AH24:$AM24="J")*5+($AH24:$AM24="CEP")*4+($AH24:$AM24="CP")*6+($AH24:$AM24="CRO")*6+($AH24:$AM24="M+")*6+($AH24:$AM24="T+")*6+($AH24:$AM24="D+")*12+($AH24:$AM24="N+")*12+($AH24:$AM24="Dm+")*12+($AH24:$AM24="Dt+")*12+($AH24:$AM24="Tm-")*6+($AH24:$AM24="Mt-")*6)+SUMPRODUCT(($AN24:$AN24="M")*6+($AN24:$AN24="T")*6+($AN24:$AN24="D")*12+($AN24:$AN24="N")*12+($AN24:$AN24="NT")*6+($AN24:$AN24="C")*10+($AN24:$AN24="A")*8+($AN24:$AN24="J")*5+($AN24:$AN24="CEP")*4+($AN24:$AN24="CP")*6+($AN24:$AN24="CRO")*6+($AN24:$AN24="M+")*6+($AN24:$AN24="T+")*6+($AN24:$AN24="D+")*12+($AN24:$AN24="N+")*12+($AN24:$AN24="Dm+")*12+($AN24:$AN24="Dt+")*12+($AN24:$AN24="Tm-")*6+($AN24:$AN24="Mt-")*6) | BC24: =BB24-MAX(0,IFERROR(INDEX(CADASTRO!$I$4:$I$80,MATCH($A24,CADASTRO!$A$4:$A$80,0)),$B24)-CONFIG!$B$50*(COUNTIF($AH24:$AM24,"AB")+COUNTIF($AH24:$AM24,"FE")+COUNTIF($AH24:$AM24,"LM")+COUNTIF($AN24:$AN24,"AB")+COUNTIF($AN24:$AN24,"FE")+COUNTIF($AN24:$AN24,"LM"))) | BF24: =SUMPRODUCT(($I24:$AM24="M")*6+($I24:$AM24="T")*6+($I24:$AM24="D")*12+($I24:$AM24="N")*12+($I24:$AM24="NT")*6+($I24:$AM24="C")*10+($I24:$AM24="A")*8+($I24:$AM24="J")*5+($I24:$AM24="CEP")*4+($I24:$AM24="CP")*6+($I24:$AM24="CRO")*6+($I24:$AM24="M+")*6+($I24:$AM24="T+")*6+($I24:$AM24="D+")*12+($I24:$AM24="N+")*12+($I24:$AM24="Dm+")*12+($I24:$AM24="Dt+")*12+($I24:$AM24="Tm-")*6+($I24:$AM24="Mt-")*6) | BG24: =SUMPRODUCT($I$4:$AM$4,($I24:$AM24="M")*6+($I24:$AM24="T")*6+($I24:$AM24="D")*12+($I24:$AM24="N")*12+($I24:$AM24="NT")*6+($I24:$AM24="C")*10+($I24:$AM24="A")*8+($I24:$AM24="J")*5+($I24:$AM24="CEP")*4+($I24:$AM24="CP")*6+($I24:$AM24="CRO")*6+($I24:$AM24="M+")*6+($I24:$AM24="T+")*6+($I24:$AM24="D+")*12+($I24:$AM24="N+")*12+($I24:$AM24="Dm+")*12+($I24:$AM24="Dt+")*12+($I24:$AM24="Tm-")*6+($I24:$AM24="Mt-")*6) | BH24: =SUMPRODUCT($I$5:$AM$5,(($I24:$AM24="N")+($I24:$AM24="N+"))) | BI24: =SUMPRODUCT($I$6:$AM$6,($I24:$AM24="M")*6+($I24:$AM24="T")*6+($I24:$AM24="D")*12+($I24:$AM24="N")*12+($I24:$AM24="NT")*6+($I24:$AM24="C")*10+($I24:$AM24="A")*8+($I24:$AM24="J")*5+($I24:$AM24="CEP")*4+($I24:$AM24="CP")*6+($I24:$AM24="CRO")*6+($I24:$AM24="M+")*6+($I24:$AM24="T+")*6+($I24:$AM24="D+")*12+($I24:$AM24="N+")*12+($I24:$AM24="Dm+")*12+($I24:$AM24="Dt+")*12+($I24:$AM24="Tm-")*6+($I24:$AM24="Mt-")*6) | BJ24: =ROUND(B24*4.43,0) | BK24: =BF24-BJ24 | BL24: =SUMPRODUCT((($C24:$AL24="N")+($C24:$AL24="N+"))*(($D24:$AM24="M")+($D24:$AM24="D")+($D24:$AM24="C")+($D24:$AM24="CEP")+($D24:$AM24="M+")+($D24:$AM24="D+")+($D24:$AM24="Dm+")+($D24:$AM24="Dt+")+($D24:$AM24="Mt-"))) | BM24: =SUMPRODUCT((($C24:$AL24="N")+($C24:$AL24="N+"))*(($D24:$AM24="T")+($D24:$AM24="T+")+($D24:$AM24="Tm-"))) | BN24: =IFERROR(INDEX(CONFIG!$B$44:$D$46,MATCH($B24,CONFIG!$A$44:$A$46,0),IF(COUNTIF($I24:$AM24,"FE")>=10,1,IF(COUNTIF($I24:$AM24,"FE")>=1,2,3))),"") | BO24: =IF(BN24="","",MAX(0,BG24-BN24*CONFIG!$E$44)) | BP24: =MAX(AT24,AV24,AX24,AZ24,BB24,BD24) | BQ24: 3 · staff | BR24: 7
A25: Neyde | B25: 36 | L25: N | N25: N | O25: N | S25: N | U25: N | V25: N | Z25: N | AA25: N | AB25: N | AC25: N | AH25: N | AI25: N | AJ25: N | AN25: =IFERROR(INDEX(FEV!I$8:I$73,MATCH($A25,FEV!$A$8:$A$73,0))&"","") | AT25: =SUMPRODUCT(($F25:$L25="M")*6+($F25:$L25="T")*6+($F25:$L25="D")*12+($F25:$L25="N")*12+($F25:$L25="NT")*6+($F25:$L25="C")*10+($F25:$L25="A")*8+($F25:$L25="J")*5+($F25:$L25="CEP")*4+($F25:$L25="CP")*6+($F25:$L25="CRO")*6+($F25:$L25="M+")*6+($F25:$L25="T+")*6+($F25:$L25="D+")*12+($F25:$L25="N+")*12+($F25:$L25="Dm+")*12+($F25:$L25="Dt+")*12+($F25:$L25="Tm-")*6+($F25:$L25="Mt-")*6) | AU25: =AT25-MAX(0,IFERROR(INDEX(CADASTRO!$I$4:$I$80,MATCH($A25,CADASTRO!$A$4:$A$80,0)),$B25)-CONFIG!$B$50*(COUNTIF($F25:$L25,"AB")+COUNTIF($F25:$L25,"FE")+COUNTIF($F25:$L25,"LM"))) | AV25: =SUMPRODUCT(($M25:$S25="M")*6+($M25:$S25="T")*6+($M25:$S25="D")*12+($M25:$S25="N")*12+($M25:$S25="NT")*6+($M25:$S25="C")*10+($M25:$S25="A")*8+($M25:$S25="J")*5+($M25:$S25="CEP")*4+($M25:$S25="CP")*6+($M25:$S25="CRO")*6+($M25:$S25="M+")*6+($M25:$S25="T+")*6+($M25:$S25="D+")*12+($M25:$S25="N+")*12+($M25:$S25="Dm+")*12+($M25:$S25="Dt+")*12+($M25:$S25="Tm-")*6+($M25:$S25="Mt-")*6) | AW25: =AV25-MAX(0,IFERROR(INDEX(CADASTRO!$I$4:$I$80,MATCH($A25,CADASTRO!$A$4:$A$80,0)),$B25)-CONFIG!$B$50*(COUNTIF($M25:$S25,"AB")+COUNTIF($M25:$S25,"FE")+COUNTIF($M25:$S25,"LM"))) | AX25: =SUMPRODUCT(($T25:$Z25="M")*6+($T25:$Z25="T")*6+($T25:$Z25="D")*12+($T25:$Z25="N")*12+($T25:$Z25="NT")*6+($T25:$Z25="C")*10+($T25:$Z25="A")*8+($T25:$Z25="J")*5+($T25:$Z25="CEP")*4+($T25:$Z25="CP")*6+($T25:$Z25="CRO")*6+($T25:$Z25="M+")*6+($T25:$Z25="T+")*6+($T25:$Z25="D+")*12+($T25:$Z25="N+")*12+($T25:$Z25="Dm+")*12+($T25:$Z25="Dt+")*12+($T25:$Z25="Tm-")*6+($T25:$Z25="Mt-")*6) | AY25: =AX25-MAX(0,IFERROR(INDEX(CADASTRO!$I$4:$I$80,MATCH($A25,CADASTRO!$A$4:$A$80,0)),$B25)-CONFIG!$B$50*(COUNTIF($T25:$Z25,"AB")+COUNTIF($T25:$Z25,"FE")+COUNTIF($T25:$Z25,"LM"))) | AZ25: =SUMPRODUCT(($AA25:$AG25="M")*6+($AA25:$AG25="T")*6+($AA25:$AG25="D")*12+($AA25:$AG25="N")*12+($AA25:$AG25="NT")*6+($AA25:$AG25="C")*10+($AA25:$AG25="A")*8+($AA25:$AG25="J")*5+($AA25:$AG25="CEP")*4+($AA25:$AG25="CP")*6+($AA25:$AG25="CRO")*6+($AA25:$AG25="M+")*6+($AA25:$AG25="T+")*6+($AA25:$AG25="D+")*12+($AA25:$AG25="N+")*12+($AA25:$AG25="Dm+")*12+($AA25:$AG25="Dt+")*12+($AA25:$AG25="Tm-")*6+($AA25:$AG25="Mt-")*6) | BA25: =AZ25-MAX(0,IFERROR(INDEX(CADASTRO!$I$4:$I$80,MATCH($A25,CADASTRO!$A$4:$A$80,0)),$B25)-CONFIG!$B$50*(COUNTIF($AA25:$AG25,"AB")+COUNTIF($AA25:$AG25,"FE")+COUNTIF($AA25:$AG25,"LM"))) | BB25: =SUMPRODUCT(($AH25:$AM25="M")*6+($AH25:$AM25="T")*6+($AH25:$AM25="D")*12+($AH25:$AM25="N")*12+($AH25:$AM25="NT")*6+($AH25:$AM25="C")*10+($AH25:$AM25="A")*8+($AH25:$AM25="J")*5+($AH25:$AM25="CEP")*4+($AH25:$AM25="CP")*6+($AH25:$AM25="CRO")*6+($AH25:$AM25="M+")*6+($AH25:$AM25="T+")*6+($AH25:$AM25="D+")*12+($AH25:$AM25="N+")*12+($AH25:$AM25="Dm+")*12+($AH25:$AM25="Dt+")*12+($AH25:$AM25="Tm-")*6+($AH25:$AM25="Mt-")*6)+SUMPRODUCT(($AN25:$AN25="M")*6+($AN25:$AN25="T")*6+($AN25:$AN25="D")*12+($AN25:$AN25="N")*12+($AN25:$AN25="NT")*6+($AN25:$AN25="C")*10+($AN25:$AN25="A")*8+($AN25:$AN25="J")*5+($AN25:$AN25="CEP")*4+($AN25:$AN25="CP")*6+($AN25:$AN25="CRO")*6+($AN25:$AN25="M+")*6+($AN25:$AN25="T+")*6+($AN25:$AN25="D+")*12+($AN25:$AN25="N+")*12+($AN25:$AN25="Dm+")*12+($AN25:$AN25="Dt+")*12+($AN25:$AN25="Tm-")*6+($AN25:$AN25="Mt-")*6) | BC25: =BB25-MAX(0,IFERROR(INDEX(CADASTRO!$I$4:$I$80,MATCH($A25,CADASTRO!$A$4:$A$80,0)),$B25)-CONFIG!$B$50*(COUNTIF($AH25:$AM25,"AB")+COUNTIF($AH25:$AM25,"FE")+COUNTIF($AH25:$AM25,"LM")+COUNTIF($AN25:$AN25,"AB")+COUNTIF($AN25:$AN25,"FE")+COUNTIF($AN25:$AN25,"LM"))) | BF25: =SUMPRODUCT(($I25:$AM25="M")*6+($I25:$AM25="T")*6+($I25:$AM25="D")*12+($I25:$AM25="N")*12+($I25:$AM25="NT")*6+($I25:$AM25="C")*10+($I25:$AM25="A")*8+($I25:$AM25="J")*5+($I25:$AM25="CEP")*4+($I25:$AM25="CP")*6+($I25:$AM25="CRO")*6+($I25:$AM25="M+")*6+($I25:$AM25="T+")*6+($I25:$AM25="D+")*12+($I25:$AM25="N+")*12+($I25:$AM25="Dm+")*12+($I25:$AM25="Dt+")*12+($I25:$AM25="Tm-")*6+($I25:$AM25="Mt-")*6) | BG25: =SUMPRODUCT($I$4:$AM$4,($I25:$AM25="M")*6+($I25:$AM25="T")*6+($I25:$AM25="D")*12+($I25:$AM25="N")*12+($I25:$AM25="NT")*6+($I25:$AM25="C")*10+($I25:$AM25="A")*8+($I25:$AM25="J")*5+($I25:$AM25="CEP")*4+($I25:$AM25="CP")*6+($I25:$AM25="CRO")*6+($I25:$AM25="M+")*6+($I25:$AM25="T+")*6+($I25:$AM25="D+")*12+($I25:$AM25="N+")*12+($I25:$AM25="Dm+")*12+($I25:$AM25="Dt+")*12+($I25:$AM25="Tm-")*6+($I25:$AM25="Mt-")*6) | BH25: =SUMPRODUCT($I$5:$AM$5,(($I25:$AM25="N")+($I25:$AM25="N+"))) | BI25: =SUMPRODUCT($I$6:$AM$6,($I25:$AM25="M")*6+($I25:$AM25="T")*6+($I25:$AM25="D")*12+($I25:$AM25="N")*12+($I25:$AM25="NT")*6+($I25:$AM25="C")*10+($I25:$AM25="A")*8+($I25:$AM25="J")*5+($I25:$AM25="CEP")*4+($I25:$AM25="CP")*6+($I25:$AM25="CRO")*6+($I25:$AM25="M+")*6+($I25:$AM25="T+")*6+($I25:$AM25="D+")*12+($I25:$AM25="N+")*12+($I25:$AM25="Dm+")*12+($I25:$AM25="Dt+")*12+($I25:$AM25="Tm-")*6+($I25:$AM25="Mt-")*6) | BJ25: =ROUND(B25*4.43,0) | BK25: =BF25-BJ25 | BL25: =SUMPRODUCT((($C25:$AL25="N")+($C25:$AL25="N+"))*(($D25:$AM25="M")+($D25:$AM25="D")+($D25:$AM25="C")+($D25:$AM25="CEP")+($D25:$AM25="M+")+($D25:$AM25="D+")+($D25:$AM25="Dm+")+($D25:$AM25="Dt+")+($D25:$AM25="Mt-"))) | BM25: =SUMPRODUCT((($C25:$AL25="N")+($C25:$AL25="N+"))*(($D25:$AM25="T")+($D25:$AM25="T+")+($D25:$AM25="Tm-"))) | BN25: =IFERROR(INDEX(CONFIG!$B$44:$D$46,MATCH($B25,CONFIG!$A$44:$A$46,0),IF(COUNTIF($I25:$AM25,"FE")>=10,1,IF(COUNTIF($I25:$AM25,"FE")>=1,2,3))),"") | BO25: =IF(BN25="","",MAX(0,BG25-BN25*CONFIG!$E$44)) | BP25: =MAX(AT25,AV25,AX25,AZ25,BB25,BD25) | BQ25: 3 · staff | BR25: 7
A26: Roberta | B26: 36 | J26: D | K26: M | M26: M | N26: N | O26: T | P26: D | AL26: D | AM26: M | AN26: =IFERROR(INDEX(FEV!I$8:I$73,MATCH($A26,FEV!$A$8:$A$73,0))&"","") | AT26: =SUMPRODUCT(($F26:$L26="M")*6+($F26:$L26="T")*6+($F26:$L26="D")*12+($F26:$L26="N")*12+($F26:$L26="NT")*6+($F26:$L26="C")*10+($F26:$L26="A")*8+($F26:$L26="J")*5+($F26:$L26="CEP")*4+($F26:$L26="CP")*6+($F26:$L26="CRO")*6+($F26:$L26="M+")*6+($F26:$L26="T+")*6+($F26:$L26="D+")*12+($F26:$L26="N+")*12+($F26:$L26="Dm+")*12+($F26:$L26="Dt+")*12+($F26:$L26="Tm-")*6+($F26:$L26="Mt-")*6) | AU26: =AT26-MAX(0,IFERROR(INDEX(CADASTRO!$I$4:$I$80,MATCH($A26,CADASTRO!$A$4:$A$80,0)),$B26)-CONFIG!$B$50*(COUNTIF($F26:$L26,"AB")+COUNTIF($F26:$L26,"FE")+COUNTIF($F26:$L26,"LM"))) | AV26: =SUMPRODUCT(($M26:$S26="M")*6+($M26:$S26="T")*6+($M26:$S26="D")*12+($M26:$S26="N")*12+($M26:$S26="NT")*6+($M26:$S26="C")*10+($M26:$S26="A")*8+($M26:$S26="J")*5+($M26:$S26="CEP")*4+($M26:$S26="CP")*6+($M26:$S26="CRO")*6+($M26:$S26="M+")*6+($M26:$S26="T+")*6+($M26:$S26="D+")*12+($M26:$S26="N+")*12+($M26:$S26="Dm+")*12+($M26:$S26="Dt+")*12+($M26:$S26="Tm-")*6+($M26:$S26="Mt-")*6) | AW26: =AV26-MAX(0,IFERROR(INDEX(CADASTRO!$I$4:$I$80,MATCH($A26,CADASTRO!$A$4:$A$80,0)),$B26)-CONFIG!$B$50*(COUNTIF($M26:$S26,"AB")+COUNTIF($M26:$S26,"FE")+COUNTIF($M26:$S26,"LM"))) | AX26: =SUMPRODUCT(($T26:$Z26="M")*6+($T26:$Z26="T")*6+($T26:$Z26="D")*12+($T26:$Z26="N")*12+($T26:$Z26="NT")*6+($T26:$Z26="C")*10+($T26:$Z26="A")*8+($T26:$Z26="J")*5+($T26:$Z26="CEP")*4+($T26:$Z26="CP")*6+($T26:$Z26="CRO")*6+($T26:$Z26="M+")*6+($T26:$Z26="T+")*6+($T26:$Z26="D+")*12+($T26:$Z26="N+")*12+($T26:$Z26="Dm+")*12+($T26:$Z26="Dt+")*12+($T26:$Z26="Tm-")*6+($T26:$Z26="Mt-")*6) | AY26: =AX26-MAX(0,IFERROR(INDEX(CADASTRO!$I$4:$I$80,MATCH($A26,CADASTRO!$A$4:$A$80,0)),$B26)-CONFIG!$B$50*(COUNTIF($T26:$Z26,"AB")+COUNTIF($T26:$Z26,"FE")+COUNTIF($T26:$Z26,"LM"))) | AZ26: =SUMPRODUCT(($AA26:$AG26="M")*6+($AA26:$AG26="T")*6+($AA26:$AG26="D")*12+($AA26:$AG26="N")*12+($AA26:$AG26="NT")*6+($AA26:$AG26="C")*10+($AA26:$AG26="A")*8+($AA26:$AG26="J")*5+($AA26:$AG26="CEP")*4+($AA26:$AG26="CP")*6+($AA26:$AG26="CRO")*6+($AA26:$AG26="M+")*6+($AA26:$AG26="T+")*6+($AA26:$AG26="D+")*12+($AA26:$AG26="N+")*12+($AA26:$AG26="Dm+")*12+($AA26:$AG26="Dt+")*12+($AA26:$AG26="Tm-")*6+($AA26:$AG26="Mt-")*6) | BA26: =AZ26-MAX(0,IFERROR(INDEX(CADASTRO!$I$4:$I$80,MATCH($A26,CADASTRO!$A$4:$A$80,0)),$B26)-CONFIG!$B$50*(COUNTIF($AA26:$AG26,"AB")+COUNTIF($AA26:$AG26,"FE")+COUNTIF($AA26:$AG26,"LM"))) | BB26: =SUMPRODUCT(($AH26:$AM26="M")*6+($AH26:$AM26="T")*6+($AH26:$AM26="D")*12+($AH26:$AM26="N")*12+($AH26:$AM26="NT")*6+($AH26:$AM26="C")*10+($AH26:$AM26="A")*8+($AH26:$AM26="J")*5+($AH26:$AM26="CEP")*4+($AH26:$AM26="CP")*6+($AH26:$AM26="CRO")*6+($AH26:$AM26="M+")*6+($AH26:$AM26="T+")*6+($AH26:$AM26="D+")*12+($AH26:$AM26="N+")*12+($AH26:$AM26="Dm+")*12+($AH26:$AM26="Dt+")*12+($AH26:$AM26="Tm-")*6+($AH26:$AM26="Mt-")*6)+SUMPRODUCT(($AN26:$AN26="M")*6+($AN26:$AN26="T")*6+($AN26:$AN26="D")*12+($AN26:$AN26="N")*12+($AN26:$AN26="NT")*6+($AN26:$AN26="C")*10+($AN26:$AN26="A")*8+($AN26:$AN26="J")*5+($AN26:$AN26="CEP")*4+($AN26:$AN26="CP")*6+($AN26:$AN26="CRO")*6+($AN26:$AN26="M+")*6+($AN26:$AN26="T+")*6+($AN26:$AN26="D+")*12+($AN26:$AN26="N+")*12+($AN26:$AN26="Dm+")*12+($AN26:$AN26="Dt+")*12+($AN26:$AN26="Tm-")*6+($AN26:$AN26="Mt-")*6) | BC26: =BB26-MAX(0,IFERROR(INDEX(CADASTRO!$I$4:$I$80,MATCH($A26,CADASTRO!$A$4:$A$80,0)),$B26)-CONFIG!$B$50*(COUNTIF($AH26:$AM26,"AB")+COUNTIF($AH26:$AM26,"FE")+COUNTIF($AH26:$AM26,"LM")+COUNTIF($AN26:$AN26,"AB")+COUNTIF($AN26:$AN26,"FE")+COUNTIF($AN26:$AN26,"LM"))) | BF26: =SUMPRODUCT(($I26:$AM26="M")*6+($I26:$AM26="T")*6+($I26:$AM26="D")*12+($I26:$AM26="N")*12+($I26:$AM26="NT")*6+($I26:$AM26="C")*10+($I26:$AM26="A")*8+($I26:$AM26="J")*5+($I26:$AM26="CEP")*4+($I26:$AM26="CP")*6+($I26:$AM26="CRO")*6+($I26:$AM26="M+")*6+($I26:$AM26="T+")*6+($I26:$AM26="D+")*12+($I26:$AM26="N+")*12+($I26:$AM26="Dm+")*12+($I26:$AM26="Dt+")*12+($I26:$AM26="Tm-")*6+($I26:$AM26="Mt-")*6) | BG26: =SUMPRODUCT($I$4:$AM$4,($I26:$AM26="M")*6+($I26:$AM26="T")*6+($I26:$AM26="D")*12+($I26:$AM26="N")*12+($I26:$AM26="NT")*6+($I26:$AM26="C")*10+($I26:$AM26="A")*8+($I26:$AM26="J")*5+($I26:$AM26="CEP")*4+($I26:$AM26="CP")*6+($I26:$AM26="CRO")*6+($I26:$AM26="M+")*6+($I26:$AM26="T+")*6+($I26:$AM26="D+")*12+($I26:$AM26="N+")*12+($I26:$AM26="Dm+")*12+($I26:$AM26="Dt+")*12+($I26:$AM26="Tm-")*6+($I26:$AM26="Mt-")*6) | BH26: =SUMPRODUCT($I$5:$AM$5,(($I26:$AM26="N")+($I26:$AM26="N+"))) | BI26: =SUMPRODUCT($I$6:$AM$6,($I26:$AM26="M")*6+($I26:$AM26="T")*6+($I26:$AM26="D")*12+($I26:$AM26="N")*12+($I26:$AM26="NT")*6+($I26:$AM26="C")*10+($I26:$AM26="A")*8+($I26:$AM26="J")*5+($I26:$AM26="CEP")*4+($I26:$AM26="CP")*6+($I26:$AM26="CRO")*6+($I26:$AM26="M+")*6+($I26:$AM26="T+")*6+($I26:$AM26="D+")*12+($I26:$AM26="N+")*12+($I26:$AM26="Dm+")*12+($I26:$AM26="Dt+")*12+($I26:$AM26="Tm-")*6+($I26:$AM26="Mt-")*6) | BJ26: =ROUND(B26*4.43,0) | BK26: =BF26-BJ26 | BL26: =SUMPRODUCT((($C26:$AL26="N")+($C26:$AL26="N+"))*(($D26:$AM26="M")+($D26:$AM26="D")+($D26:$AM26="C")+($D26:$AM26="CEP")+($D26:$AM26="M+")+($D26:$AM26="D+")+($D26:$AM26="Dm+")+($D26:$AM26="Dt+")+($D26:$AM26="Mt-"))) | BM26: =SUMPRODUCT((($C26:$AL26="N")+($C26:$AL26="N+"))*(($D26:$AM26="T")+($D26:$AM26="T+")+($D26:$AM26="Tm-"))) | BN26: =IFERROR(INDEX(CONFIG!$B$44:$D$46,MATCH($B26,CONFIG!$A$44:$A$46,0),IF(COUNTIF($I26:$AM26,"FE")>=10,1,IF(COUNTIF($I26:$AM26,"FE")>=1,2,3))),"") | BO26: =IF(BN26="","",MAX(0,BG26-BN26*CONFIG!$E$44)) | BP26: =MAX(AT26,AV26,AX26,AZ26,BB26,BD26) | BQ26: 3 · staff | BR26: 7
A27: LuAlice | B27: 36 | K27: N | N27: N | P27: N | U27: N | W27: CRO | Y27: N | AB27: N | AD27: N | AF27: N | AI27: N | AJ27: CRO | AK27: N | AN27: =IFERROR(INDEX(FEV!I$8:I$73,MATCH($A27,FEV!$A$8:$A$73,0))&"","") | AT27: =SUMPRODUCT(($F27:$L27="M")*6+($F27:$L27="T")*6+($F27:$L27="D")*12+($F27:$L27="N")*12+($F27:$L27="NT")*6+($F27:$L27="C")*10+($F27:$L27="A")*8+($F27:$L27="J")*5+($F27:$L27="CEP")*4+($F27:$L27="CP")*6+($F27:$L27="CRO")*6+($F27:$L27="M+")*6+($F27:$L27="T+")*6+($F27:$L27="D+")*12+($F27:$L27="N+")*12+($F27:$L27="Dm+")*12+($F27:$L27="Dt+")*12+($F27:$L27="Tm-")*6+($F27:$L27="Mt-")*6) | AU27: =AT27-MAX(0,IFERROR(INDEX(CADASTRO!$I$4:$I$80,MATCH($A27,CADASTRO!$A$4:$A$80,0)),$B27)-CONFIG!$B$50*(COUNTIF($F27:$L27,"AB")+COUNTIF($F27:$L27,"FE")+COUNTIF($F27:$L27,"LM"))) | AV27: =SUMPRODUCT(($M27:$S27="M")*6+($M27:$S27="T")*6+($M27:$S27="D")*12+($M27:$S27="N")*12+($M27:$S27="NT")*6+($M27:$S27="C")*10+($M27:$S27="A")*8+($M27:$S27="J")*5+($M27:$S27="CEP")*4+($M27:$S27="CP")*6+($M27:$S27="CRO")*6+($M27:$S27="M+")*6+($M27:$S27="T+")*6+($M27:$S27="D+")*12+($M27:$S27="N+")*12+($M27:$S27="Dm+")*12+($M27:$S27="Dt+")*12+($M27:$S27="Tm-")*6+($M27:$S27="Mt-")*6) | AW27: =AV27-MAX(0,IFERROR(INDEX(CADASTRO!$I$4:$I$80,MATCH($A27,CADASTRO!$A$4:$A$80,0)),$B27)-CONFIG!$B$50*(COUNTIF($M27:$S27,"AB")+COUNTIF($M27:$S27,"FE")+COUNTIF($M27:$S27,"LM"))) | AX27: =SUMPRODUCT(($T27:$Z27="M")*6+($T27:$Z27="T")*6+($T27:$Z27="D")*12+($T27:$Z27="N")*12+($T27:$Z27="NT")*6+($T27:$Z27="C")*10+($T27:$Z27="A")*8+($T27:$Z27="J")*5+($T27:$Z27="CEP")*4+($T27:$Z27="CP")*6+($T27:$Z27="CRO")*6+($T27:$Z27="M+")*6+($T27:$Z27="T+")*6+($T27:$Z27="D+")*12+($T27:$Z27="N+")*12+($T27:$Z27="Dm+")*12+($T27:$Z27="Dt+")*12+($T27:$Z27="Tm-")*6+($T27:$Z27="Mt-")*6) | AY27: =AX27-MAX(0,IFERROR(INDEX(CADASTRO!$I$4:$I$80,MATCH($A27,CADASTRO!$A$4:$A$80,0)),$B27)-CONFIG!$B$50*(COUNTIF($T27:$Z27,"AB")+COUNTIF($T27:$Z27,"FE")+COUNTIF($T27:$Z27,"LM"))) | AZ27: =SUMPRODUCT(($AA27:$AG27="M")*6+($AA27:$AG27="T")*6+($AA27:$AG27="D")*12+($AA27:$AG27="N")*12+($AA27:$AG27="NT")*6+($AA27:$AG27="C")*10+($AA27:$AG27="A")*8+($AA27:$AG27="J")*5+($AA27:$AG27="CEP")*4+($AA27:$AG27="CP")*6+($AA27:$AG27="CRO")*6+($AA27:$AG27="M+")*6+($AA27:$AG27="T+")*6+($AA27:$AG27="D+")*12+($AA27:$AG27="N+")*12+($AA27:$AG27="Dm+")*12+($AA27:$AG27="Dt+")*12+($AA27:$AG27="Tm-")*6+($AA27:$AG27="Mt-")*6) | BA27: =AZ27-MAX(0,IFERROR(INDEX(CADASTRO!$I$4:$I$80,MATCH($A27,CADASTRO!$A$4:$A$80,0)),$B27)-CONFIG!$B$50*(COUNTIF($AA27:$AG27,"AB")+COUNTIF($AA27:$AG27,"FE")+COUNTIF($AA27:$AG27,"LM"))) | BB27: =SUMPRODUCT(($AH27:$AM27="M")*6+($AH27:$AM27="T")*6+($AH27:$AM27="D")*12+($AH27:$AM27="N")*12+($AH27:$AM27="NT")*6+($AH27:$AM27="C")*10+($AH27:$AM27="A")*8+($AH27:$AM27="J")*5+($AH27:$AM27="CEP")*4+($AH27:$AM27="CP")*6+($AH27:$AM27="CRO")*6+($AH27:$AM27="M+")*6+($AH27:$AM27="T+")*6+($AH27:$AM27="D+")*12+($AH27:$AM27="N+")*12+($AH27:$AM27="Dm+")*12+($AH27:$AM27="Dt+")*12+($AH27:$AM27="Tm-")*6+($AH27:$AM27="Mt-")*6)+SUMPRODUCT(($AN27:$AN27="M")*6+($AN27:$AN27="T")*6+($AN27:$AN27="D")*12+($AN27:$AN27="N")*12+($AN27:$AN27="NT")*6+($AN27:$AN27="C")*10+($AN27:$AN27="A")*8+($AN27:$AN27="J")*5+($AN27:$AN27="CEP")*4+($AN27:$AN27="CP")*6+($AN27:$AN27="CRO")*6+($AN27:$AN27="M+")*6+($AN27:$AN27="T+")*6+($AN27:$AN27="D+")*12+($AN27:$AN27="N+")*12+($AN27:$AN27="Dm+")*12+($AN27:$AN27="Dt+")*12+($AN27:$AN27="Tm-")*6+($AN27:$AN27="Mt-")*6) | BC27: =BB27-MAX(0,IFERROR(INDEX(CADASTRO!$I$4:$I$80,MATCH($A27,CADASTRO!$A$4:$A$80,0)),$B27)-CONFIG!$B$50*(COUNTIF($AH27:$AM27,"AB")+COUNTIF($AH27:$AM27,"FE")+COUNTIF($AH27:$AM27,"LM")+COUNTIF($AN27:$AN27,"AB")+COUNTIF($AN27:$AN27,"FE")+COUNTIF($AN27:$AN27,"LM"))) | BF27: =SUMPRODUCT(($I27:$AM27="M")*6+($I27:$AM27="T")*6+($I27:$AM27="D")*12+($I27:$AM27="N")*12+($I27:$AM27="NT")*6+($I27:$AM27="C")*10+($I27:$AM27="A")*8+($I27:$AM27="J")*5+($I27:$AM27="CEP")*4+($I27:$AM27="CP")*6+($I27:$AM27="CRO")*6+($I27:$AM27="M+")*6+($I27:$AM27="T+")*6+($I27:$AM27="D+")*12+($I27:$AM27="N+")*12+($I27:$AM27="Dm+")*12+($I27:$AM27="Dt+")*12+($I27:$AM27="Tm-")*6+($I27:$AM27="Mt-")*6) | BG27: =SUMPRODUCT($I$4:$AM$4,($I27:$AM27="M")*6+($I27:$AM27="T")*6+($I27:$AM27="D")*12+($I27:$AM27="N")*12+($I27:$AM27="NT")*6+($I27:$AM27="C")*10+($I27:$AM27="A")*8+($I27:$AM27="J")*5+($I27:$AM27="CEP")*4+($I27:$AM27="CP")*6+($I27:$AM27="CRO")*6+($I27:$AM27="M+")*6+($I27:$AM27="T+")*6+($I27:$AM27="D+")*12+($I27:$AM27="N+")*12+($I27:$AM27="Dm+")*12+($I27:$AM27="Dt+")*12+($I27:$AM27="Tm-")*6+($I27:$AM27="Mt-")*6) | BH27: =SUMPRODUCT($I$5:$AM$5,(($I27:$AM27="N")+($I27:$AM27="N+"))) | BI27: =SUMPRODUCT($I$6:$AM$6,($I27:$AM27="M")*6+($I27:$AM27="T")*6+($I27:$AM27="D")*12+($I27:$AM27="N")*12+($I27:$AM27="NT")*6+($I27:$AM27="C")*10+($I27:$AM27="A")*8+($I27:$AM27="J")*5+($I27:$AM27="CEP")*4+($I27:$AM27="CP")*6+($I27:$AM27="CRO")*6+($I27:$AM27="M+")*6+($I27:$AM27="T+")*6+($I27:$AM27="D+")*12+($I27:$AM27="N+")*12+($I27:$AM27="Dm+")*12+($I27:$AM27="Dt+")*12+($I27:$AM27="Tm-")*6+($I27:$AM27="Mt-")*6) | BJ27: =ROUND(B27*4.43,0) | BK27: =BF27-BJ27 | BL27: =SUMPRODUCT((($C27:$AL27="N")+($C27:$AL27="N+"))*(($D27:$AM27="M")+($D27:$AM27="D")+($D27:$AM27="C")+($D27:$AM27="CEP")+($D27:$AM27="M+")+($D27:$AM27="D+")+($D27:$AM27="Dm+")+($D27:$AM27="Dt+")+($D27:$AM27="Mt-"))) | BM27: =SUMPRODUCT((($C27:$AL27="N")+($C27:$AL27="N+"))*(($D27:$AM27="T")+($D27:$AM27="T+")+($D27:$AM27="Tm-"))) | BN27: =IFERROR(INDEX(CONFIG!$B$44:$D$46,MATCH($B27,CONFIG!$A$44:$A$46,0),IF(COUNTIF($I27:$AM27,"FE")>=10,1,IF(COUNTIF($I27:$AM27,"FE")>=1,2,3))),"") | BO27: =IF(BN27="","",MAX(0,BG27-BN27*CONFIG!$E$44)) | BP27: =MAX(AT27,AV27,AX27,AZ27,BB27,BD27) | BQ27: 3 · staff | BR27: 7
A28: Amanda | B28: 30 | J28: Dt+ | K28: D | L28: D | N28: T | O28: M | P28: D | S28: M | T28: N | U28: T | V28: D | AC28: D | AD28: N | AF28: NT | AH28: M | AJ28: D | AL28: N | AN28: =IFERROR(INDEX(FEV!I$8:I$73,MATCH($A28,FEV!$A$8:$A$73,0))&"","") | AT28: =SUMPRODUCT(($F28:$L28="M")*6+($F28:$L28="T")*6+($F28:$L28="D")*12+($F28:$L28="N")*12+($F28:$L28="NT")*6+($F28:$L28="C")*10+($F28:$L28="A")*8+($F28:$L28="J")*5+($F28:$L28="CEP")*4+($F28:$L28="CP")*6+($F28:$L28="CRO")*6+($F28:$L28="M+")*6+($F28:$L28="T+")*6+($F28:$L28="D+")*12+($F28:$L28="N+")*12+($F28:$L28="Dm+")*12+($F28:$L28="Dt+")*12+($F28:$L28="Tm-")*6+($F28:$L28="Mt-")*6) | AU28: =AT28-MAX(0,IFERROR(INDEX(CADASTRO!$I$4:$I$80,MATCH($A28,CADASTRO!$A$4:$A$80,0)),$B28)-CONFIG!$B$50*(COUNTIF($F28:$L28,"AB")+COUNTIF($F28:$L28,"FE")+COUNTIF($F28:$L28,"LM"))) | AV28: =SUMPRODUCT(($M28:$S28="M")*6+($M28:$S28="T")*6+($M28:$S28="D")*12+($M28:$S28="N")*12+($M28:$S28="NT")*6+($M28:$S28="C")*10+($M28:$S28="A")*8+($M28:$S28="J")*5+($M28:$S28="CEP")*4+($M28:$S28="CP")*6+($M28:$S28="CRO")*6+($M28:$S28="M+")*6+($M28:$S28="T+")*6+($M28:$S28="D+")*12+($M28:$S28="N+")*12+($M28:$S28="Dm+")*12+($M28:$S28="Dt+")*12+($M28:$S28="Tm-")*6+($M28:$S28="Mt-")*6) | AW28: =AV28-MAX(0,IFERROR(INDEX(CADASTRO!$I$4:$I$80,MATCH($A28,CADASTRO!$A$4:$A$80,0)),$B28)-CONFIG!$B$50*(COUNTIF($M28:$S28,"AB")+COUNTIF($M28:$S28,"FE")+COUNTIF($M28:$S28,"LM"))) | AX28: =SUMPRODUCT(($T28:$Z28="M")*6+($T28:$Z28="T")*6+($T28:$Z28="D")*12+($T28:$Z28="N")*12+($T28:$Z28="NT")*6+($T28:$Z28="C")*10+($T28:$Z28="A")*8+($T28:$Z28="J")*5+($T28:$Z28="CEP")*4+($T28:$Z28="CP")*6+($T28:$Z28="CRO")*6+($T28:$Z28="M+")*6+($T28:$Z28="T+")*6+($T28:$Z28="D+")*12+($T28:$Z28="N+")*12+($T28:$Z28="Dm+")*12+($T28:$Z28="Dt+")*12+($T28:$Z28="Tm-")*6+($T28:$Z28="Mt-")*6) | AY28: =AX28-MAX(0,IFERROR(INDEX(CADASTRO!$I$4:$I$80,MATCH($A28,CADASTRO!$A$4:$A$80,0)),$B28)-CONFIG!$B$50*(COUNTIF($T28:$Z28,"AB")+COUNTIF($T28:$Z28,"FE")+COUNTIF($T28:$Z28,"LM"))) | AZ28: =SUMPRODUCT(($AA28:$AG28="M")*6+($AA28:$AG28="T")*6+($AA28:$AG28="D")*12+($AA28:$AG28="N")*12+($AA28:$AG28="NT")*6+($AA28:$AG28="C")*10+($AA28:$AG28="A")*8+($AA28:$AG28="J")*5+($AA28:$AG28="CEP")*4+($AA28:$AG28="CP")*6+($AA28:$AG28="CRO")*6+($AA28:$AG28="M+")*6+($AA28:$AG28="T+")*6+($AA28:$AG28="D+")*12+($AA28:$AG28="N+")*12+($AA28:$AG28="Dm+")*12+($AA28:$AG28="Dt+")*12+($AA28:$AG28="Tm-")*6+($AA28:$AG28="Mt-")*6) | BA28: =AZ28-MAX(0,IFERROR(INDEX(CADASTRO!$I$4:$I$80,MATCH($A28,CADASTRO!$A$4:$A$80,0)),$B28)-CONFIG!$B$50*(COUNTIF($AA28:$AG28,"AB")+COUNTIF($AA28:$AG28,"FE")+COUNTIF($AA28:$AG28,"LM"))) | BB28: =SUMPRODUCT(($AH28:$AM28="M")*6+($AH28:$AM28="T")*6+($AH28:$AM28="D")*12+($AH28:$AM28="N")*12+($AH28:$AM28="NT")*6+($AH28:$AM28="C")*10+($AH28:$AM28="A")*8+($AH28:$AM28="J")*5+($AH28:$AM28="CEP")*4+($AH28:$AM28="CP")*6+($AH28:$AM28="CRO")*6+($AH28:$AM28="M+")*6+($AH28:$AM28="T+")*6+($AH28:$AM28="D+")*12+($AH28:$AM28="N+")*12+($AH28:$AM28="Dm+")*12+($AH28:$AM28="Dt+")*12+($AH28:$AM28="Tm-")*6+($AH28:$AM28="Mt-")*6)+SUMPRODUCT(($AN28:$AN28="M")*6+($AN28:$AN28="T")*6+($AN28:$AN28="D")*12+($AN28:$AN28="N")*12+($AN28:$AN28="NT")*6+($AN28:$AN28="C")*10+($AN28:$AN28="A")*8+($AN28:$AN28="J")*5+($AN28:$AN28="CEP")*4+($AN28:$AN28="CP")*6+($AN28:$AN28="CRO")*6+($AN28:$AN28="M+")*6+($AN28:$AN28="T+")*6+($AN28:$AN28="D+")*12+($AN28:$AN28="N+")*12+($AN28:$AN28="Dm+")*12+($AN28:$AN28="Dt+")*12+($AN28:$AN28="Tm-")*6+($AN28:$AN28="Mt-")*6) | BC28: =BB28-MAX(0,IFERROR(INDEX(CADASTRO!$I$4:$I$80,MATCH($A28,CADASTRO!$A$4:$A$80,0)),$B28)-CONFIG!$B$50*(COUNTIF($AH28:$AM28,"AB")+COUNTIF($AH28:$AM28,"FE")+COUNTIF($AH28:$AM28,"LM")+COUNTIF($AN28:$AN28,"AB")+COUNTIF($AN28:$AN28,"FE")+COUNTIF($AN28:$AN28,"LM"))) | BF28: =SUMPRODUCT(($I28:$AM28="M")*6+($I28:$AM28="T")*6+($I28:$AM28="D")*12+($I28:$AM28="N")*12+($I28:$AM28="NT")*6+($I28:$AM28="C")*10+($I28:$AM28="A")*8+($I28:$AM28="J")*5+($I28:$AM28="CEP")*4+($I28:$AM28="CP")*6+($I28:$AM28="CRO")*6+($I28:$AM28="M+")*6+($I28:$AM28="T+")*6+($I28:$AM28="D+")*12+($I28:$AM28="N+")*12+($I28:$AM28="Dm+")*12+($I28:$AM28="Dt+")*12+($I28:$AM28="Tm-")*6+($I28:$AM28="Mt-")*6) | BG28: =SUMPRODUCT($I$4:$AM$4,($I28:$AM28="M")*6+($I28:$AM28="T")*6+($I28:$AM28="D")*12+($I28:$AM28="N")*12+($I28:$AM28="NT")*6+($I28:$AM28="C")*10+($I28:$AM28="A")*8+($I28:$AM28="J")*5+($I28:$AM28="CEP")*4+($I28:$AM28="CP")*6+($I28:$AM28="CRO")*6+($I28:$AM28="M+")*6+($I28:$AM28="T+")*6+($I28:$AM28="D+")*12+($I28:$AM28="N+")*12+($I28:$AM28="Dm+")*12+($I28:$AM28="Dt+")*12+($I28:$AM28="Tm-")*6+($I28:$AM28="Mt-")*6) | BH28: =SUMPRODUCT($I$5:$AM$5,(($I28:$AM28="N")+($I28:$AM28="N+"))) | BI28: =SUMPRODUCT($I$6:$AM$6,($I28:$AM28="M")*6+($I28:$AM28="T")*6+($I28:$AM28="D")*12+($I28:$AM28="N")*12+($I28:$AM28="NT")*6+($I28:$AM28="C")*10+($I28:$AM28="A")*8+($I28:$AM28="J")*5+($I28:$AM28="CEP")*4+($I28:$AM28="CP")*6+($I28:$AM28="CRO")*6+($I28:$AM28="M+")*6+($I28:$AM28="T+")*6+($I28:$AM28="D+")*12+($I28:$AM28="N+")*12+($I28:$AM28="Dm+")*12+($I28:$AM28="Dt+")*12+($I28:$AM28="Tm-")*6+($I28:$AM28="Mt-")*6) | BJ28: =ROUND(B28*4.43,0) | BK28: =BF28-BJ28 | BL28: =SUMPRODUCT((($C28:$AL28="N")+($C28:$AL28="N+"))*(($D28:$AM28="M")+($D28:$AM28="D")+($D28:$AM28="C")+($D28:$AM28="CEP")+($D28:$AM28="M+")+($D28:$AM28="D+")+($D28:$AM28="Dm+")+($D28:$AM28="Dt+")+($D28:$AM28="Mt-"))) | BM28: =SUMPRODUCT((($C28:$AL28="N")+($C28:$AL28="N+"))*(($D28:$AM28="T")+($D28:$AM28="T+")+($D28:$AM28="Tm-"))) | BN28: =IFERROR(INDEX(CONFIG!$B$44:$D$46,MATCH($B28,CONFIG!$A$44:$A$46,0),IF(COUNTIF($I28:$AM28,"FE")>=10,1,IF(COUNTIF($I28:$AM28,"FE")>=1,2,3))),"") | BO28: =IF(BN28="","",MAX(0,BG28-BN28*CONFIG!$E$44)) | BP28: =MAX(AT28,AV28,AX28,AZ28,BB28,BD28) | BQ28: 3 · staff | BR28: 7
A29: Fernando | B29: 30 | J29: M | K29: M | M29: N | O29: M | P29: M | R29: M | T29: N | V29: M | W29: M | Y29: M | AA29: N | AC29: M | AD29: M | AF29: M | AH29: N | AJ29: M | AK29: M | AM29: M | AN29: =IFERROR(INDEX(FEV!I$8:I$73,MATCH($A29,FEV!$A$8:$A$73,0))&"","") | AT29: =SUMPRODUCT(($F29:$L29="M")*6+($F29:$L29="T")*6+($F29:$L29="D")*12+($F29:$L29="N")*12+($F29:$L29="NT")*6+($F29:$L29="C")*10+($F29:$L29="A")*8+($F29:$L29="J")*5+($F29:$L29="CEP")*4+($F29:$L29="CP")*6+($F29:$L29="CRO")*6+($F29:$L29="M+")*6+($F29:$L29="T+")*6+($F29:$L29="D+")*12+($F29:$L29="N+")*12+($F29:$L29="Dm+")*12+($F29:$L29="Dt+")*12+($F29:$L29="Tm-")*6+($F29:$L29="Mt-")*6) | AU29: =AT29-MAX(0,IFERROR(INDEX(CADASTRO!$I$4:$I$80,MATCH($A29,CADASTRO!$A$4:$A$80,0)),$B29)-CONFIG!$B$50*(COUNTIF($F29:$L29,"AB")+COUNTIF($F29:$L29,"FE")+COUNTIF($F29:$L29,"LM"))) | AV29: =SUMPRODUCT(($M29:$S29="M")*6+($M29:$S29="T")*6+($M29:$S29="D")*12+($M29:$S29="N")*12+($M29:$S29="NT")*6+($M29:$S29="C")*10+($M29:$S29="A")*8+($M29:$S29="J")*5+($M29:$S29="CEP")*4+($M29:$S29="CP")*6+($M29:$S29="CRO")*6+($M29:$S29="M+")*6+($M29:$S29="T+")*6+($M29:$S29="D+")*12+($M29:$S29="N+")*12+($M29:$S29="Dm+")*12+($M29:$S29="Dt+")*12+($M29:$S29="Tm-")*6+($M29:$S29="Mt-")*6) | AW29: =AV29-MAX(0,IFERROR(INDEX(CADASTRO!$I$4:$I$80,MATCH($A29,CADASTRO!$A$4:$A$80,0)),$B29)-CONFIG!$B$50*(COUNTIF($M29:$S29,"AB")+COUNTIF($M29:$S29,"FE")+COUNTIF($M29:$S29,"LM"))) | AX29: =SUMPRODUCT(($T29:$Z29="M")*6+($T29:$Z29="T")*6+($T29:$Z29="D")*12+($T29:$Z29="N")*12+($T29:$Z29="NT")*6+($T29:$Z29="C")*10+($T29:$Z29="A")*8+($T29:$Z29="J")*5+($T29:$Z29="CEP")*4+($T29:$Z29="CP")*6+($T29:$Z29="CRO")*6+($T29:$Z29="M+")*6+($T29:$Z29="T+")*6+($T29:$Z29="D+")*12+($T29:$Z29="N+")*12+($T29:$Z29="Dm+")*12+($T29:$Z29="Dt+")*12+($T29:$Z29="Tm-")*6+($T29:$Z29="Mt-")*6) | AY29: =AX29-MAX(0,IFERROR(INDEX(CADASTRO!$I$4:$I$80,MATCH($A29,CADASTRO!$A$4:$A$80,0)),$B29)-CONFIG!$B$50*(COUNTIF($T29:$Z29,"AB")+COUNTIF($T29:$Z29,"FE")+COUNTIF($T29:$Z29,"LM"))) | AZ29: =SUMPRODUCT(($AA29:$AG29="M")*6+($AA29:$AG29="T")*6+($AA29:$AG29="D")*12+($AA29:$AG29="N")*12+($AA29:$AG29="NT")*6+($AA29:$AG29="C")*10+($AA29:$AG29="A")*8+($AA29:$AG29="J")*5+($AA29:$AG29="CEP")*4+($AA29:$AG29="CP")*6+($AA29:$AG29="CRO")*6+($AA29:$AG29="M+")*6+($AA29:$AG29="T+")*6+($AA29:$AG29="D+")*12+($AA29:$AG29="N+")*12+($AA29:$AG29="Dm+")*12+($AA29:$AG29="Dt+")*12+($AA29:$AG29="Tm-")*6+($AA29:$AG29="Mt-")*6) | BA29: =AZ29-MAX(0,IFERROR(INDEX(CADASTRO!$I$4:$I$80,MATCH($A29,CADASTRO!$A$4:$A$80,0)),$B29)-CONFIG!$B$50*(COUNTIF($AA29:$AG29,"AB")+COUNTIF($AA29:$AG29,"FE")+COUNTIF($AA29:$AG29,"LM"))) | BB29: =SUMPRODUCT(($AH29:$AM29="M")*6+($AH29:$AM29="T")*6+($AH29:$AM29="D")*12+($AH29:$AM29="N")*12+($AH29:$AM29="NT")*6+($AH29:$AM29="C")*10+($AH29:$AM29="A")*8+($AH29:$AM29="J")*5+($AH29:$AM29="CEP")*4+($AH29:$AM29="CP")*6+($AH29:$AM29="CRO")*6+($AH29:$AM29="M+")*6+($AH29:$AM29="T+")*6+($AH29:$AM29="D+")*12+($AH29:$AM29="N+")*12+($AH29:$AM29="Dm+")*12+($AH29:$AM29="Dt+")*12+($AH29:$AM29="Tm-")*6+($AH29:$AM29="Mt-")*6)+SUMPRODUCT(($AN29:$AN29="M")*6+($AN29:$AN29="T")*6+($AN29:$AN29="D")*12+($AN29:$AN29="N")*12+($AN29:$AN29="NT")*6+($AN29:$AN29="C")*10+($AN29:$AN29="A")*8+($AN29:$AN29="J")*5+($AN29:$AN29="CEP")*4+($AN29:$AN29="CP")*6+($AN29:$AN29="CRO")*6+($AN29:$AN29="M+")*6+($AN29:$AN29="T+")*6+($AN29:$AN29="D+")*12+($AN29:$AN29="N+")*12+($AN29:$AN29="Dm+")*12+($AN29:$AN29="Dt+")*12+($AN29:$AN29="Tm-")*6+($AN29:$AN29="Mt-")*6) | BC29: =BB29-MAX(0,IFERROR(INDEX(CADASTRO!$I$4:$I$80,MATCH($A29,CADASTRO!$A$4:$A$80,0)),$B29)-CONFIG!$B$50*(COUNTIF($AH29:$AM29,"AB")+COUNTIF($AH29:$AM29,"FE")+COUNTIF($AH29:$AM29,"LM")+COUNTIF($AN29:$AN29,"AB")+COUNTIF($AN29:$AN29,"FE")+COUNTIF($AN29:$AN29,"LM"))) | BF29: =SUMPRODUCT(($I29:$AM29="M")*6+($I29:$AM29="T")*6+($I29:$AM29="D")*12+($I29:$AM29="N")*12+($I29:$AM29="NT")*6+($I29:$AM29="C")*10+($I29:$AM29="A")*8+($I29:$AM29="J")*5+($I29:$AM29="CEP")*4+($I29:$AM29="CP")*6+($I29:$AM29="CRO")*6+($I29:$AM29="M+")*6+($I29:$AM29="T+")*6+($I29:$AM29="D+")*12+($I29:$AM29="N+")*12+($I29:$AM29="Dm+")*12+($I29:$AM29="Dt+")*12+($I29:$AM29="Tm-")*6+($I29:$AM29="Mt-")*6) | BG29: =SUMPRODUCT($I$4:$AM$4,($I29:$AM29="M")*6+($I29:$AM29="T")*6+($I29:$AM29="D")*12+($I29:$AM29="N")*12+($I29:$AM29="NT")*6+($I29:$AM29="C")*10+($I29:$AM29="A")*8+($I29:$AM29="J")*5+($I29:$AM29="CEP")*4+($I29:$AM29="CP")*6+($I29:$AM29="CRO")*6+($I29:$AM29="M+")*6+($I29:$AM29="T+")*6+($I29:$AM29="D+")*12+($I29:$AM29="N+")*12+($I29:$AM29="Dm+")*12+($I29:$AM29="Dt+")*12+($I29:$AM29="Tm-")*6+($I29:$AM29="Mt-")*6) | BH29: =SUMPRODUCT($I$5:$AM$5,(($I29:$AM29="N")+($I29:$AM29="N+"))) | BI29: =SUMPRODUCT($I$6:$AM$6,($I29:$AM29="M")*6+($I29:$AM29="T")*6+($I29:$AM29="D")*12+($I29:$AM29="N")*12+($I29:$AM29="NT")*6+($I29:$AM29="C")*10+($I29:$AM29="A")*8+($I29:$AM29="J")*5+($I29:$AM29="CEP")*4+($I29:$AM29="CP")*6+($I29:$AM29="CRO")*6+($I29:$AM29="M+")*6+($I29:$AM29="T+")*6+($I29:$AM29="D+")*12+($I29:$AM29="N+")*12+($I29:$AM29="Dm+")*12+($I29:$AM29="Dt+")*12+($I29:$AM29="Tm-")*6+($I29:$AM29="Mt-")*6) | BJ29: =ROUND(B29*4.43,0) | BK29: =BF29-BJ29 | BL29: =SUMPRODUCT((($C29:$AL29="N")+($C29:$AL29="N+"))*(($D29:$AM29="M")+($D29:$AM29="D")+($D29:$AM29="C")+($D29:$AM29="CEP")+($D29:$AM29="M+")+($D29:$AM29="D+")+($D29:$AM29="Dm+")+($D29:$AM29="Dt+")+($D29:$AM29="Mt-"))) | BM29: =SUMPRODUCT((($C29:$AL29="N")+($C29:$AL29="N+"))*(($D29:$AM29="T")+($D29:$AM29="T+")+($D29:$AM29="Tm-"))) | BN29: =IFERROR(INDEX(CONFIG!$B$44:$D$46,MATCH($B29,CONFIG!$A$44:$A$46,0),IF(COUNTIF($I29:$AM29,"FE")>=10,1,IF(COUNTIF($I29:$AM29,"FE")>=1,2,3))),"") | BO29: =IF(BN29="","",MAX(0,BG29-BN29*CONFIG!$E$44)) | BP29: =MAX(AT29,AV29,AX29,AZ29,BB29,BD29) | BQ29: 3 · staff | BR29: 7
A30: João | B30: 30 | K30: N | N30: N | O30: T | Q30: T | U30: N | X30: N | Z30: D | AB30: N | AC30: T | AG30: N | AI30: N | AJ30: T | AN30: =IFERROR(INDEX(FEV!I$8:I$73,MATCH($A30,FEV!$A$8:$A$73,0))&"","") | AT30: =SUMPRODUCT(($F30:$L30="M")*6+($F30:$L30="T")*6+($F30:$L30="D")*12+($F30:$L30="N")*12+($F30:$L30="NT")*6+($F30:$L30="C")*10+($F30:$L30="A")*8+($F30:$L30="J")*5+($F30:$L30="CEP")*4+($F30:$L30="CP")*6+($F30:$L30="CRO")*6+($F30:$L30="M+")*6+($F30:$L30="T+")*6+($F30:$L30="D+")*12+($F30:$L30="N+")*12+($F30:$L30="Dm+")*12+($F30:$L30="Dt+")*12+($F30:$L30="Tm-")*6+($F30:$L30="Mt-")*6) | AU30: =AT30-MAX(0,IFERROR(INDEX(CADASTRO!$I$4:$I$80,MATCH($A30,CADASTRO!$A$4:$A$80,0)),$B30)-CONFIG!$B$50*(COUNTIF($F30:$L30,"AB")+COUNTIF($F30:$L30,"FE")+COUNTIF($F30:$L30,"LM"))) | AV30: =SUMPRODUCT(($M30:$S30="M")*6+($M30:$S30="T")*6+($M30:$S30="D")*12+($M30:$S30="N")*12+($M30:$S30="NT")*6+($M30:$S30="C")*10+($M30:$S30="A")*8+($M30:$S30="J")*5+($M30:$S30="CEP")*4+($M30:$S30="CP")*6+($M30:$S30="CRO")*6+($M30:$S30="M+")*6+($M30:$S30="T+")*6+($M30:$S30="D+")*12+($M30:$S30="N+")*12+($M30:$S30="Dm+")*12+($M30:$S30="Dt+")*12+($M30:$S30="Tm-")*6+($M30:$S30="Mt-")*6) | AW30: =AV30-MAX(0,IFERROR(INDEX(CADASTRO!$I$4:$I$80,MATCH($A30,CADASTRO!$A$4:$A$80,0)),$B30)-CONFIG!$B$50*(COUNTIF($M30:$S30,"AB")+COUNTIF($M30:$S30,"FE")+COUNTIF($M30:$S30,"LM"))) | AX30: =SUMPRODUCT(($T30:$Z30="M")*6+($T30:$Z30="T")*6+($T30:$Z30="D")*12+($T30:$Z30="N")*12+($T30:$Z30="NT")*6+($T30:$Z30="C")*10+($T30:$Z30="A")*8+($T30:$Z30="J")*5+($T30:$Z30="CEP")*4+($T30:$Z30="CP")*6+($T30:$Z30="CRO")*6+($T30:$Z30="M+")*6+($T30:$Z30="T+")*6+($T30:$Z30="D+")*12+($T30:$Z30="N+")*12+($T30:$Z30="Dm+")*12+($T30:$Z30="Dt+")*12+($T30:$Z30="Tm-")*6+($T30:$Z30="Mt-")*6) | AY30: =AX30-MAX(0,IFERROR(INDEX(CADASTRO!$I$4:$I$80,MATCH($A30,CADASTRO!$A$4:$A$80,0)),$B30)-CONFIG!$B$50*(COUNTIF($T30:$Z30,"AB")+COUNTIF($T30:$Z30,"FE")+COUNTIF($T30:$Z30,"LM"))) | AZ30: =SUMPRODUCT(($AA30:$AG30="M")*6+($AA30:$AG30="T")*6+($AA30:$AG30="D")*12+($AA30:$AG30="N")*12+($AA30:$AG30="NT")*6+($AA30:$AG30="C")*10+($AA30:$AG30="A")*8+($AA30:$AG30="J")*5+($AA30:$AG30="CEP")*4+($AA30:$AG30="CP")*6+($AA30:$AG30="CRO")*6+($AA30:$AG30="M+")*6+($AA30:$AG30="T+")*6+($AA30:$AG30="D+")*12+($AA30:$AG30="N+")*12+($AA30:$AG30="Dm+")*12+($AA30:$AG30="Dt+")*12+($AA30:$AG30="Tm-")*6+($AA30:$AG30="Mt-")*6) | BA30: =AZ30-MAX(0,IFERROR(INDEX(CADASTRO!$I$4:$I$80,MATCH($A30,CADASTRO!$A$4:$A$80,0)),$B30)-CONFIG!$B$50*(COUNTIF($AA30:$AG30,"AB")+COUNTIF($AA30:$AG30,"FE")+COUNTIF($AA30:$AG30,"LM"))) | BB30: =SUMPRODUCT(($AH30:$AM30="M")*6+($AH30:$AM30="T")*6+($AH30:$AM30="D")*12+($AH30:$AM30="N")*12+($AH30:$AM30="NT")*6+($AH30:$AM30="C")*10+($AH30:$AM30="A")*8+($AH30:$AM30="J")*5+($AH30:$AM30="CEP")*4+($AH30:$AM30="CP")*6+($AH30:$AM30="CRO")*6+($AH30:$AM30="M+")*6+($AH30:$AM30="T+")*6+($AH30:$AM30="D+")*12+($AH30:$AM30="N+")*12+($AH30:$AM30="Dm+")*12+($AH30:$AM30="Dt+")*12+($AH30:$AM30="Tm-")*6+($AH30:$AM30="Mt-")*6)+SUMPRODUCT(($AN30:$AN30="M")*6+($AN30:$AN30="T")*6+($AN30:$AN30="D")*12+($AN30:$AN30="N")*12+($AN30:$AN30="NT")*6+($AN30:$AN30="C")*10+($AN30:$AN30="A")*8+($AN30:$AN30="J")*5+($AN30:$AN30="CEP")*4+($AN30:$AN30="CP")*6+($AN30:$AN30="CRO")*6+($AN30:$AN30="M+")*6+($AN30:$AN30="T+")*6+($AN30:$AN30="D+")*12+($AN30:$AN30="N+")*12+($AN30:$AN30="Dm+")*12+($AN30:$AN30="Dt+")*12+($AN30:$AN30="Tm-")*6+($AN30:$AN30="Mt-")*6) | BC30: =BB30-MAX(0,IFERROR(INDEX(CADASTRO!$I$4:$I$80,MATCH($A30,CADASTRO!$A$4:$A$80,0)),$B30)-CONFIG!$B$50*(COUNTIF($AH30:$AM30,"AB")+COUNTIF($AH30:$AM30,"FE")+COUNTIF($AH30:$AM30,"LM")+COUNTIF($AN30:$AN30,"AB")+COUNTIF($AN30:$AN30,"FE")+COUNTIF($AN30:$AN30,"LM"))) | BF30: =SUMPRODUCT(($I30:$AM30="M")*6+($I30:$AM30="T")*6+($I30:$AM30="D")*12+($I30:$AM30="N")*12+($I30:$AM30="NT")*6+($I30:$AM30="C")*10+($I30:$AM30="A")*8+($I30:$AM30="J")*5+($I30:$AM30="CEP")*4+($I30:$AM30="CP")*6+($I30:$AM30="CRO")*6+($I30:$AM30="M+")*6+($I30:$AM30="T+")*6+($I30:$AM30="D+")*12+($I30:$AM30="N+")*12+($I30:$AM30="Dm+")*12+($I30:$AM30="Dt+")*12+($I30:$AM30="Tm-")*6+($I30:$AM30="Mt-")*6) | BG30: =SUMPRODUCT($I$4:$AM$4,($I30:$AM30="M")*6+($I30:$AM30="T")*6+($I30:$AM30="D")*12+($I30:$AM30="N")*12+($I30:$AM30="NT")*6+($I30:$AM30="C")*10+($I30:$AM30="A")*8+($I30:$AM30="J")*5+($I30:$AM30="CEP")*4+($I30:$AM30="CP")*6+($I30:$AM30="CRO")*6+($I30:$AM30="M+")*6+($I30:$AM30="T+")*6+($I30:$AM30="D+")*12+($I30:$AM30="N+")*12+($I30:$AM30="Dm+")*12+($I30:$AM30="Dt+")*12+($I30:$AM30="Tm-")*6+($I30:$AM30="Mt-")*6) | BH30: =SUMPRODUCT($I$5:$AM$5,(($I30:$AM30="N")+($I30:$AM30="N+"))) | BI30: =SUMPRODUCT($I$6:$AM$6,($I30:$AM30="M")*6+($I30:$AM30="T")*6+($I30:$AM30="D")*12+($I30:$AM30="N")*12+($I30:$AM30="NT")*6+($I30:$AM30="C")*10+($I30:$AM30="A")*8+($I30:$AM30="J")*5+($I30:$AM30="CEP")*4+($I30:$AM30="CP")*6+($I30:$AM30="CRO")*6+($I30:$AM30="M+")*6+($I30:$AM30="T+")*6+($I30:$AM30="D+")*12+($I30:$AM30="N+")*12+($I30:$AM30="Dm+")*12+($I30:$AM30="Dt+")*12+($I30:$AM30="Tm-")*6+($I30:$AM30="Mt-")*6) | BJ30: =ROUND(B30*4.43,0) | BK30: =BF30-BJ30 | BL30: =SUMPRODUCT((($C30:$AL30="N")+($C30:$AL30="N+"))*(($D30:$AM30="M")+($D30:$AM30="D")+($D30:$AM30="C")+($D30:$AM30="CEP")+($D30:$AM30="M+")+($D30:$AM30="D+")+($D30:$AM30="Dm+")+($D30:$AM30="Dt+")+($D30:$AM30="Mt-"))) | BM30: =SUMPRODUCT((($C30:$AL30="N")+($C30:$AL30="N+"))*(($D30:$AM30="T")+($D30:$AM30="T+")+($D30:$AM30="Tm-"))) | BN30: =IFERROR(INDEX(CONFIG!$B$44:$D$46,MATCH($B30,CONFIG!$A$44:$A$46,0),IF(COUNTIF($I30:$AM30,"FE")>=10,1,IF(COUNTIF($I30:$AM30,"FE")>=1,2,3))),"") | BO30: =IF(BN30="","",MAX(0,BG30-BN30*CONFIG!$E$44)) | BP30: =MAX(AT30,AV30,AX30,AZ30,BB30,BD30) | BQ30: 3 · staff | BR30: 7
A31: JuCoutinho | B31: 30 | J31: M | K31: N | M31: T | N31: D | O31: D | S31: T | T31: D | V31: T | X31: M | Y31: N | AA31: D | AB31: M | AC31: D | AE31: M | AH31: D | AJ31: D | AL31: M | AM31: M | AN31: =IFERROR(INDEX(FEV!I$8:I$73,MATCH($A31,FEV!$A$8:$A$73,0))&"","") | AT31: =SUMPRODUCT(($F31:$L31="M")*6+($F31:$L31="T")*6+($F31:$L31="D")*12+($F31:$L31="N")*12+($F31:$L31="NT")*6+($F31:$L31="C")*10+($F31:$L31="A")*8+($F31:$L31="J")*5+($F31:$L31="CEP")*4+($F31:$L31="CP")*6+($F31:$L31="CRO")*6+($F31:$L31="M+")*6+($F31:$L31="T+")*6+($F31:$L31="D+")*12+($F31:$L31="N+")*12+($F31:$L31="Dm+")*12+($F31:$L31="Dt+")*12+($F31:$L31="Tm-")*6+($F31:$L31="Mt-")*6) | AU31: =AT31-MAX(0,IFERROR(INDEX(CADASTRO!$I$4:$I$80,MATCH($A31,CADASTRO!$A$4:$A$80,0)),$B31)-CONFIG!$B$50*(COUNTIF($F31:$L31,"AB")+COUNTIF($F31:$L31,"FE")+COUNTIF($F31:$L31,"LM"))) | AV31: =SUMPRODUCT(($M31:$S31="M")*6+($M31:$S31="T")*6+($M31:$S31="D")*12+($M31:$S31="N")*12+($M31:$S31="NT")*6+($M31:$S31="C")*10+($M31:$S31="A")*8+($M31:$S31="J")*5+($M31:$S31="CEP")*4+($M31:$S31="CP")*6+($M31:$S31="CRO")*6+($M31:$S31="M+")*6+($M31:$S31="T+")*6+($M31:$S31="D+")*12+($M31:$S31="N+")*12+($M31:$S31="Dm+")*12+($M31:$S31="Dt+")*12+($M31:$S31="Tm-")*6+($M31:$S31="Mt-")*6) | AW31: =AV31-MAX(0,IFERROR(INDEX(CADASTRO!$I$4:$I$80,MATCH($A31,CADASTRO!$A$4:$A$80,0)),$B31)-CONFIG!$B$50*(COUNTIF($M31:$S31,"AB")+COUNTIF($M31:$S31,"FE")+COUNTIF($M31:$S31,"LM"))) | AX31: =SUMPRODUCT(($T31:$Z31="M")*6+($T31:$Z31="T")*6+($T31:$Z31="D")*12+($T31:$Z31="N")*12+($T31:$Z31="NT")*6+($T31:$Z31="C")*10+($T31:$Z31="A")*8+($T31:$Z31="J")*5+($T31:$Z31="CEP")*4+($T31:$Z31="CP")*6+($T31:$Z31="CRO")*6+($T31:$Z31="M+")*6+($T31:$Z31="T+")*6+($T31:$Z31="D+")*12+($T31:$Z31="N+")*12+($T31:$Z31="Dm+")*12+($T31:$Z31="Dt+")*12+($T31:$Z31="Tm-")*6+($T31:$Z31="Mt-")*6) | AY31: =AX31-MAX(0,IFERROR(INDEX(CADASTRO!$I$4:$I$80,MATCH($A31,CADASTRO!$A$4:$A$80,0)),$B31)-CONFIG!$B$50*(COUNTIF($T31:$Z31,"AB")+COUNTIF($T31:$Z31,"FE")+COUNTIF($T31:$Z31,"LM"))) | AZ31: =SUMPRODUCT(($AA31:$AG31="M")*6+($AA31:$AG31="T")*6+($AA31:$AG31="D")*12+($AA31:$AG31="N")*12+($AA31:$AG31="NT")*6+($AA31:$AG31="C")*10+($AA31:$AG31="A")*8+($AA31:$AG31="J")*5+($AA31:$AG31="CEP")*4+($AA31:$AG31="CP")*6+($AA31:$AG31="CRO")*6+($AA31:$AG31="M+")*6+($AA31:$AG31="T+")*6+($AA31:$AG31="D+")*12+($AA31:$AG31="N+")*12+($AA31:$AG31="Dm+")*12+($AA31:$AG31="Dt+")*12+($AA31:$AG31="Tm-")*6+($AA31:$AG31="Mt-")*6) | BA31: =AZ31-MAX(0,IFERROR(INDEX(CADASTRO!$I$4:$I$80,MATCH($A31,CADASTRO!$A$4:$A$80,0)),$B31)-CONFIG!$B$50*(COUNTIF($AA31:$AG31,"AB")+COUNTIF($AA31:$AG31,"FE")+COUNTIF($AA31:$AG31,"LM"))) | BB31: =SUMPRODUCT(($AH31:$AM31="M")*6+($AH31:$AM31="T")*6+($AH31:$AM31="D")*12+($AH31:$AM31="N")*12+($AH31:$AM31="NT")*6+($AH31:$AM31="C")*10+($AH31:$AM31="A")*8+($AH31:$AM31="J")*5+($AH31:$AM31="CEP")*4+($AH31:$AM31="CP")*6+($AH31:$AM31="CRO")*6+($AH31:$AM31="M+")*6+($AH31:$AM31="T+")*6+($AH31:$AM31="D+")*12+($AH31:$AM31="N+")*12+($AH31:$AM31="Dm+")*12+($AH31:$AM31="Dt+")*12+($AH31:$AM31="Tm-")*6+($AH31:$AM31="Mt-")*6)+SUMPRODUCT(($AN31:$AN31="M")*6+($AN31:$AN31="T")*6+($AN31:$AN31="D")*12+($AN31:$AN31="N")*12+($AN31:$AN31="NT")*6+($AN31:$AN31="C")*10+($AN31:$AN31="A")*8+($AN31:$AN31="J")*5+($AN31:$AN31="CEP")*4+($AN31:$AN31="CP")*6+($AN31:$AN31="CRO")*6+($AN31:$AN31="M+")*6+($AN31:$AN31="T+")*6+($AN31:$AN31="D+")*12+($AN31:$AN31="N+")*12+($AN31:$AN31="Dm+")*12+($AN31:$AN31="Dt+")*12+($AN31:$AN31="Tm-")*6+($AN31:$AN31="Mt-")*6) | BC31: =BB31-MAX(0,IFERROR(INDEX(CADASTRO!$I$4:$I$80,MATCH($A31,CADASTRO!$A$4:$A$80,0)),$B31)-CONFIG!$B$50*(COUNTIF($AH31:$AM31,"AB")+COUNTIF($AH31:$AM31,"FE")+COUNTIF($AH31:$AM31,"LM")+COUNTIF($AN31:$AN31,"AB")+COUNTIF($AN31:$AN31,"FE")+COUNTIF($AN31:$AN31,"LM"))) | BF31: =SUMPRODUCT(($I31:$AM31="M")*6+($I31:$AM31="T")*6+($I31:$AM31="D")*12+($I31:$AM31="N")*12+($I31:$AM31="NT")*6+($I31:$AM31="C")*10+($I31:$AM31="A")*8+($I31:$AM31="J")*5+($I31:$AM31="CEP")*4+($I31:$AM31="CP")*6+($I31:$AM31="CRO")*6+($I31:$AM31="M+")*6+($I31:$AM31="T+")*6+($I31:$AM31="D+")*12+($I31:$AM31="N+")*12+($I31:$AM31="Dm+")*12+($I31:$AM31="Dt+")*12+($I31:$AM31="Tm-")*6+($I31:$AM31="Mt-")*6) | BG31: =SUMPRODUCT($I$4:$AM$4,($I31:$AM31="M")*6+($I31:$AM31="T")*6+($I31:$AM31="D")*12+($I31:$AM31="N")*12+($I31:$AM31="NT")*6+($I31:$AM31="C")*10+($I31:$AM31="A")*8+($I31:$AM31="J")*5+($I31:$AM31="CEP")*4+($I31:$AM31="CP")*6+($I31:$AM31="CRO")*6+($I31:$AM31="M+")*6+($I31:$AM31="T+")*6+($I31:$AM31="D+")*12+($I31:$AM31="N+")*12+($I31:$AM31="Dm+")*12+($I31:$AM31="Dt+")*12+($I31:$AM31="Tm-")*6+($I31:$AM31="Mt-")*6) | BH31: =SUMPRODUCT($I$5:$AM$5,(($I31:$AM31="N")+($I31:$AM31="N+"))) | BI31: =SUMPRODUCT($I$6:$AM$6,($I31:$AM31="M")*6+($I31:$AM31="T")*6+($I31:$AM31="D")*12+($I31:$AM31="N")*12+($I31:$AM31="NT")*6+($I31:$AM31="C")*10+($I31:$AM31="A")*8+($I31:$AM31="J")*5+($I31:$AM31="CEP")*4+($I31:$AM31="CP")*6+($I31:$AM31="CRO")*6+($I31:$AM31="M+")*6+($I31:$AM31="T+")*6+($I31:$AM31="D+")*12+($I31:$AM31="N+")*12+($I31:$AM31="Dm+")*12+($I31:$AM31="Dt+")*12+($I31:$AM31="Tm-")*6+($I31:$AM31="Mt-")*6) | BJ31: =ROUND(B31*4.43,0) | BK31: =BF31-BJ31 | BL31: =SUMPRODUCT((($C31:$AL31="N")+($C31:$AL31="N+"))*(($D31:$AM31="M")+($D31:$AM31="D")+($D31:$AM31="C")+($D31:$AM31="CEP")+($D31:$AM31="M+")+($D31:$AM31="D+")+($D31:$AM31="Dm+")+($D31:$AM31="Dt+")+($D31:$AM31="Mt-"))) | BM31: =SUMPRODUCT((($C31:$AL31="N")+($C31:$AL31="N+"))*(($D31:$AM31="T")+($D31:$AM31="T+")+($D31:$AM31="Tm-"))) | BN31: =IFERROR(INDEX(CONFIG!$B$44:$D$46,MATCH($B31,CONFIG!$A$44:$A$46,0),IF(COUNTIF($I31:$AM31,"FE")>=10,1,IF(COUNTIF($I31:$AM31,"FE")>=1,2,3))),"") | BO31: =IF(BN31="","",MAX(0,BG31-BN31*CONFIG!$E$44)) | BP31: =MAX(AT31,AV31,AX31,AZ31,BB31,BD31) | BQ31: 3 · staff | BR31: 7
A32: LeLemos | B32: 30 | J32: N | L32: M | M32: N | Q32: N | S32: D | T32: D | W32: T | Z32: M | AA32: N | AF32: M | AG32: M | AJ32: N | AL32: T | AN32: =IFERROR(INDEX(FEV!I$8:I$73,MATCH($A32,FEV!$A$8:$A$73,0))&"","") | AT32: =SUMPRODUCT(($F32:$L32="M")*6+($F32:$L32="T")*6+($F32:$L32="D")*12+($F32:$L32="N")*12+($F32:$L32="NT")*6+($F32:$L32="C")*10+($F32:$L32="A")*8+($F32:$L32="J")*5+($F32:$L32="CEP")*4+($F32:$L32="CP")*6+($F32:$L32="CRO")*6+($F32:$L32="M+")*6+($F32:$L32="T+")*6+($F32:$L32="D+")*12+($F32:$L32="N+")*12+($F32:$L32="Dm+")*12+($F32:$L32="Dt+")*12+($F32:$L32="Tm-")*6+($F32:$L32="Mt-")*6) | AU32: =AT32-MAX(0,IFERROR(INDEX(CADASTRO!$I$4:$I$80,MATCH($A32,CADASTRO!$A$4:$A$80,0)),$B32)-CONFIG!$B$50*(COUNTIF($F32:$L32,"AB")+COUNTIF($F32:$L32,"FE")+COUNTIF($F32:$L32,"LM"))) | AV32: =SUMPRODUCT(($M32:$S32="M")*6+($M32:$S32="T")*6+($M32:$S32="D")*12+($M32:$S32="N")*12+($M32:$S32="NT")*6+($M32:$S32="C")*10+($M32:$S32="A")*8+($M32:$S32="J")*5+($M32:$S32="CEP")*4+($M32:$S32="CP")*6+($M32:$S32="CRO")*6+($M32:$S32="M+")*6+($M32:$S32="T+")*6+($M32:$S32="D+")*12+($M32:$S32="N+")*12+($M32:$S32="Dm+")*12+($M32:$S32="Dt+")*12+($M32:$S32="Tm-")*6+($M32:$S32="Mt-")*6) | AW32: =AV32-MAX(0,IFERROR(INDEX(CADASTRO!$I$4:$I$80,MATCH($A32,CADASTRO!$A$4:$A$80,0)),$B32)-CONFIG!$B$50*(COUNTIF($M32:$S32,"AB")+COUNTIF($M32:$S32,"FE")+COUNTIF($M32:$S32,"LM"))) | AX32: =SUMPRODUCT(($T32:$Z32="M")*6+($T32:$Z32="T")*6+($T32:$Z32="D")*12+($T32:$Z32="N")*12+($T32:$Z32="NT")*6+($T32:$Z32="C")*10+($T32:$Z32="A")*8+($T32:$Z32="J")*5+($T32:$Z32="CEP")*4+($T32:$Z32="CP")*6+($T32:$Z32="CRO")*6+($T32:$Z32="M+")*6+($T32:$Z32="T+")*6+($T32:$Z32="D+")*12+($T32:$Z32="N+")*12+($T32:$Z32="Dm+")*12+($T32:$Z32="Dt+")*12+($T32:$Z32="Tm-")*6+($T32:$Z32="Mt-")*6) | AY32: =AX32-MAX(0,IFERROR(INDEX(CADASTRO!$I$4:$I$80,MATCH($A32,CADASTRO!$A$4:$A$80,0)),$B32)-CONFIG!$B$50*(COUNTIF($T32:$Z32,"AB")+COUNTIF($T32:$Z32,"FE")+COUNTIF($T32:$Z32,"LM"))) | AZ32: =SUMPRODUCT(($AA32:$AG32="M")*6+($AA32:$AG32="T")*6+($AA32:$AG32="D")*12+($AA32:$AG32="N")*12+($AA32:$AG32="NT")*6+($AA32:$AG32="C")*10+($AA32:$AG32="A")*8+($AA32:$AG32="J")*5+($AA32:$AG32="CEP")*4+($AA32:$AG32="CP")*6+($AA32:$AG32="CRO")*6+($AA32:$AG32="M+")*6+($AA32:$AG32="T+")*6+($AA32:$AG32="D+")*12+($AA32:$AG32="N+")*12+($AA32:$AG32="Dm+")*12+($AA32:$AG32="Dt+")*12+($AA32:$AG32="Tm-")*6+($AA32:$AG32="Mt-")*6) | BA32: =AZ32-MAX(0,IFERROR(INDEX(CADASTRO!$I$4:$I$80,MATCH($A32,CADASTRO!$A$4:$A$80,0)),$B32)-CONFIG!$B$50*(COUNTIF($AA32:$AG32,"AB")+COUNTIF($AA32:$AG32,"FE")+COUNTIF($AA32:$AG32,"LM"))) | BB32: =SUMPRODUCT(($AH32:$AM32="M")*6+($AH32:$AM32="T")*6+($AH32:$AM32="D")*12+($AH32:$AM32="N")*12+($AH32:$AM32="NT")*6+($AH32:$AM32="C")*10+($AH32:$AM32="A")*8+($AH32:$AM32="J")*5+($AH32:$AM32="CEP")*4+($AH32:$AM32="CP")*6+($AH32:$AM32="CRO")*6+($AH32:$AM32="M+")*6+($AH32:$AM32="T+")*6+($AH32:$AM32="D+")*12+($AH32:$AM32="N+")*12+($AH32:$AM32="Dm+")*12+($AH32:$AM32="Dt+")*12+($AH32:$AM32="Tm-")*6+($AH32:$AM32="Mt-")*6)+SUMPRODUCT(($AN32:$AN32="M")*6+($AN32:$AN32="T")*6+($AN32:$AN32="D")*12+($AN32:$AN32="N")*12+($AN32:$AN32="NT")*6+($AN32:$AN32="C")*10+($AN32:$AN32="A")*8+($AN32:$AN32="J")*5+($AN32:$AN32="CEP")*4+($AN32:$AN32="CP")*6+($AN32:$AN32="CRO")*6+($AN32:$AN32="M+")*6+($AN32:$AN32="T+")*6+($AN32:$AN32="D+")*12+($AN32:$AN32="N+")*12+($AN32:$AN32="Dm+")*12+($AN32:$AN32="Dt+")*12+($AN32:$AN32="Tm-")*6+($AN32:$AN32="Mt-")*6) | BC32: =BB32-MAX(0,IFERROR(INDEX(CADASTRO!$I$4:$I$80,MATCH($A32,CADASTRO!$A$4:$A$80,0)),$B32)-CONFIG!$B$50*(COUNTIF($AH32:$AM32,"AB")+COUNTIF($AH32:$AM32,"FE")+COUNTIF($AH32:$AM32,"LM")+COUNTIF($AN32:$AN32,"AB")+COUNTIF($AN32:$AN32,"FE")+COUNTIF($AN32:$AN32,"LM"))) | BF32: =SUMPRODUCT(($I32:$AM32="M")*6+($I32:$AM32="T")*6+($I32:$AM32="D")*12+($I32:$AM32="N")*12+($I32:$AM32="NT")*6+($I32:$AM32="C")*10+($I32:$AM32="A")*8+($I32:$AM32="J")*5+($I32:$AM32="CEP")*4+($I32:$AM32="CP")*6+($I32:$AM32="CRO")*6+($I32:$AM32="M+")*6+($I32:$AM32="T+")*6+($I32:$AM32="D+")*12+($I32:$AM32="N+")*12+($I32:$AM32="Dm+")*12+($I32:$AM32="Dt+")*12+($I32:$AM32="Tm-")*6+($I32:$AM32="Mt-")*6) | BG32: =SUMPRODUCT($I$4:$AM$4,($I32:$AM32="M")*6+($I32:$AM32="T")*6+($I32:$AM32="D")*12+($I32:$AM32="N")*12+($I32:$AM32="NT")*6+($I32:$AM32="C")*10+($I32:$AM32="A")*8+($I32:$AM32="J")*5+($I32:$AM32="CEP")*4+($I32:$AM32="CP")*6+($I32:$AM32="CRO")*6+($I32:$AM32="M+")*6+($I32:$AM32="T+")*6+($I32:$AM32="D+")*12+($I32:$AM32="N+")*12+($I32:$AM32="Dm+")*12+($I32:$AM32="Dt+")*12+($I32:$AM32="Tm-")*6+($I32:$AM32="Mt-")*6) | BH32: =SUMPRODUCT($I$5:$AM$5,(($I32:$AM32="N")+($I32:$AM32="N+"))) | BI32: =SUMPRODUCT($I$6:$AM$6,($I32:$AM32="M")*6+($I32:$AM32="T")*6+($I32:$AM32="D")*12+($I32:$AM32="N")*12+($I32:$AM32="NT")*6+($I32:$AM32="C")*10+($I32:$AM32="A")*8+($I32:$AM32="J")*5+($I32:$AM32="CEP")*4+($I32:$AM32="CP")*6+($I32:$AM32="CRO")*6+($I32:$AM32="M+")*6+($I32:$AM32="T+")*6+($I32:$AM32="D+")*12+($I32:$AM32="N+")*12+($I32:$AM32="Dm+")*12+($I32:$AM32="Dt+")*12+($I32:$AM32="Tm-")*6+($I32:$AM32="Mt-")*6) | BJ32: =ROUND(B32*4.43,0) | BK32: =BF32-BJ32 | BL32: =SUMPRODUCT((($C32:$AL32="N")+($C32:$AL32="N+"))*(($D32:$AM32="M")+($D32:$AM32="D")+($D32:$AM32="C")+($D32:$AM32="CEP")+($D32:$AM32="M+")+($D32:$AM32="D+")+($D32:$AM32="Dm+")+($D32:$AM32="Dt+")+($D32:$AM32="Mt-"))) | BM32: =SUMPRODUCT((($C32:$AL32="N")+($C32:$AL32="N+"))*(($D32:$AM32="T")+($D32:$AM32="T+")+($D32:$AM32="Tm-"))) | BN32: =IFERROR(INDEX(CONFIG!$B$44:$D$46,MATCH($B32,CONFIG!$A$44:$A$46,0),IF(COUNTIF($I32:$AM32,"FE")>=10,1,IF(COUNTIF($I32:$AM32,"FE")>=1,2,3))),"") | BO32: =IF(BN32="","",MAX(0,BG32-BN32*CONFIG!$E$44)) | BP32: =MAX(AT32,AV32,AX32,AZ32,BB32,BD32) | BQ32: 3 · staff | BR32: 7
A33: Leomara | B33: 24 | AN33: =IFERROR(INDEX(FEV!I$8:I$73,MATCH($A33,FEV!$A$8:$A$73,0))&"","") | AT33: =SUMPRODUCT(($F33:$L33="M")*6+($F33:$L33="T")*6+($F33:$L33="D")*12+($F33:$L33="N")*12+($F33:$L33="NT")*6+($F33:$L33="C")*10+($F33:$L33="A")*8+($F33:$L33="J")*5+($F33:$L33="CEP")*4+($F33:$L33="CP")*6+($F33:$L33="CRO")*6+($F33:$L33="M+")*6+($F33:$L33="T+")*6+($F33:$L33="D+")*12+($F33:$L33="N+")*12+($F33:$L33="Dm+")*12+($F33:$L33="Dt+")*12+($F33:$L33="Tm-")*6+($F33:$L33="Mt-")*6) | AU33: =AT33-MAX(0,IFERROR(INDEX(CADASTRO!$I$4:$I$80,MATCH($A33,CADASTRO!$A$4:$A$80,0)),$B33)-CONFIG!$B$50*(COUNTIF($F33:$L33,"AB")+COUNTIF($F33:$L33,"FE")+COUNTIF($F33:$L33,"LM"))) | AV33: =SUMPRODUCT(($M33:$S33="M")*6+($M33:$S33="T")*6+($M33:$S33="D")*12+($M33:$S33="N")*12+($M33:$S33="NT")*6+($M33:$S33="C")*10+($M33:$S33="A")*8+($M33:$S33="J")*5+($M33:$S33="CEP")*4+($M33:$S33="CP")*6+($M33:$S33="CRO")*6+($M33:$S33="M+")*6+($M33:$S33="T+")*6+($M33:$S33="D+")*12+($M33:$S33="N+")*12+($M33:$S33="Dm+")*12+($M33:$S33="Dt+")*12+($M33:$S33="Tm-")*6+($M33:$S33="Mt-")*6) | AW33: =AV33-MAX(0,IFERROR(INDEX(CADASTRO!$I$4:$I$80,MATCH($A33,CADASTRO!$A$4:$A$80,0)),$B33)-CONFIG!$B$50*(COUNTIF($M33:$S33,"AB")+COUNTIF($M33:$S33,"FE")+COUNTIF($M33:$S33,"LM"))) | AX33: =SUMPRODUCT(($T33:$Z33="M")*6+($T33:$Z33="T")*6+($T33:$Z33="D")*12+($T33:$Z33="N")*12+($T33:$Z33="NT")*6+($T33:$Z33="C")*10+($T33:$Z33="A")*8+($T33:$Z33="J")*5+($T33:$Z33="CEP")*4+($T33:$Z33="CP")*6+($T33:$Z33="CRO")*6+($T33:$Z33="M+")*6+($T33:$Z33="T+")*6+($T33:$Z33="D+")*12+($T33:$Z33="N+")*12+($T33:$Z33="Dm+")*12+($T33:$Z33="Dt+")*12+($T33:$Z33="Tm-")*6+($T33:$Z33="Mt-")*6) | AY33: =AX33-MAX(0,IFERROR(INDEX(CADASTRO!$I$4:$I$80,MATCH($A33,CADASTRO!$A$4:$A$80,0)),$B33)-CONFIG!$B$50*(COUNTIF($T33:$Z33,"AB")+COUNTIF($T33:$Z33,"FE")+COUNTIF($T33:$Z33,"LM"))) | AZ33: =SUMPRODUCT(($AA33:$AG33="M")*6+($AA33:$AG33="T")*6+($AA33:$AG33="D")*12+($AA33:$AG33="N")*12+($AA33:$AG33="NT")*6+($AA33:$AG33="C")*10+($AA33:$AG33="A")*8+($AA33:$AG33="J")*5+($AA33:$AG33="CEP")*4+($AA33:$AG33="CP")*6+($AA33:$AG33="CRO")*6+($AA33:$AG33="M+")*6+($AA33:$AG33="T+")*6+($AA33:$AG33="D+")*12+($AA33:$AG33="N+")*12+($AA33:$AG33="Dm+")*12+($AA33:$AG33="Dt+")*12+($AA33:$AG33="Tm-")*6+($AA33:$AG33="Mt-")*6) | BA33: =AZ33-MAX(0,IFERROR(INDEX(CADASTRO!$I$4:$I$80,MATCH($A33,CADASTRO!$A$4:$A$80,0)),$B33)-CONFIG!$B$50*(COUNTIF($AA33:$AG33,"AB")+COUNTIF($AA33:$AG33,"FE")+COUNTIF($AA33:$AG33,"LM"))) | BB33: =SUMPRODUCT(($AH33:$AM33="M")*6+($AH33:$AM33="T")*6+($AH33:$AM33="D")*12+($AH33:$AM33="N")*12+($AH33:$AM33="NT")*6+($AH33:$AM33="C")*10+($AH33:$AM33="A")*8+($AH33:$AM33="J")*5+($AH33:$AM33="CEP")*4+($AH33:$AM33="CP")*6+($AH33:$AM33="CRO")*6+($AH33:$AM33="M+")*6+($AH33:$AM33="T+")*6+($AH33:$AM33="D+")*12+($AH33:$AM33="N+")*12+($AH33:$AM33="Dm+")*12+($AH33:$AM33="Dt+")*12+($AH33:$AM33="Tm-")*6+($AH33:$AM33="Mt-")*6)+SUMPRODUCT(($AN33:$AN33="M")*6+($AN33:$AN33="T")*6+($AN33:$AN33="D")*12+($AN33:$AN33="N")*12+($AN33:$AN33="NT")*6+($AN33:$AN33="C")*10+($AN33:$AN33="A")*8+($AN33:$AN33="J")*5+($AN33:$AN33="CEP")*4+($AN33:$AN33="CP")*6+($AN33:$AN33="CRO")*6+($AN33:$AN33="M+")*6+($AN33:$AN33="T+")*6+($AN33:$AN33="D+")*12+($AN33:$AN33="N+")*12+($AN33:$AN33="Dm+")*12+($AN33:$AN33="Dt+")*12+($AN33:$AN33="Tm-")*6+($AN33:$AN33="Mt-")*6) | BC33: =BB33-MAX(0,IFERROR(INDEX(CADASTRO!$I$4:$I$80,MATCH($A33,CADASTRO!$A$4:$A$80,0)),$B33)-CONFIG!$B$50*(COUNTIF($AH33:$AM33,"AB")+COUNTIF($AH33:$AM33,"FE")+COUNTIF($AH33:$AM33,"LM")+COUNTIF($AN33:$AN33,"AB")+COUNTIF($AN33:$AN33,"FE")+COUNTIF($AN33:$AN33,"LM"))) | BF33: =SUMPRODUCT(($I33:$AM33="M")*6+($I33:$AM33="T")*6+($I33:$AM33="D")*12+($I33:$AM33="N")*12+($I33:$AM33="NT")*6+($I33:$AM33="C")*10+($I33:$AM33="A")*8+($I33:$AM33="J")*5+($I33:$AM33="CEP")*4+($I33:$AM33="CP")*6+($I33:$AM33="CRO")*6+($I33:$AM33="M+")*6+($I33:$AM33="T+")*6+($I33:$AM33="D+")*12+($I33:$AM33="N+")*12+($I33:$AM33="Dm+")*12+($I33:$AM33="Dt+")*12+($I33:$AM33="Tm-")*6+($I33:$AM33="Mt-")*6) | BG33: =SUMPRODUCT($I$4:$AM$4,($I33:$AM33="M")*6+($I33:$AM33="T")*6+($I33:$AM33="D")*12+($I33:$AM33="N")*12+($I33:$AM33="NT")*6+($I33:$AM33="C")*10+($I33:$AM33="A")*8+($I33:$AM33="J")*5+($I33:$AM33="CEP")*4+($I33:$AM33="CP")*6+($I33:$AM33="CRO")*6+($I33:$AM33="M+")*6+($I33:$AM33="T+")*6+($I33:$AM33="D+")*12+($I33:$AM33="N+")*12+($I33:$AM33="Dm+")*12+($I33:$AM33="Dt+")*12+($I33:$AM33="Tm-")*6+($I33:$AM33="Mt-")*6) | BH33: =SUMPRODUCT($I$5:$AM$5,(($I33:$AM33="N")+($I33:$AM33="N+"))) | BI33: =SUMPRODUCT($I$6:$AM$6,($I33:$AM33="M")*6+($I33:$AM33="T")*6+($I33:$AM33="D")*12+($I33:$AM33="N")*12+($I33:$AM33="NT")*6+($I33:$AM33="C")*10+($I33:$AM33="A")*8+($I33:$AM33="J")*5+($I33:$AM33="CEP")*4+($I33:$AM33="CP")*6+($I33:$AM33="CRO")*6+($I33:$AM33="M+")*6+($I33:$AM33="T+")*6+($I33:$AM33="D+")*12+($I33:$AM33="N+")*12+($I33:$AM33="Dm+")*12+($I33:$AM33="Dt+")*12+($I33:$AM33="Tm-")*6+($I33:$AM33="Mt-")*6) | BJ33: =ROUND(B33*4.43,0) | BK33: =BF33-BJ33 | BL33: =SUMPRODUCT((($C33:$AL33="N")+($C33:$AL33="N+"))*(($D33:$AM33="M")+($D33:$AM33="D")+($D33:$AM33="C")+($D33:$AM33="CEP")+($D33:$AM33="M+")+($D33:$AM33="D+")+($D33:$AM33="Dm+")+($D33:$AM33="Dt+")+($D33:$AM33="Mt-"))) | BM33: =SUMPRODUCT((($C33:$AL33="N")+($C33:$AL33="N+"))*(($D33:$AM33="T")+($D33:$AM33="T+")+($D33:$AM33="Tm-"))) | BN33: =IFERROR(INDEX(CONFIG!$B$44:$D$46,MATCH($B33,CONFIG!$A$44:$A$46,0),IF(COUNTIF($I33:$AM33,"FE")>=10,1,IF(COUNTIF($I33:$AM33,"FE")>=1,2,3))),"") | BO33: =IF(BN33="","",MAX(0,BG33-BN33*CONFIG!$E$44)) | BP33: =MAX(AT33,AV33,AX33,AZ33,BB33,BD33) | BQ33: 3 · staff | BR33: 7
A34: Marilia | B34: 30 | J34: D | O34: D | R34: D | S34: M | U34: D | V34: M | X34: N | AC34: D | AD34: M | AG34: D | AI34: D | AJ34: M | AK34: D | AN34: =IFERROR(INDEX(FEV!I$8:I$73,MATCH($A34,FEV!$A$8:$A$73,0))&"","") | AT34: =SUMPRODUCT(($F34:$L34="M")*6+($F34:$L34="T")*6+($F34:$L34="D")*12+($F34:$L34="N")*12+($F34:$L34="NT")*6+($F34:$L34="C")*10+($F34:$L34="A")*8+($F34:$L34="J")*5+($F34:$L34="CEP")*4+($F34:$L34="CP")*6+($F34:$L34="CRO")*6+($F34:$L34="M+")*6+($F34:$L34="T+")*6+($F34:$L34="D+")*12+($F34:$L34="N+")*12+($F34:$L34="Dm+")*12+($F34:$L34="Dt+")*12+($F34:$L34="Tm-")*6+($F34:$L34="Mt-")*6) | AU34: =AT34-MAX(0,IFERROR(INDEX(CADASTRO!$I$4:$I$80,MATCH($A34,CADASTRO!$A$4:$A$80,0)),$B34)-CONFIG!$B$50*(COUNTIF($F34:$L34,"AB")+COUNTIF($F34:$L34,"FE")+COUNTIF($F34:$L34,"LM"))) | AV34: =SUMPRODUCT(($M34:$S34="M")*6+($M34:$S34="T")*6+($M34:$S34="D")*12+($M34:$S34="N")*12+($M34:$S34="NT")*6+($M34:$S34="C")*10+($M34:$S34="A")*8+($M34:$S34="J")*5+($M34:$S34="CEP")*4+($M34:$S34="CP")*6+($M34:$S34="CRO")*6+($M34:$S34="M+")*6+($M34:$S34="T+")*6+($M34:$S34="D+")*12+($M34:$S34="N+")*12+($M34:$S34="Dm+")*12+($M34:$S34="Dt+")*12+($M34:$S34="Tm-")*6+($M34:$S34="Mt-")*6) | AW34: =AV34-MAX(0,IFERROR(INDEX(CADASTRO!$I$4:$I$80,MATCH($A34,CADASTRO!$A$4:$A$80,0)),$B34)-CONFIG!$B$50*(COUNTIF($M34:$S34,"AB")+COUNTIF($M34:$S34,"FE")+COUNTIF($M34:$S34,"LM"))) | AX34: =SUMPRODUCT(($T34:$Z34="M")*6+($T34:$Z34="T")*6+($T34:$Z34="D")*12+($T34:$Z34="N")*12+($T34:$Z34="NT")*6+($T34:$Z34="C")*10+($T34:$Z34="A")*8+($T34:$Z34="J")*5+($T34:$Z34="CEP")*4+($T34:$Z34="CP")*6+($T34:$Z34="CRO")*6+($T34:$Z34="M+")*6+($T34:$Z34="T+")*6+($T34:$Z34="D+")*12+($T34:$Z34="N+")*12+($T34:$Z34="Dm+")*12+($T34:$Z34="Dt+")*12+($T34:$Z34="Tm-")*6+($T34:$Z34="Mt-")*6) | AY34: =AX34-MAX(0,IFERROR(INDEX(CADASTRO!$I$4:$I$80,MATCH($A34,CADASTRO!$A$4:$A$80,0)),$B34)-CONFIG!$B$50*(COUNTIF($T34:$Z34,"AB")+COUNTIF($T34:$Z34,"FE")+COUNTIF($T34:$Z34,"LM"))) | AZ34: =SUMPRODUCT(($AA34:$AG34="M")*6+($AA34:$AG34="T")*6+($AA34:$AG34="D")*12+($AA34:$AG34="N")*12+($AA34:$AG34="NT")*6+($AA34:$AG34="C")*10+($AA34:$AG34="A")*8+($AA34:$AG34="J")*5+($AA34:$AG34="CEP")*4+($AA34:$AG34="CP")*6+($AA34:$AG34="CRO")*6+($AA34:$AG34="M+")*6+($AA34:$AG34="T+")*6+($AA34:$AG34="D+")*12+($AA34:$AG34="N+")*12+($AA34:$AG34="Dm+")*12+($AA34:$AG34="Dt+")*12+($AA34:$AG34="Tm-")*6+($AA34:$AG34="Mt-")*6) | BA34: =AZ34-MAX(0,IFERROR(INDEX(CADASTRO!$I$4:$I$80,MATCH($A34,CADASTRO!$A$4:$A$80,0)),$B34)-CONFIG!$B$50*(COUNTIF($AA34:$AG34,"AB")+COUNTIF($AA34:$AG34,"FE")+COUNTIF($AA34:$AG34,"LM"))) | BB34: =SUMPRODUCT(($AH34:$AM34="M")*6+($AH34:$AM34="T")*6+($AH34:$AM34="D")*12+($AH34:$AM34="N")*12+($AH34:$AM34="NT")*6+($AH34:$AM34="C")*10+($AH34:$AM34="A")*8+($AH34:$AM34="J")*5+($AH34:$AM34="CEP")*4+($AH34:$AM34="CP")*6+($AH34:$AM34="CRO")*6+($AH34:$AM34="M+")*6+($AH34:$AM34="T+")*6+($AH34:$AM34="D+")*12+($AH34:$AM34="N+")*12+($AH34:$AM34="Dm+")*12+($AH34:$AM34="Dt+")*12+($AH34:$AM34="Tm-")*6+($AH34:$AM34="Mt-")*6)+SUMPRODUCT(($AN34:$AN34="M")*6+($AN34:$AN34="T")*6+($AN34:$AN34="D")*12+($AN34:$AN34="N")*12+($AN34:$AN34="NT")*6+($AN34:$AN34="C")*10+($AN34:$AN34="A")*8+($AN34:$AN34="J")*5+($AN34:$AN34="CEP")*4+($AN34:$AN34="CP")*6+($AN34:$AN34="CRO")*6+($AN34:$AN34="M+")*6+($AN34:$AN34="T+")*6+($AN34:$AN34="D+")*12+($AN34:$AN34="N+")*12+($AN34:$AN34="Dm+")*12+($AN34:$AN34="Dt+")*12+($AN34:$AN34="Tm-")*6+($AN34:$AN34="Mt-")*6) | BC34: =BB34-MAX(0,IFERROR(INDEX(CADASTRO!$I$4:$I$80,MATCH($A34,CADASTRO!$A$4:$A$80,0)),$B34)-CONFIG!$B$50*(COUNTIF($AH34:$AM34,"AB")+COUNTIF($AH34:$AM34,"FE")+COUNTIF($AH34:$AM34,"LM")+COUNTIF($AN34:$AN34,"AB")+COUNTIF($AN34:$AN34,"FE")+COUNTIF($AN34:$AN34,"LM"))) | BF34: =SUMPRODUCT(($I34:$AM34="M")*6+($I34:$AM34="T")*6+($I34:$AM34="D")*12+($I34:$AM34="N")*12+($I34:$AM34="NT")*6+($I34:$AM34="C")*10+($I34:$AM34="A")*8+($I34:$AM34="J")*5+($I34:$AM34="CEP")*4+($I34:$AM34="CP")*6+($I34:$AM34="CRO")*6+($I34:$AM34="M+")*6+($I34:$AM34="T+")*6+($I34:$AM34="D+")*12+($I34:$AM34="N+")*12+($I34:$AM34="Dm+")*12+($I34:$AM34="Dt+")*12+($I34:$AM34="Tm-")*6+($I34:$AM34="Mt-")*6) | BG34: =SUMPRODUCT($I$4:$AM$4,($I34:$AM34="M")*6+($I34:$AM34="T")*6+($I34:$AM34="D")*12+($I34:$AM34="N")*12+($I34:$AM34="NT")*6+($I34:$AM34="C")*10+($I34:$AM34="A")*8+($I34:$AM34="J")*5+($I34:$AM34="CEP")*4+($I34:$AM34="CP")*6+($I34:$AM34="CRO")*6+($I34:$AM34="M+")*6+($I34:$AM34="T+")*6+($I34:$AM34="D+")*12+($I34:$AM34="N+")*12+($I34:$AM34="Dm+")*12+($I34:$AM34="Dt+")*12+($I34:$AM34="Tm-")*6+($I34:$AM34="Mt-")*6) | BH34: =SUMPRODUCT($I$5:$AM$5,(($I34:$AM34="N")+($I34:$AM34="N+"))) | BI34: =SUMPRODUCT($I$6:$AM$6,($I34:$AM34="M")*6+($I34:$AM34="T")*6+($I34:$AM34="D")*12+($I34:$AM34="N")*12+($I34:$AM34="NT")*6+($I34:$AM34="C")*10+($I34:$AM34="A")*8+($I34:$AM34="J")*5+($I34:$AM34="CEP")*4+($I34:$AM34="CP")*6+($I34:$AM34="CRO")*6+($I34:$AM34="M+")*6+($I34:$AM34="T+")*6+($I34:$AM34="D+")*12+($I34:$AM34="N+")*12+($I34:$AM34="Dm+")*12+($I34:$AM34="Dt+")*12+($I34:$AM34="Tm-")*6+($I34:$AM34="Mt-")*6) | BJ34: =ROUND(B34*4.43,0) | BK34: =BF34-BJ34 | BL34: =SUMPRODUCT((($C34:$AL34="N")+($C34:$AL34="N+"))*(($D34:$AM34="M")+($D34:$AM34="D")+($D34:$AM34="C")+($D34:$AM34="CEP")+($D34:$AM34="M+")+($D34:$AM34="D+")+($D34:$AM34="Dm+")+($D34:$AM34="Dt+")+($D34:$AM34="Mt-"))) | BM34: =SUMPRODUCT((($C34:$AL34="N")+($C34:$AL34="N+"))*(($D34:$AM34="T")+($D34:$AM34="T+")+($D34:$AM34="Tm-"))) | BN34: =IFERROR(INDEX(CONFIG!$B$44:$D$46,MATCH($B34,CONFIG!$A$44:$A$46,0),IF(COUNTIF($I34:$AM34,"FE")>=10,1,IF(COUNTIF($I34:$AM34,"FE")>=1,2,3))),"") | BO34: =IF(BN34="","",MAX(0,BG34-BN34*CONFIG!$E$44)) | BP34: =MAX(AT34,AV34,AX34,AZ34,BB34,BD34) | BQ34: 3 · staff | BR34: 7
A35: Raylander | B35: 30 | L35: D | M35: N | O35: D | R35: M | U35: M | W35: N | Y35: N | AA35: N | AC35: T | AE35: N | AH35: N | AI35: M | AK35: N | AN35: =IFERROR(INDEX(FEV!I$8:I$73,MATCH($A35,FEV!$A$8:$A$73,0))&"","") | AT35: =SUMPRODUCT(($F35:$L35="M")*6+($F35:$L35="T")*6+($F35:$L35="D")*12+($F35:$L35="N")*12+($F35:$L35="NT")*6+($F35:$L35="C")*10+($F35:$L35="A")*8+($F35:$L35="J")*5+($F35:$L35="CEP")*4+($F35:$L35="CP")*6+($F35:$L35="CRO")*6+($F35:$L35="M+")*6+($F35:$L35="T+")*6+($F35:$L35="D+")*12+($F35:$L35="N+")*12+($F35:$L35="Dm+")*12+($F35:$L35="Dt+")*12+($F35:$L35="Tm-")*6+($F35:$L35="Mt-")*6) | AU35: =AT35-MAX(0,IFERROR(INDEX(CADASTRO!$I$4:$I$80,MATCH($A35,CADASTRO!$A$4:$A$80,0)),$B35)-CONFIG!$B$50*(COUNTIF($F35:$L35,"AB")+COUNTIF($F35:$L35,"FE")+COUNTIF($F35:$L35,"LM"))) | AV35: =SUMPRODUCT(($M35:$S35="M")*6+($M35:$S35="T")*6+($M35:$S35="D")*12+($M35:$S35="N")*12+($M35:$S35="NT")*6+($M35:$S35="C")*10+($M35:$S35="A")*8+($M35:$S35="J")*5+($M35:$S35="CEP")*4+($M35:$S35="CP")*6+($M35:$S35="CRO")*6+($M35:$S35="M+")*6+($M35:$S35="T+")*6+($M35:$S35="D+")*12+($M35:$S35="N+")*12+($M35:$S35="Dm+")*12+($M35:$S35="Dt+")*12+($M35:$S35="Tm-")*6+($M35:$S35="Mt-")*6) | AW35: =AV35-MAX(0,IFERROR(INDEX(CADASTRO!$I$4:$I$80,MATCH($A35,CADASTRO!$A$4:$A$80,0)),$B35)-CONFIG!$B$50*(COUNTIF($M35:$S35,"AB")+COUNTIF($M35:$S35,"FE")+COUNTIF($M35:$S35,"LM"))) | AX35: =SUMPRODUCT(($T35:$Z35="M")*6+($T35:$Z35="T")*6+($T35:$Z35="D")*12+($T35:$Z35="N")*12+($T35:$Z35="NT")*6+($T35:$Z35="C")*10+($T35:$Z35="A")*8+($T35:$Z35="J")*5+($T35:$Z35="CEP")*4+($T35:$Z35="CP")*6+($T35:$Z35="CRO")*6+($T35:$Z35="M+")*6+($T35:$Z35="T+")*6+($T35:$Z35="D+")*12+($T35:$Z35="N+")*12+($T35:$Z35="Dm+")*12+($T35:$Z35="Dt+")*12+($T35:$Z35="Tm-")*6+($T35:$Z35="Mt-")*6) | AY35: =AX35-MAX(0,IFERROR(INDEX(CADASTRO!$I$4:$I$80,MATCH($A35,CADASTRO!$A$4:$A$80,0)),$B35)-CONFIG!$B$50*(COUNTIF($T35:$Z35,"AB")+COUNTIF($T35:$Z35,"FE")+COUNTIF($T35:$Z35,"LM"))) | AZ35: =SUMPRODUCT(($AA35:$AG35="M")*6+($AA35:$AG35="T")*6+($AA35:$AG35="D")*12+($AA35:$AG35="N")*12+($AA35:$AG35="NT")*6+($AA35:$AG35="C")*10+($AA35:$AG35="A")*8+($AA35:$AG35="J")*5+($AA35:$AG35="CEP")*4+($AA35:$AG35="CP")*6+($AA35:$AG35="CRO")*6+($AA35:$AG35="M+")*6+($AA35:$AG35="T+")*6+($AA35:$AG35="D+")*12+($AA35:$AG35="N+")*12+($AA35:$AG35="Dm+")*12+($AA35:$AG35="Dt+")*12+($AA35:$AG35="Tm-")*6+($AA35:$AG35="Mt-")*6) | BA35: =AZ35-MAX(0,IFERROR(INDEX(CADASTRO!$I$4:$I$80,MATCH($A35,CADASTRO!$A$4:$A$80,0)),$B35)-CONFIG!$B$50*(COUNTIF($AA35:$AG35,"AB")+COUNTIF($AA35:$AG35,"FE")+COUNTIF($AA35:$AG35,"LM"))) | BB35: =SUMPRODUCT(($AH35:$AM35="M")*6+($AH35:$AM35="T")*6+($AH35:$AM35="D")*12+($AH35:$AM35="N")*12+($AH35:$AM35="NT")*6+($AH35:$AM35="C")*10+($AH35:$AM35="A")*8+($AH35:$AM35="J")*5+($AH35:$AM35="CEP")*4+($AH35:$AM35="CP")*6+($AH35:$AM35="CRO")*6+($AH35:$AM35="M+")*6+($AH35:$AM35="T+")*6+($AH35:$AM35="D+")*12+($AH35:$AM35="N+")*12+($AH35:$AM35="Dm+")*12+($AH35:$AM35="Dt+")*12+($AH35:$AM35="Tm-")*6+($AH35:$AM35="Mt-")*6)+SUMPRODUCT(($AN35:$AN35="M")*6+($AN35:$AN35="T")*6+($AN35:$AN35="D")*12+($AN35:$AN35="N")*12+($AN35:$AN35="NT")*6+($AN35:$AN35="C")*10+($AN35:$AN35="A")*8+($AN35:$AN35="J")*5+($AN35:$AN35="CEP")*4+($AN35:$AN35="CP")*6+($AN35:$AN35="CRO")*6+($AN35:$AN35="M+")*6+($AN35:$AN35="T+")*6+($AN35:$AN35="D+")*12+($AN35:$AN35="N+")*12+($AN35:$AN35="Dm+")*12+($AN35:$AN35="Dt+")*12+($AN35:$AN35="Tm-")*6+($AN35:$AN35="Mt-")*6) | BC35: =BB35-MAX(0,IFERROR(INDEX(CADASTRO!$I$4:$I$80,MATCH($A35,CADASTRO!$A$4:$A$80,0)),$B35)-CONFIG!$B$50*(COUNTIF($AH35:$AM35,"AB")+COUNTIF($AH35:$AM35,"FE")+COUNTIF($AH35:$AM35,"LM")+COUNTIF($AN35:$AN35,"AB")+COUNTIF($AN35:$AN35,"FE")+COUNTIF($AN35:$AN35,"LM"))) | BF35: =SUMPRODUCT(($I35:$AM35="M")*6+($I35:$AM35="T")*6+($I35:$AM35="D")*12+($I35:$AM35="N")*12+($I35:$AM35="NT")*6+($I35:$AM35="C")*10+($I35:$AM35="A")*8+($I35:$AM35="J")*5+($I35:$AM35="CEP")*4+($I35:$AM35="CP")*6+($I35:$AM35="CRO")*6+($I35:$AM35="M+")*6+($I35:$AM35="T+")*6+($I35:$AM35="D+")*12+($I35:$AM35="N+")*12+($I35:$AM35="Dm+")*12+($I35:$AM35="Dt+")*12+($I35:$AM35="Tm-")*6+($I35:$AM35="Mt-")*6) | BG35: =SUMPRODUCT($I$4:$AM$4,($I35:$AM35="M")*6+($I35:$AM35="T")*6+($I35:$AM35="D")*12+($I35:$AM35="N")*12+($I35:$AM35="NT")*6+($I35:$AM35="C")*10+($I35:$AM35="A")*8+($I35:$AM35="J")*5+($I35:$AM35="CEP")*4+($I35:$AM35="CP")*6+($I35:$AM35="CRO")*6+($I35:$AM35="M+")*6+($I35:$AM35="T+")*6+($I35:$AM35="D+")*12+($I35:$AM35="N+")*12+($I35:$AM35="Dm+")*12+($I35:$AM35="Dt+")*12+($I35:$AM35="Tm-")*6+($I35:$AM35="Mt-")*6) | BH35: =SUMPRODUCT($I$5:$AM$5,(($I35:$AM35="N")+($I35:$AM35="N+"))) | BI35: =SUMPRODUCT($I$6:$AM$6,($I35:$AM35="M")*6+($I35:$AM35="T")*6+($I35:$AM35="D")*12+($I35:$AM35="N")*12+($I35:$AM35="NT")*6+($I35:$AM35="C")*10+($I35:$AM35="A")*8+($I35:$AM35="J")*5+($I35:$AM35="CEP")*4+($I35:$AM35="CP")*6+($I35:$AM35="CRO")*6+($I35:$AM35="M+")*6+($I35:$AM35="T+")*6+($I35:$AM35="D+")*12+($I35:$AM35="N+")*12+($I35:$AM35="Dm+")*12+($I35:$AM35="Dt+")*12+($I35:$AM35="Tm-")*6+($I35:$AM35="Mt-")*6) | BJ35: =ROUND(B35*4.43,0) | BK35: =BF35-BJ35 | BL35: =SUMPRODUCT((($C35:$AL35="N")+($C35:$AL35="N+"))*(($D35:$AM35="M")+($D35:$AM35="D")+($D35:$AM35="C")+($D35:$AM35="CEP")+($D35:$AM35="M+")+($D35:$AM35="D+")+($D35:$AM35="Dm+")+($D35:$AM35="Dt+")+($D35:$AM35="Mt-"))) | BM35: =SUMPRODUCT((($C35:$AL35="N")+($C35:$AL35="N+"))*(($D35:$AM35="T")+($D35:$AM35="T+")+($D35:$AM35="Tm-"))) | BN35: =IFERROR(INDEX(CONFIG!$B$44:$D$46,MATCH($B35,CONFIG!$A$44:$A$46,0),IF(COUNTIF($I35:$AM35,"FE")>=10,1,IF(COUNTIF($I35:$AM35,"FE")>=1,2,3))),"") | BO35: =IF(BN35="","",MAX(0,BG35-BN35*CONFIG!$E$44)) | BP35: =MAX(AT35,AV35,AX35,AZ35,BB35,BD35) | BQ35: 3 · staff | BR35: 7
A36: Ricardo | B36: 30 | J36: D+ | K36: T | L36: T | N36: N | P36: M | Q36: D | U36: NT | X36: M | Y36: D | Z36: M | AB36: N | AD36: M | AE36: D | AH36: M | AI36: N | AL36: D | AN36: =IFERROR(INDEX(FEV!I$8:I$73,MATCH($A36,FEV!$A$8:$A$73,0))&"","") | AT36: =SUMPRODUCT(($F36:$L36="M")*6+($F36:$L36="T")*6+($F36:$L36="D")*12+($F36:$L36="N")*12+($F36:$L36="NT")*6+($F36:$L36="C")*10+($F36:$L36="A")*8+($F36:$L36="J")*5+($F36:$L36="CEP")*4+($F36:$L36="CP")*6+($F36:$L36="CRO")*6+($F36:$L36="M+")*6+($F36:$L36="T+")*6+($F36:$L36="D+")*12+($F36:$L36="N+")*12+($F36:$L36="Dm+")*12+($F36:$L36="Dt+")*12+($F36:$L36="Tm-")*6+($F36:$L36="Mt-")*6) | AU36: =AT36-MAX(0,IFERROR(INDEX(CADASTRO!$I$4:$I$80,MATCH($A36,CADASTRO!$A$4:$A$80,0)),$B36)-CONFIG!$B$50*(COUNTIF($F36:$L36,"AB")+COUNTIF($F36:$L36,"FE")+COUNTIF($F36:$L36,"LM"))) | AV36: =SUMPRODUCT(($M36:$S36="M")*6+($M36:$S36="T")*6+($M36:$S36="D")*12+($M36:$S36="N")*12+($M36:$S36="NT")*6+($M36:$S36="C")*10+($M36:$S36="A")*8+($M36:$S36="J")*5+($M36:$S36="CEP")*4+($M36:$S36="CP")*6+($M36:$S36="CRO")*6+($M36:$S36="M+")*6+($M36:$S36="T+")*6+($M36:$S36="D+")*12+($M36:$S36="N+")*12+($M36:$S36="Dm+")*12+($M36:$S36="Dt+")*12+($M36:$S36="Tm-")*6+($M36:$S36="Mt-")*6) | AW36: =AV36-MAX(0,IFERROR(INDEX(CADASTRO!$I$4:$I$80,MATCH($A36,CADASTRO!$A$4:$A$80,0)),$B36)-CONFIG!$B$50*(COUNTIF($M36:$S36,"AB")+COUNTIF($M36:$S36,"FE")+COUNTIF($M36:$S36,"LM"))) | AX36: =SUMPRODUCT(($T36:$Z36="M")*6+($T36:$Z36="T")*6+($T36:$Z36="D")*12+($T36:$Z36="N")*12+($T36:$Z36="NT")*6+($T36:$Z36="C")*10+($T36:$Z36="A")*8+($T36:$Z36="J")*5+($T36:$Z36="CEP")*4+($T36:$Z36="CP")*6+($T36:$Z36="CRO")*6+($T36:$Z36="M+")*6+($T36:$Z36="T+")*6+($T36:$Z36="D+")*12+($T36:$Z36="N+")*12+($T36:$Z36="Dm+")*12+($T36:$Z36="Dt+")*12+($T36:$Z36="Tm-")*6+($T36:$Z36="Mt-")*6) | AY36: =AX36-MAX(0,IFERROR(INDEX(CADASTRO!$I$4:$I$80,MATCH($A36,CADASTRO!$A$4:$A$80,0)),$B36)-CONFIG!$B$50*(COUNTIF($T36:$Z36,"AB")+COUNTIF($T36:$Z36,"FE")+COUNTIF($T36:$Z36,"LM"))) | AZ36: =SUMPRODUCT(($AA36:$AG36="M")*6+($AA36:$AG36="T")*6+($AA36:$AG36="D")*12+($AA36:$AG36="N")*12+($AA36:$AG36="NT")*6+($AA36:$AG36="C")*10+($AA36:$AG36="A")*8+($AA36:$AG36="J")*5+($AA36:$AG36="CEP")*4+($AA36:$AG36="CP")*6+($AA36:$AG36="CRO")*6+($AA36:$AG36="M+")*6+($AA36:$AG36="T+")*6+($AA36:$AG36="D+")*12+($AA36:$AG36="N+")*12+($AA36:$AG36="Dm+")*12+($AA36:$AG36="Dt+")*12+($AA36:$AG36="Tm-")*6+($AA36:$AG36="Mt-")*6) | BA36: =AZ36-MAX(0,IFERROR(INDEX(CADASTRO!$I$4:$I$80,MATCH($A36,CADASTRO!$A$4:$A$80,0)),$B36)-CONFIG!$B$50*(COUNTIF($AA36:$AG36,"AB")+COUNTIF($AA36:$AG36,"FE")+COUNTIF($AA36:$AG36,"LM"))) | BB36: =SUMPRODUCT(($AH36:$AM36="M")*6+($AH36:$AM36="T")*6+($AH36:$AM36="D")*12+($AH36:$AM36="N")*12+($AH36:$AM36="NT")*6+($AH36:$AM36="C")*10+($AH36:$AM36="A")*8+($AH36:$AM36="J")*5+($AH36:$AM36="CEP")*4+($AH36:$AM36="CP")*6+($AH36:$AM36="CRO")*6+($AH36:$AM36="M+")*6+($AH36:$AM36="T+")*6+($AH36:$AM36="D+")*12+($AH36:$AM36="N+")*12+($AH36:$AM36="Dm+")*12+($AH36:$AM36="Dt+")*12+($AH36:$AM36="Tm-")*6+($AH36:$AM36="Mt-")*6)+SUMPRODUCT(($AN36:$AN36="M")*6+($AN36:$AN36="T")*6+($AN36:$AN36="D")*12+($AN36:$AN36="N")*12+($AN36:$AN36="NT")*6+($AN36:$AN36="C")*10+($AN36:$AN36="A")*8+($AN36:$AN36="J")*5+($AN36:$AN36="CEP")*4+($AN36:$AN36="CP")*6+($AN36:$AN36="CRO")*6+($AN36:$AN36="M+")*6+($AN36:$AN36="T+")*6+($AN36:$AN36="D+")*12+($AN36:$AN36="N+")*12+($AN36:$AN36="Dm+")*12+($AN36:$AN36="Dt+")*12+($AN36:$AN36="Tm-")*6+($AN36:$AN36="Mt-")*6) | BC36: =BB36-MAX(0,IFERROR(INDEX(CADASTRO!$I$4:$I$80,MATCH($A36,CADASTRO!$A$4:$A$80,0)),$B36)-CONFIG!$B$50*(COUNTIF($AH36:$AM36,"AB")+COUNTIF($AH36:$AM36,"FE")+COUNTIF($AH36:$AM36,"LM")+COUNTIF($AN36:$AN36,"AB")+COUNTIF($AN36:$AN36,"FE")+COUNTIF($AN36:$AN36,"LM"))) | BF36: =SUMPRODUCT(($I36:$AM36="M")*6+($I36:$AM36="T")*6+($I36:$AM36="D")*12+($I36:$AM36="N")*12+($I36:$AM36="NT")*6+($I36:$AM36="C")*10+($I36:$AM36="A")*8+($I36:$AM36="J")*5+($I36:$AM36="CEP")*4+($I36:$AM36="CP")*6+($I36:$AM36="CRO")*6+($I36:$AM36="M+")*6+($I36:$AM36="T+")*6+($I36:$AM36="D+")*12+($I36:$AM36="N+")*12+($I36:$AM36="Dm+")*12+($I36:$AM36="Dt+")*12+($I36:$AM36="Tm-")*6+($I36:$AM36="Mt-")*6) | BG36: =SUMPRODUCT($I$4:$AM$4,($I36:$AM36="M")*6+($I36:$AM36="T")*6+($I36:$AM36="D")*12+($I36:$AM36="N")*12+($I36:$AM36="NT")*6+($I36:$AM36="C")*10+($I36:$AM36="A")*8+($I36:$AM36="J")*5+($I36:$AM36="CEP")*4+($I36:$AM36="CP")*6+($I36:$AM36="CRO")*6+($I36:$AM36="M+")*6+($I36:$AM36="T+")*6+($I36:$AM36="D+")*12+($I36:$AM36="N+")*12+($I36:$AM36="Dm+")*12+($I36:$AM36="Dt+")*12+($I36:$AM36="Tm-")*6+($I36:$AM36="Mt-")*6) | BH36: =SUMPRODUCT($I$5:$AM$5,(($I36:$AM36="N")+($I36:$AM36="N+"))) | BI36: =SUMPRODUCT($I$6:$AM$6,($I36:$AM36="M")*6+($I36:$AM36="T")*6+($I36:$AM36="D")*12+($I36:$AM36="N")*12+($I36:$AM36="NT")*6+($I36:$AM36="C")*10+($I36:$AM36="A")*8+($I36:$AM36="J")*5+($I36:$AM36="CEP")*4+($I36:$AM36="CP")*6+($I36:$AM36="CRO")*6+($I36:$AM36="M+")*6+($I36:$AM36="T+")*6+($I36:$AM36="D+")*12+($I36:$AM36="N+")*12+($I36:$AM36="Dm+")*12+($I36:$AM36="Dt+")*12+($I36:$AM36="Tm-")*6+($I36:$AM36="Mt-")*6) | BJ36: =ROUND(B36*4.43,0) | BK36: =BF36-BJ36 | BL36: =SUMPRODUCT((($C36:$AL36="N")+($C36:$AL36="N+"))*(($D36:$AM36="M")+($D36:$AM36="D")+($D36:$AM36="C")+($D36:$AM36="CEP")+($D36:$AM36="M+")+($D36:$AM36="D+")+($D36:$AM36="Dm+")+($D36:$AM36="Dt+")+($D36:$AM36="Mt-"))) | BM36: =SUMPRODUCT((($C36:$AL36="N")+($C36:$AL36="N+"))*(($D36:$AM36="T")+($D36:$AM36="T+")+($D36:$AM36="Tm-"))) | BN36: =IFERROR(INDEX(CONFIG!$B$44:$D$46,MATCH($B36,CONFIG!$A$44:$A$46,0),IF(COUNTIF($I36:$AM36,"FE")>=10,1,IF(COUNTIF($I36:$AM36,"FE")>=1,2,3))),"") | BO36: =IF(BN36="","",MAX(0,BG36-BN36*CONFIG!$E$44)) | BP36: =MAX(AT36,AV36,AX36,AZ36,BB36,BD36) | BQ36: 3 · staff | BR36: 7
